"RECNUM","AdoptMomAge","AdoptDadAge","ADPFAMST","MomRace","DadRace","Transracial"
"10115515140",33,33,1,1,1,0
"10185923110",45,54,1,1,1,1
"10199738080",36,45,1,1,1,0
"10206906020",41,44,1,1,1,9
"10286352150",32,32,1,1,1,9
"10291477140",43,39,1,1,1,9
"10291478120",43,39,1,1,1,9
"10302822130",60,65,1,1,1,0
"10330723240",50,52,1,1,1,9
"10614847090",47,42,1,1,1,0
"10617944030",32,29,1,1,1,9
"10698877230",NA,NA,NA,99,99,9
"10835477240",42,39,1,1,1,9
"10861672080",38,36,1,1,1,9
"12204218080",38,43,1,1,1,0
"12204384010",49,NA,3,2,99,9
"12209504080",50,55,1,7,99,9
"12211837170",26,32,1,1,1,9
"12212759200",42,48,1,1,1,9
"12216673140",60,63,1,1,1,9
"12216901220",46,42,1,7,7,2
"12219536050",40,30,2,1,1,0
"12222439200",44,34,1,2,2,0
"12223880160",39,49,1,1,1,0
"12225039010",64,55,1,2,2,0
"12228044060",51,53,1,1,1,0
"12228543160",58,55,1,1,1,0
"12231388170",52,43,1,1,1,0
"12240120110",56,60,2,1,2,9
"12241623180",45,NA,3,1,99,0
"12244960020",27,NA,3,2,99,0
"12245629110",40,43,1,1,1,0
"12248980250",38,30,1,1,1,0
"12248993150",34,37,1,1,1,1
"12252116060",49,51,1,1,1,0
"12258639190",36,30,1,1,1,0
"12258751190",51,51,1,1,1,1
"12262631050",38,NA,3,2,99,0
"12266345240",38,34,1,1,1,0
"12267089060",34,35,1,1,1,0
"12274307130",55,53,1,1,1,0
"12276175190",32,28,1,1,1,9
"12277593130",28,53,2,1,7,0
"12277594110",28,53,2,1,7,0
"12279057030",55,52,1,1,1,9
"12285210030",43,47,1,1,1,0
"12285795160",59,53,1,1,1,0
"12288970160",37,32,1,2,2,2
"12289439150",36,36,1,1,1,0
"12292194130",31,NA,3,1,99,9
"12293705030",45,NA,4,1,99,0
"12294844140",40,42,1,7,7,0
"12297576200",49,51,1,1,1,9
"12301187210",66,71,1,4,4,0
"12303909220",30,32,1,1,1,1
"12313142030",48,NA,3,2,99,0
"12313228170",35,38,1,1,1,1
"12315269130",24,25,2,1,1,0
"12316112160",50,NA,3,1,99,0
"12317720210",47,NA,3,5,99,2
"12328643130",43,44,1,1,1,0
"12331519080",32,34,1,1,1,1
"12334698150",30,NA,3,1,99,0
"12336558050",48,36,1,2,2,0
"12337770030",56,NA,3,2,99,0
"12344511140",43,43,1,1,1,0
"12351216210",35,35,1,1,1,0
"12352457170",44,NA,3,1,99,9
"12353009260",29,30,2,1,1,0
"12354282220",38,49,1,1,1,0
"12355251200",35,38,1,1,1,0
"12355803110",32,30,1,1,1,0
"12356646120",47,42,1,1,1,0
"12357903170",47,44,1,1,1,0
"12359540050",48,49,1,1,1,1
"12361085250",38,43,1,1,1,0
"12364118140",49,47,1,1,1,9
"12379075050",43,36,1,7,1,0
"12386969160",50,50,1,2,2,2
"12423436200",40,NA,3,1,99,9
"12452751090",39,39,1,1,1,0
"12467393250",42,53,1,1,1,0
"12477870130",44,NA,3,1,99,1
"12479978260",40,40,1,1,1,0
"12528239240",33,36,1,1,7,0
"12534938250",35,37,1,1,1,0
"12574601160",43,44,1,1,1,0
"12582006060",35,NA,4,7,99,9
"12597536020",58,50,1,1,1,0
"12612275110",46,49,1,1,2,0
"12629142060",49,56,1,1,1,1
"12653048010",NA,NA,NA,99,99,9
"12662517060",43,52,1,7,7,2
"12677154090",45,50,1,1,1,0
"12677155060",45,50,1,1,1,0
"12698447190",49,45,1,3,3,2
"240841000000",63,NA,3,1,99,0
"241151000000",66,NA,3,1,99,0
"241165000000",NA,NA,NA,99,99,9
"241625000000",49,NA,3,2,99,0
"241660000000",54,51,1,1,7,3
"241694000000",57,67,1,1,1,0
"241706000000",40,39,1,1,1,0
"241734000000",46,47,1,5,1,3
"241800000000",39,41,1,1,3,0
"241824000000",39,42,1,1,1,0
"241832000000",57,58,2,99,99,9
"241839000000",61,58,1,1,1,0
"241881000000",45,NA,3,7,99,3
"241884000000",58,NA,3,2,99,0
"241903000000",53,NA,3,1,99,0
"241918000000",43,NA,4,1,99,9
"241919000000",47,48,1,1,1,0
"241927000000",80,NA,3,2,99,2
"241954000000",54,NA,3,2,99,3
"241959000000",38,NA,4,1,99,0
"241968000000",55,NA,3,99,99,9
"241979000000",64,NA,3,7,99,0
"242048000000",53,NA,3,2,99,0
"242052000000",57,NA,3,1,99,0
"242059000000",46,47,1,1,1,1
"242070000000",55,NA,3,99,99,9
"242070000000",76,NA,3,2,99,9
"242086000000",60,58,1,1,1,0
"242089000000",41,NA,3,1,99,0
"242125000000",51,NA,3,2,99,0
"242133000000",54,54,1,1,1,0
"242135000000",39,NA,3,2,99,0
"242139000000",53,55,1,1,1,0
"242146000000",43,38,1,1,1,0
"242147000000",64,NA,3,2,99,0
"242162000000",52,NA,4,1,99,0
"242173000000",44,44,1,1,1,0
"250100000000",66,NA,4,1,99,0
"250103000000",51,NA,3,2,99,0
"250106000000",58,68,1,1,1,0
"250115000000",52,48,1,1,1,0
"250135000000",41,60,1,2,2,3
"250143000000",51,NA,3,2,99,0
"250151000000",47,NA,3,1,99,0
"250162000000",43,NA,3,2,99,0
"250164000000",64,67,1,1,1,9
"250178000000",56,57,1,1,1,0
"250179000000",45,46,1,1,1,0
"250179000000",39,41,1,1,3,0
"250179000000",55,NA,3,2,99,0
"250186000000",64,64,1,1,1,0
"250195000000",37,NA,3,2,99,0
"250200000000",44,44,1,1,1,9
"250209000000",40,NA,3,1,99,0
"250239000000",60,NA,4,2,99,9
"250239000000",56,NA,3,1,99,0
"250257000000",68,66,2,1,1,0
"250262000000",53,NA,3,2,99,0
"250268000000",66,NA,3,2,99,3
"250268000000",66,NA,3,2,99,3
"250268000000",66,NA,3,2,99,3
"250272000000",60,NA,3,2,99,0
"250279000000",67,71,1,2,2,0
"250287000000",47,45,1,1,1,0
"250302000000",33,NA,3,2,99,0
"250328000000",44,NA,3,2,99,0
"250332000000",45,48,1,1,1,0
"250344000000",67,NA,3,7,99,3
"250374000000",62,NA,3,2,99,9
"250380000000",46,42,1,1,1,0
"250394000000",45,NA,4,2,99,0
"250396000000",44,NA,3,2,99,0
"250505000000",56,63,1,1,1,9
"250508000000",31,NA,3,2,99,0
"250513000000",42,44,1,1,1,0
"250520000000",65,64,1,2,2,2
"250524000000",47,48,1,2,2,0
"250527000000",52,NA,3,2,99,3
"250531000000",52,NA,3,7,99,3
"250531000000",52,NA,3,7,99,3
"250549000000",74,52,1,1,1,0
"250556000000",67,NA,3,1,99,0
"250567000000",49,51,1,7,7,0
"250591000000",63,NA,3,1,99,1
"250596000000",54,51,1,1,1,0
"250598000000",49,NA,3,1,99,0
"250603000000",38,36,1,2,2,2
"250613000000",45,52,1,1,1,0
"250620000000",41,46,1,1,1,0
"250620000000",62,NA,3,7,99,3
"250637000000",69,71,1,1,1,0
"250643000000",53,NA,3,2,99,0
"250647000000",53,NA,3,2,99,0
"250647000000",47,50,1,7,7,0
"250650000000",60,NA,3,2,99,0
"250661000000",51,NA,3,1,99,0
"250664000000",53,NA,3,1,99,0
"250670000000",59,57,1,1,1,0
"250681000000",38,NA,3,2,99,9
"250693000000",58,60,1,2,2,3
"250694000000",45,45,1,1,1,0
"250809000000",59,NA,3,2,99,0
"250820000000",60,NA,3,2,99,3
"250823000000",48,NA,3,7,99,0
"250834000000",43,43,1,1,1,0
"250838000000",53,NA,3,2,99,0
"250843000000",54,51,1,1,1,0
"250850000000",38,NA,3,2,99,9
"250855000000",46,47,1,2,2,0
"250856000000",55,55,1,1,1,0
"250871000000",69,70,1,1,1,0
"250872000000",49,NA,3,1,99,0
"250876000000",49,45,1,1,1,1
"250878000000",42,NA,3,2,99,2
"250899000000",62,60,1,2,2,3
"250916000000",44,44,1,1,1,9
"250918000000",47,NA,4,7,99,0
"250918000000",31,NA,3,2,99,0
"250918000000",31,NA,3,2,99,0
"250945000000",NA,NA,NA,99,99,9
"250951000000",52,43,1,7,7,2
"250952000000",55,56,1,2,2,3
"250956000000",41,41,1,7,7,0
"250956000000",40,41,1,7,7,0
"250959000000",40,NA,3,5,99,2
"250965000000",63,NA,3,1,99,0
"250984000000",45,NA,3,2,99,0
"250990000000",74,52,1,1,1,0
"250996000000",58,60,1,2,2,3
"251101000000",71,65,1,1,1,1
"251121000000",78,NA,3,7,99,2
"251140000000",55,NA,3,2,99,3
"251142000000",65,NA,3,1,99,0
"251147000000",41,NA,3,2,99,0
"251149000000",50,NA,3,7,99,3
"251151000000",51,NA,3,2,99,0
"251151000000",51,NA,3,2,99,0
"251158000000",51,62,2,7,7,2
"251193000000",44,49,1,1,1,0
"251199000000",66,NA,3,7,99,0
"251204000000",34,NA,3,1,99,0
"251210000000",57,NA,3,2,99,0
"251223000000",67,NA,3,2,99,3
"251225000000",44,44,1,1,1,0
"251236000000",53,NA,3,2,99,0
"251237000000",41,46,1,1,1,0
"251242000000",73,70,1,1,1,0
"251244000000",34,36,1,1,1,1
"251251000000",43,NA,3,2,99,0
"251253000000",78,NA,3,7,99,0
"251261000000",60,NA,3,2,99,9
"251264000000",68,66,2,1,1,1
"251270000000",32,NA,3,1,99,0
"251275000000",NA,NA,NA,99,99,9
"251283000000",48,NA,3,2,99,0
"251291000000",53,NA,3,2,99,0
"251293000000",50,50,1,1,1,0
"251299000000",53,42,1,2,2,3
"251301000000",41,40,1,1,1,9
"251315000000",49,NA,3,2,99,0
"251319000000",54,NA,3,2,99,0
"251321000000",50,50,1,1,1,1
"251321000000",54,NA,3,2,99,0
"251322000000",47,NA,3,2,99,0
"251322000000",47,NA,3,2,99,0
"251327000000",57,NA,3,2,99,0
"251334000000",60,58,1,1,1,0
"251343000000",29,29,1,1,2,9
"251349000000",67,NA,3,1,99,0
"251371000000",63,53,1,1,2,0
"251383000000",44,NA,3,1,99,0
"251384000000",37,40,1,1,1,0
"251385000000",57,NA,3,2,99,3
"251393000000",54,57,1,1,1,0
"251402000000",33,34,1,1,1,1
"251412000000",28,NA,4,7,99,9
"251424000000",54,57,1,1,1,0
"251426000000",43,43,1,1,1,0
"251430000000",NA,NA,NA,99,99,9
"251439000000",33,NA,3,2,99,0
"251449000000",69,NA,3,2,99,0
"251469000000",47,45,1,1,1,0
"251474000000",69,NA,3,2,99,0
"251475000000",37,NA,3,2,99,0
"251477000000",58,62,1,7,7,3
"251477000000",NA,NA,NA,99,99,9
"251488000000",57,58,2,99,99,9
"251493000000",53,NA,3,2,99,0
"251494000000",63,69,1,2,2,0
"251525000000",52,59,1,1,1,0
"251528000000",78,NA,3,2,99,0
"251531000000",55,56,1,7,7,2
"251534000000",51,NA,3,1,99,0
"251537000000",53,52,1,1,1,0
"251537000000",53,52,1,1,1,0
"251538000000",69,NA,3,7,99,3
"251538000000",67,NA,3,2,99,0
"251542000000",60,NA,3,2,99,0
"251547000000",44,42,1,1,1,0
"251552000000",58,57,1,2,2,0
"251555000000",46,NA,3,7,99,2
"251557000000",49,49,2,1,1,9
"251557000000",50,55,1,2,2,0
"251563000000",61,NA,3,2,99,9
"251564000000",76,NA,3,2,99,9
"251566000000",65,NA,3,2,99,0
"251575000000",60,NA,3,7,99,2
"251579000000",64,67,1,1,1,9
"251579000000",60,NA,3,1,99,0
"251579000000",59,NA,3,7,99,2
"251579000000",59,NA,3,7,99,2
"251580000000",49,NA,3,2,99,9
"251584000000",49,50,1,2,2,0
"251596000000",NA,NA,NA,99,99,9
"251596000000",NA,NA,NA,99,99,9
"251608000000",66,NA,3,2,99,3
"251612000000",38,NA,4,2,99,0
"251614000000",46,42,1,1,1,0
"251636000000",55,52,1,2,2,9
"251656000000",53,NA,3,1,99,0
"251658000000",48,NA,3,1,99,0
"251661000000",42,44,1,1,1,0
"251666000000",50,NA,3,2,99,0
"251670000000",53,55,1,2,2,0
"251670000000",53,55,1,2,2,0
"251675000000",34,36,1,1,1,0
"251681000000",50,39,1,1,1,0
"251682000000",33,36,1,7,1,0
"251687000000",40,NA,4,2,99,9
"251689000000",41,41,1,2,2,3
"251689000000",33,34,1,1,1,1
"251689000000",NA,NA,NA,99,99,9
"251698000000",40,NA,4,2,99,9
"251715000000",41,40,1,1,1,1
"251720000000",54,68,1,1,1,0
"251728000000",45,45,1,1,1,0
"251736000000",56,NA,3,2,99,0
"251737000000",62,60,1,2,2,3
"251739000000",34,NA,3,1,99,0
"251740000000",NA,NA,NA,99,99,9
"251741000000",55,NA,3,7,99,2
"251741000000",55,NA,3,7,99,2
"251741000000",51,50,1,2,2,0
"251743000000",51,57,1,1,1,0
"251747000000",47,47,1,1,1,0
"251748000000",45,49,1,7,7,2
"251758000000",59,NA,3,1,99,9
"251758000000",62,NA,3,7,99,0
"251762000000",50,NA,3,99,99,9
"251764000000",76,NA,3,2,99,9
"251767000000",41,46,1,1,1,1
"251767000000",41,46,1,1,1,1
"251770000000",53,51,1,2,2,0
"251770000000",53,51,1,2,2,0
"251770000000",53,51,1,2,2,0
"251771000000",34,NA,3,2,99,0
"251789000000",53,55,1,2,2,0
"251793000000",56,57,1,1,1,0
"251797000000",52,56,1,1,1,0
"251797000000",29,NA,3,1,99,0
"251798000000",57,59,1,1,1,0
"251798000000",57,62,1,2,2,0
"251800000000",50,50,1,1,1,1
"251802000000",49,51,1,2,2,0
"251816000000",31,NA,3,2,99,0
"251819000000",43,NA,4,2,99,0
"251821000000",58,60,1,1,1,0
"251827000000",52,NA,3,2,99,3
"251828000000",NA,NA,NA,99,99,9
"251831000000",45,50,1,1,1,0
"251834000000",57,NA,4,2,99,0
"251838000000",55,NA,3,2,99,0
"251840000000",71,71,1,7,7,2
"251841000000",45,45,1,1,1,0
"251844000000",54,NA,3,2,99,0
"251848000000",29,29,1,1,2,9
"251854000000",52,NA,4,1,99,0
"251862000000",29,43,1,7,7,0
"251863000000",44,NA,3,2,99,9
"251866000000",59,62,1,2,2,0
"251866000000",51,NA,3,2,99,0
"251866000000",51,NA,3,2,99,0
"251869000000",68,66,2,1,1,1
"251869000000",50,40,1,1,1,0
"251871000000",47,NA,3,2,99,0
"251871000000",60,NA,3,2,99,0
"251874000000",60,NA,3,2,99,0
"251877000000",55,NA,3,7,99,2
"251878000000",47,49,1,1,1,0
"251880000000",55,NA,4,2,99,9
"251885000000",55,56,1,2,2,9
"251888000000",50,NA,4,99,99,9
"251890000000",49,NA,3,2,99,0
"251893000000",56,48,1,1,1,0
"251903000000",52,55,1,1,1,1
"251907000000",61,NA,3,2,99,3
"251911000000",60,NA,3,2,99,0
"251911000000",53,NA,3,2,99,3
"251921000000",50,50,1,1,1,0
"251921000000",49,53,1,1,1,0
"251927000000",39,NA,3,99,99,9
"251931000000",53,37,1,7,7,3
"251932000000",53,NA,3,2,99,0
"251938000000",79,NA,3,2,99,3
"251949000000",48,50,1,7,7,3
"251950000000",65,63,1,2,2,0
"251960000000",48,43,1,1,1,0
"251960000000",48,43,1,1,1,0
"251961000000",60,NA,3,2,99,0
"251967000000",53,49,1,2,2,0
"251969000000",49,NA,3,2,99,0
"251969000000",49,NA,3,2,99,0
"251973000000",45,NA,3,2,99,0
"251974000000",NA,NA,NA,99,99,9
"251974000000",48,45,1,1,1,0
"251974000000",48,NA,3,1,99,0
"251984000000",62,NA,3,2,99,0
"251994000000",53,55,1,2,2,0
"251994000000",41,NA,3,7,99,3
"251995000000",46,45,1,1,1,0
"251996000000",51,52,1,2,2,2
"252000000000",57,67,1,1,1,0
"252001000000",51,NA,3,1,99,1
"252002000000",42,NA,4,1,99,0
"252012000000",45,44,1,2,2,0
"252017000000",49,50,1,7,7,0
"252017000000",49,50,1,7,7,0
"252017000000",55,52,1,2,2,2
"252018000000",49,49,1,1,1,1
"252020000000",48,54,1,1,1,9
"252028000000",60,NA,3,7,99,3
"252032000000",48,NA,3,2,99,3
"252035000000",53,52,1,1,1,0
"252046000000",44,46,1,99,99,9
"252059000000",38,NA,3,2,99,9
"252065000000",NA,NA,NA,99,99,9
"252066000000",35,45,1,1,1,9
"252069000000",28,30,1,1,1,0
"252072000000",42,39,1,1,1,0
"252075000000",54,NA,3,2,99,3
"252075000000",54,NA,3,2,99,3
"252079000000",76,NA,3,2,99,0
"252082000000",59,NA,3,7,99,3
"252083000000",49,50,1,2,2,0
"252084000000",56,50,1,2,2,0
"252087000000",58,NA,3,1,99,0
"252087000000",47,NA,3,2,99,0
"252092000000",65,NA,3,7,99,0
"252103000000",56,NA,3,7,99,0
"252105000000",45,46,1,1,1,0
"252111000000",43,NA,3,1,99,0
"252113000000",67,NA,3,7,99,3
"252113000000",67,NA,3,7,99,3
"252120000000",52,NA,3,2,99,0
"252120000000",52,NA,3,2,99,0
"252122000000",41,36,1,1,1,0
"252126000000",55,NA,3,2,99,0
"252138000000",36,36,2,7,2,0
"252142000000",48,NA,3,2,99,0
"252146000000",49,NA,3,1,99,0
"252147000000",53,NA,3,2,99,0
"252150000000",46,NA,3,2,99,0
"252152000000",57,NA,3,7,99,3
"252152000000",34,37,1,7,1,0
"252158000000",60,NA,3,2,99,0
"252158000000",NA,NA,NA,99,99,9
"252159000000",47,NA,3,2,99,0
"252160000000",57,NA,3,2,99,0
"252164000000",56,NA,3,2,99,0
"252166000000",53,NA,3,2,99,9
"252166000000",53,NA,3,2,99,9
"252168000000",28,NA,3,7,99,0
"252169000000",54,52,1,1,1,0
"252170000000",45,48,1,1,1,0
"252177000000",49,NA,3,99,99,9
"252178000000",58,NA,3,7,99,0
"252181000000",33,34,1,1,1,1
"252183000000",55,NA,3,7,99,3
"252184000000",55,NA,3,7,99,0
"252184000000",55,NA,3,7,99,0
"252184000000",74,52,1,1,1,0
"252184000000",58,NA,3,7,99,0
"252185000000",47,NA,3,7,99,3
"252186000000",53,54,1,7,7,0
"252186000000",51,NA,3,2,99,0
"252186000000",34,36,1,1,1,0
"252187000000",55,NA,3,7,99,2
"252190000000",34,39,1,1,1,0
"252191000000",46,58,1,1,2,0
"252194000000",57,58,2,99,99,9
"252199000000",62,NA,3,7,99,0
"252209000000",53,52,1,1,1,0
"252212000000",53,NA,3,1,99,0
"252214000000",50,51,1,1,1,9
"252222000000",53,51,1,2,2,0
"252224000000",40,42,1,1,1,0
"252237000000",30,NA,3,1,99,1
"252240000000",52,NA,3,2,99,0
"252247000000",67,NA,3,2,99,3
"252259000000",54,49,1,2,2,0
"252287000000",47,45,1,1,1,0
"252309000000",41,46,1,1,1,0
"252313000000",57,NA,3,2,99,0
"252322000000",56,51,1,1,1,0
"252339000000",68,66,2,1,1,0
"252347000000",43,NA,4,2,99,0
"252361000000",55,NA,3,2,99,0
"252376000000",44,38,1,1,1,0
"252382000000",56,63,1,1,1,9
"252382000000",42,44,1,1,1,0
"252397000000",43,46,1,1,1,0
"252398000000",56,NA,3,1,99,0
"252401000000",46,47,1,5,1,3
"252404000000",43,NA,3,1,99,0
"252410000000",46,43,2,1,1,1
"252412000000",36,NA,3,2,99,3
"252423000000",55,NA,3,7,99,3
"252429000000",51,NA,3,2,99,0
"252452000000",60,NA,3,2,99,0
"252458000000",45,45,1,1,1,9
"252470000000",56,42,1,1,1,0
"252472000000",34,NA,3,2,99,0
"252481000000",64,65,1,2,2,0
"252492000000",45,NA,3,2,99,3
"252497000000",55,NA,3,2,99,3
"252505000000",56,NA,3,2,99,2
"252518000000",60,NA,3,2,99,0
"252521000000",42,NA,3,2,99,0
"252523000000",69,NA,3,1,99,0
"252524000000",64,64,1,1,1,0
"252528000000",38,36,1,2,2,2
"252535000000",40,39,1,1,1,0
"252564000000",47,45,1,1,1,0
"252571000000",51,NA,3,2,99,0
"252611000000",65,64,1,1,1,0
"252615000000",77,NA,3,2,99,0
"252621000000",53,59,1,1,1,0
"252622000000",58,51,1,1,1,1
"252631000000",47,45,1,1,1,0
"252631000000",50,NA,3,2,99,0
"252632000000",53,NA,3,2,99,0
"252636000000",53,NA,3,1,99,0
"252638000000",43,38,1,1,1,0
"252644000000",50,NA,3,2,99,0
"252646000000",56,63,1,1,1,9
"252670000000",65,64,1,2,2,2
"252677000000",55,52,1,1,1,0
"252682000000",45,47,1,1,1,0
"252689000000",57,NA,3,2,99,0
"260101000000",53,53,2,1,1,1
"260101000000",59,NA,3,1,99,0
"260102000000",58,NA,3,1,99,0
"260102000000",56,56,1,2,2,2
"260104000000",50,NA,3,7,99,0
"260107000000",31,NA,3,2,99,9
"260107000000",31,NA,3,2,99,0
"260110000000",58,61,1,2,2,9
"260111000000",59,58,1,7,7,0
"260112000000",52,56,1,2,2,0
"260115000000",NA,NA,NA,99,99,9
"260117000000",45,51,1,1,1,9
"260119000000",45,43,1,1,1,0
"260121000000",54,57,1,1,1,0
"260123000000",56,NA,3,2,99,9
"260124000000",59,NA,3,2,99,0
"260125000000",38,32,1,1,99,9
"260129000000",34,39,1,1,1,0
"260129000000",47,60,1,2,2,3
"260129000000",59,73,1,7,7,0
"260129000000",42,36,1,7,7,3
"260131000000",60,65,1,2,2,9
"260134000000",37,37,1,7,7,0
"260134000000",37,37,1,7,7,0
"260134000000",37,37,1,7,7,0
"260139000000",52,NA,3,2,99,0
"260141000000",49,45,1,1,1,1
"260141000000",49,45,1,1,1,1
"260148000000",50,NA,3,1,99,0
"260153000000",46,NA,3,2,99,0
"260153000000",66,NA,3,7,99,9
"260153000000",63,NA,3,7,99,9
"260156000000",47,NA,3,1,99,0
"260157000000",41,NA,3,2,99,0
"260157000000",45,NA,3,2,99,0
"260157000000",45,NA,3,2,99,9
"260158000000",54,56,1,1,1,1
"260159000000",30,34,1,1,1,0
"260160000000",58,57,1,2,2,0
"260160000000",43,NA,3,2,99,0
"260163000000",42,NA,3,7,99,3
"260165000000",71,NA,3,2,99,0
"260165000000",44,NA,3,2,99,0
"260165000000",55,NA,4,2,99,9
"260168000000",43,NA,3,2,99,0
"260169000000",65,NA,3,2,99,0
"260170000000",32,NA,3,2,99,0
"260171000000",28,NA,3,2,99,0
"260176000000",53,59,1,1,1,0
"260176000000",43,NA,4,7,99,0
"260177000000",48,NA,3,2,99,0
"260177000000",48,NA,3,2,99,0
"260181000000",44,43,2,99,99,9
"260185000000",63,64,1,2,2,0
"260187000000",39,45,1,1,1,0
"260192000000",62,NA,3,2,99,0
"260192000000",59,NA,3,2,99,0
"260192000000",71,NA,3,2,99,0
"260192000000",41,36,1,1,1,0
"260198000000",54,55,1,2,2,0
"260201000000",60,56,1,7,7,0
"260201000000",60,56,1,7,7,0
"260204000000",62,NA,3,2,99,0
"260204000000",56,NA,3,2,99,0
"260205000000",60,NA,3,2,99,0
"260205000000",45,47,1,1,1,1
"260206000000",67,NA,3,2,99,0
"260207000000",42,NA,3,7,99,0
"260208000000",59,48,1,7,7,9
"260210000000",43,NA,3,2,99,0
"260211000000",53,NA,3,2,99,0
"260212000000",35,47,1,1,1,0
"260213000000",71,NA,3,7,99,0
"260213000000",71,NA,3,7,99,0
"260214000000",44,43,2,99,99,9
"260215000000",60,NA,3,2,99,0
"260216000000",69,NA,3,7,99,3
"260218000000",45,45,1,1,1,9
"260220000000",37,NA,4,1,99,9
"260222000000",40,43,1,1,1,0
"260222000000",51,NA,3,1,99,0
"260222000000",48,NA,3,1,99,0
"260223000000",49,44,1,2,2,0
"260223000000",49,44,1,2,2,9
"260225000000",44,56,1,7,7,0
"260225000000",48,NA,3,2,99,0
"260231000000",54,62,1,2,2,2
"260234000000",54,NA,3,2,99,0
"260234000000",56,NA,3,2,99,0
"260236000000",57,NA,3,2,99,3
"260238000000",55,NA,4,2,99,9
"260239000000",45,NA,3,2,99,0
"260240000000",50,NA,3,2,99,0
"260244000000",37,37,1,1,1,0
"260247000000",49,NA,3,7,99,3
"260247000000",49,NA,3,7,99,3
"260249000000",55,NA,3,2,99,0
"260249000000",50,50,1,7,7,2
"260251000000",53,57,1,2,2,0
"260256000000",39,NA,3,2,99,0
"260256000000",39,NA,3,2,99,0
"260258000000",62,64,1,7,7,2
"260258000000",62,64,1,7,7,2
"260258000000",49,NA,3,99,99,9
"260264000000",52,NA,3,7,99,0
"260264000000",71,NA,3,7,99,3
"260264000000",71,NA,3,7,99,3
"260272000000",57,NA,4,2,99,0
"260272000000",46,NA,3,1,99,9
"260272000000",46,NA,3,1,99,9
"260272000000",45,NA,3,2,99,0
"260272000000",45,NA,3,2,99,0
"260277000000",47,47,1,1,1,9
"260277000000",43,42,1,1,1,0
"260278000000",42,39,1,1,1,9
"260280000000",37,40,1,1,1,0
"260282000000",72,NA,3,2,99,0
"260285000000",46,42,1,1,1,0
"260285000000",46,42,1,1,1,0
"260286000000",50,NA,3,1,99,0
"260287000000",54,NA,3,2,99,0
"260293000000",42,45,1,7,7,0
"260294000000",38,39,2,99,99,9
"260296000000",50,50,1,1,1,1
"260296000000",45,58,1,2,2,0
"260297000000",43,52,1,7,7,3
"260301000000",58,60,1,7,7,2
"260302000000",40,39,1,1,1,1
"260303000000",58,60,1,7,7,3
"260304000000",42,58,1,3,3,0
"260314000000",43,49,1,1,1,0
"260317000000",39,49,1,7,7,3
"260317000000",39,49,1,7,7,3
"260322000000",34,NA,3,2,99,0
"260322000000",28,30,1,1,1,0
"260329000000",49,NA,3,2,99,0
"260333000000",56,NA,3,2,99,0
"260336000000",32,39,1,2,2,2
"260346000000",41,46,2,1,1,0
"260348000000",32,NA,3,1,99,0
"260349000000",56,50,1,1,1,0
"260349000000",49,NA,3,7,99,2
"260349000000",47,37,1,7,7,0
"260349000000",58,NA,3,2,99,0
"260349000000",60,58,1,7,7,3
"260350000000",47,50,1,7,7,0
"260350000000",47,50,1,7,7,0
"260351000000",36,NA,3,2,99,0
"260353000000",53,NA,3,2,99,0
"260354000000",50,NA,3,7,99,0
"260354000000",50,NA,3,7,99,0
"260358000000",64,NA,3,2,99,9
"260360000000",49,NA,3,7,99,3
"260361000000",36,34,1,7,7,2
"260366000000",74,80,1,2,2,9
"260366000000",72,NA,3,2,99,0
"260367000000",57,50,1,2,2,3
"260370000000",54,43,2,1,1,0
"260370000000",29,NA,4,2,99,0
"260371000000",47,NA,3,2,99,0
"260372000000",54,NA,3,2,99,3
"260377000000",31,33,1,1,1,0
"260379000000",NA,NA,NA,99,99,9
"260379000000",43,47,1,1,1,9
"260380000000",44,NA,4,2,99,0
"260380000000",44,NA,4,2,99,0
"260380000000",44,NA,4,2,99,0
"260386000000",51,63,1,7,7,3
"260391000000",48,NA,3,7,99,9
"260391000000",64,NA,3,7,99,3
"260393000000",35,NA,3,2,99,0
"260394000000",45,NA,3,7,99,0
"260394000000",39,NA,3,2,99,0
"260394000000",65,NA,3,2,99,0
"260394000000",39,NA,3,2,99,0
"260395000000",54,55,1,2,2,9
"260397000000",42,NA,3,1,99,0
"260398000000",42,47,1,1,1,0
"260501000000",45,45,1,1,1,0
"260506000000",53,51,1,2,2,0
"260506000000",53,51,1,2,2,9
"260507000000",47,NA,3,2,99,0
"260507000000",51,58,1,7,7,0
"260508000000",50,NA,3,2,99,0
"260509000000",55,NA,3,7,99,0
"260514000000",64,NA,3,2,99,0
"260514000000",64,NA,3,2,99,0
"260514000000",64,NA,3,2,99,0
"260521000000",41,36,1,1,1,0
"260522000000",72,NA,3,7,99,0
"260526000000",43,59,1,1,1,0
"260526000000",38,47,1,1,1,0
"260529000000",64,68,1,1,1,0
"260533000000",44,NA,3,2,99,0
"260534000000",57,NA,3,1,99,0
"260534000000",57,NA,3,1,99,0
"260535000000",61,62,1,1,1,0
"260539000000",31,NA,3,1,99,0
"260540000000",57,53,1,1,1,0
"260540000000",57,53,1,1,1,0
"260543000000",32,NA,3,2,99,0
"260543000000",35,34,1,2,2,0
"260547000000",49,NA,3,1,99,1
"260550000000",60,NA,3,2,99,0
"260554000000",40,NA,3,7,99,0
"260559000000",65,NA,3,2,99,0
"260562000000",40,NA,3,2,99,9
"260563000000",50,NA,3,99,99,9
"260565000000",75,NA,3,1,99,0
"260565000000",50,53,1,1,1,9
"260566000000",51,NA,3,1,99,9
"260569000000",40,NA,3,2,99,0
"260570000000",55,NA,3,7,99,3
"260571000000",30,45,1,1,7,0
"260580000000",43,47,1,1,1,0
"260580000000",32,34,1,1,1,0
"260582000000",48,45,1,7,7,9
"260583000000",NA,NA,NA,99,99,9
"260585000000",38,NA,3,2,99,0
"260590000000",57,58,1,1,1,0
"260590000000",48,50,1,1,1,0
"260596000000",58,NA,3,1,99,0
"260598000000",43,NA,3,1,99,0
"260598000000",43,NA,3,1,99,0
"260598000000",49,NA,3,1,99,0
"260599000000",44,NA,3,99,99,9
"260601000000",76,NA,3,2,99,9
"260603000000",35,NA,3,2,99,0
"260604000000",40,42,1,7,7,0
"260604000000",44,NA,4,2,99,0
"260609000000",49,NA,3,2,99,0
"260610000000",42,48,2,7,7,3
"260610000000",42,48,2,7,7,3
"260611000000",40,40,1,2,2,0
"260615000000",40,NA,3,1,99,9
"260615000000",39,NA,3,7,99,0
"260615000000",29,31,1,1,1,0
"260615000000",61,NA,3,2,99,0
"260618000000",52,NA,3,2,99,0
"260618000000",50,NA,3,2,99,9
"260618000000",56,NA,3,7,99,0
"260620000000",49,NA,3,2,99,9
"260622000000",35,36,1,1,1,0
"260624000000",25,NA,3,2,99,0
"260624000000",48,NA,3,1,99,0
"260628000000",NA,NA,NA,99,99,9
"260629000000",54,54,1,1,1,0
"260630000000",69,74,1,7,7,9
"260631000000",36,NA,3,3,99,3
"260631000000",65,NA,3,2,99,0
"260631000000",51,46,1,2,2,0
"260633000000",60,NA,3,2,99,0
"260633000000",65,NA,3,2,99,0
"260639000000",53,NA,3,7,99,2
"260639000000",47,50,1,7,7,3
"260639000000",47,50,1,7,7,3
"260639000000",47,50,1,7,7,3
"260645000000",57,54,2,7,2,0
"260645000000",57,54,2,7,2,0
"260645000000",47,NA,3,2,99,3
"260646000000",59,NA,3,7,99,3
"260650000000",58,60,1,1,1,0
"260651000000",48,NA,3,2,99,0
"260652000000",74,52,1,1,1,0
"260656000000",48,48,1,1,7,0
"260657000000",55,NA,3,7,99,9
"260658000000",50,NA,3,7,99,0
"260658000000",29,43,1,7,7,0
"260659000000",46,NA,3,2,99,9
"260660000000",43,NA,3,2,99,0
"260660000000",39,41,1,1,1,9
"260662000000",64,NA,3,2,99,2
"260667000000",37,NA,3,99,99,9
"260667000000",37,NA,3,99,99,9
"260670000000",51,NA,3,2,99,0
"260681000000",41,36,1,1,1,0
"260682000000",50,53,1,1,1,0
"260682000000",40,NA,3,2,99,9
"260682000000",44,NA,3,2,99,0
"260686000000",59,65,1,2,2,0
"260686000000",59,65,1,2,2,0
"260686000000",54,NA,3,7,99,3
"260686000000",53,NA,3,2,99,9
"260688000000",54,54,1,1,1,0
"260690000000",45,42,1,1,1,0
"260692000000",51,NA,3,7,99,0
"260694000000",68,NA,3,2,99,3
"260695000000",34,35,1,1,1,0
"260699000000",50,NA,3,7,99,0
"260699000000",36,NA,3,7,99,0
"260800000000",52,NA,3,7,99,9
"260801000000",39,NA,3,1,99,9
"260803000000",57,54,1,1,1,9
"260804000000",43,NA,3,7,99,3
"260806000000",44,NA,3,1,99,0
"260808000000",51,NA,3,7,99,0
"260810000000",69,NA,3,2,99,0
"260810000000",50,NA,3,2,99,0
"260811000000",48,65,1,2,2,0
"260812000000",48,48,1,1,7,0
"260813000000",46,42,1,7,4,3
"260815000000",NA,NA,NA,99,99,9
"260815000000",44,42,1,1,1,0
"260825000000",64,NA,3,2,99,0
"260826000000",37,37,1,1,1,0
"260829000000",63,63,1,2,2,2
"260829000000",63,63,1,2,2,2
"260829000000",63,63,1,2,2,2
"260830000000",63,65,1,1,1,9
"260830000000",54,NA,3,1,99,1
"260832000000",40,43,1,1,1,0
"260835000000",47,NA,3,1,99,0
"260836000000",49,45,1,1,1,1
"260838000000",62,NA,3,2,99,0
"260838000000",54,56,1,2,2,0
"260839000000",58,NA,4,1,99,0
"260840000000",68,NA,3,7,99,0
"260840000000",52,NA,4,99,99,9
"260843000000",48,53,1,1,1,0
"260844000000",46,NA,3,2,99,0
"260845000000",64,68,1,7,7,0
"260845000000",64,68,1,7,7,0
"260845000000",64,68,1,7,7,0
"260845000000",64,68,1,7,7,0
"260846000000",45,50,1,1,1,0
"260847000000",57,46,1,7,7,3
"260849000000",55,NA,3,2,99,0
"260851000000",51,NA,3,2,99,0
"260851000000",35,43,1,1,1,1
"260855000000",57,NA,3,2,99,3
"260859000000",51,NA,3,2,99,9
"260859000000",51,NA,3,2,99,9
"260859000000",40,NA,3,2,99,3
"260862000000",57,NA,3,2,99,0
"260863000000",56,NA,3,2,99,0
"260864000000",58,62,1,7,7,0
"260864000000",58,62,1,7,7,0
"260869000000",54,55,1,1,1,9
"260871000000",27,23,2,1,1,0
"260872000000",40,43,1,1,1,0
"260873000000",37,37,1,1,1,0
"260873000000",68,NA,3,2,99,0
"260876000000",54,NA,3,2,99,0
"260876000000",36,38,1,1,1,0
"260880000000",36,33,1,1,1,0
"260882000000",47,48,1,2,2,0
"260884000000",63,NA,3,2,99,9
"260886000000",68,NA,3,7,99,3
"260886000000",51,46,1,2,2,0
"260887000000",53,NA,4,2,99,9
"260889000000",41,NA,3,2,99,0
"260889000000",63,NA,3,99,99,9
"260892000000",45,NA,3,1,99,0
"260892000000",59,NA,3,2,99,9
"260893000000",67,NA,3,7,99,0
"260893000000",67,NA,3,7,99,0
"260894000000",37,NA,3,99,99,9
"260896000000",59,NA,3,7,99,0
"260896000000",59,NA,3,7,99,0
"260903000000",56,NA,3,2,99,0
"260905000000",42,NA,3,2,99,0
"260905000000",53,NA,3,7,99,3
"260905000000",50,NA,3,1,99,0
"260908000000",57,NA,3,2,99,0
"260915000000",52,NA,3,2,99,3
"260916000000",56,NA,3,2,99,0
"260916000000",39,NA,3,2,99,0
"260920000000",51,NA,3,2,99,0
"260920000000",51,NA,3,2,99,0
"260922000000",45,45,1,2,2,0
"260922000000",50,47,1,99,7,9
"260926000000",39,NA,3,7,99,3
"260926000000",60,NA,3,7,99,0
"260927000000",38,NA,3,2,99,0
"260928000000",65,55,1,7,7,2
"260934000000",39,NA,3,2,99,0
"260937000000",31,NA,3,2,99,3
"260940000000",57,NA,3,2,99,3
"260940000000",48,NA,3,1,99,0
"260944000000",35,47,1,1,1,1
"260947000000",46,42,1,1,1,0
"260950000000",69,NA,3,1,99,0
"260951000000",35,NA,3,2,99,0
"260954000000",54,NA,3,7,99,3
"260955000000",52,NA,3,7,99,9
"260955000000",53,56,1,1,7,0
"260955000000",54,NA,3,2,99,0
"260956000000",56,48,1,1,1,0
"260956000000",53,NA,3,2,99,0
"260958000000",56,NA,3,7,99,0
"260958000000",71,NA,3,2,99,0
"260959000000",66,NA,3,2,99,0
"260959000000",66,NA,3,2,99,0
"260959000000",66,NA,3,2,99,0
"260960000000",57,62,1,2,2,3
"260961000000",42,NA,3,2,99,9
"260962000000",45,NA,3,2,99,0
"260964000000",48,45,1,1,1,0
"260968000000",52,NA,3,7,99,3
"260968000000",46,NA,3,2,99,0
"260969000000",60,NA,4,2,99,9
"260970000000",51,50,1,2,2,0
"260970000000",45,44,1,1,1,0
"260971000000",45,NA,3,2,99,9
"260973000000",35,39,2,7,7,0
"260973000000",35,39,2,7,7,0
"260974000000",50,NA,3,7,99,0
"260979000000",66,66,1,2,2,0
"260980000000",41,44,1,1,1,0
"260982000000",26,30,1,1,1,0
"260983000000",49,50,1,1,1,1
"260987000000",54,57,1,2,7,0
"260993000000",47,NA,3,2,99,0
"260994000000",58,NA,3,2,99,0
"260999000000",55,NA,3,2,99,3
"261000000000",39,39,1,1,1,9
"261104000000",56,NA,3,2,99,0
"261111000000",57,NA,3,1,99,0
"261111000000",47,50,1,7,7,0
"261114000000",56,NA,3,2,99,0
"261114000000",44,NA,3,2,99,0
"261114000000",37,NA,3,2,99,0
"261115000000",26,NA,3,1,99,0
"261116000000",39,NA,3,1,99,1
"261117000000",60,NA,3,2,99,0
"261117000000",65,NA,3,99,99,9
"261120000000",46,49,1,7,7,0
"261122000000",69,74,1,7,7,2
"261124000000",65,59,1,2,2,0
"261126000000",50,44,1,2,2,0
"261127000000",40,42,1,7,7,0
"261127000000",40,NA,3,2,99,0
"261128000000",52,56,1,2,2,0
"261128000000",29,31,1,1,1,0
"261128000000",56,NA,3,2,99,0
"261128000000",46,NA,3,2,99,9
"261129000000",61,NA,3,2,99,0
"261129000000",37,41,1,1,1,0
"261129000000",NA,NA,NA,99,99,9
"261131000000",47,43,1,1,1,0
"261131000000",34,35,1,1,1,0
"261132000000",38,NA,3,1,99,0
"261137000000",43,NA,3,7,99,0
"261142000000",NA,NA,NA,99,99,9
"261142000000",36,37,1,2,2,0
"261144000000",38,44,1,7,7,0
"261144000000",44,NA,3,2,99,9
"261145000000",65,NA,3,2,99,0
"261145000000",42,37,1,7,7,9
"261146000000",49,NA,3,2,99,0
"261147000000",50,47,1,1,1,1
"261149000000",55,NA,3,7,99,0
"261150000000",45,NA,3,1,99,9
"261150000000",53,63,1,2,2,3
"261152000000",52,NA,3,2,99,9
"261155000000",52,62,1,2,2,0
"261156000000",42,NA,3,2,99,2
"261156000000",61,NA,3,2,99,0
"261157000000",51,NA,3,2,99,0
"261160000000",58,NA,3,99,99,9
"261161000000",45,42,1,1,1,0
"261162000000",35,42,1,1,1,1
"261162000000",58,NA,3,7,99,3
"261163000000",68,NA,3,2,99,3
"261166000000",46,46,1,1,1,0
"261169000000",75,NA,3,2,99,0
"261170000000",28,53,2,1,99,0
"261170000000",47,NA,3,7,99,0
"261172000000",55,60,1,2,2,0
"261173000000",47,60,1,2,2,3
"261174000000",48,55,1,1,2,0
"261174000000",34,NA,3,7,99,2
"261174000000",65,NA,3,2,99,0
"261174000000",55,NA,3,7,99,3
"261176000000",45,NA,3,7,99,0
"261177000000",37,NA,3,2,99,0
"261182000000",54,54,1,1,1,0
"261183000000",56,NA,3,7,99,3
"261183000000",56,NA,3,7,99,3
"261183000000",40,58,1,2,2,2
"261184000000",43,42,1,1,1,0
"261185000000",27,29,1,7,7,3
"261185000000",54,55,1,2,2,9
"261187000000",53,60,1,7,7,0
"261190000000",54,NA,3,7,99,0
"261196000000",62,NA,3,2,99,9
"261197000000",51,47,1,1,1,0
"261198000000",50,45,1,1,1,0
"261198000000",61,NA,3,2,99,9
"261202000000",44,49,1,7,7,0
"261203000000",38,NA,3,2,99,0
"261205000000",40,56,1,2,2,0
"261206000000",48,50,1,2,2,2
"261209000000",37,59,1,1,1,0
"261211000000",27,23,1,1,1,0
"261213000000",53,49,1,2,2,0
"261213000000",51,NA,3,2,99,0
"261214000000",41,NA,3,2,99,3
"261215000000",53,48,1,1,1,1
"261215000000",53,48,1,1,1,1
"261215000000",56,NA,3,2,99,0
"261216000000",33,NA,3,2,99,0
"261218000000",37,NA,3,2,99,0
"261220000000",41,37,1,1,1,0
"261220000000",38,NA,3,2,99,0
"261223000000",65,NA,3,2,99,0
"261223000000",73,NA,3,2,99,0
"261225000000",53,NA,3,1,99,9
"261226000000",32,32,1,1,1,9
"261229000000",46,NA,3,2,99,0
"261229000000",57,NA,3,2,99,0
"261230000000",29,30,2,1,1,1
"261232000000",60,NA,3,2,99,0
"261232000000",60,NA,3,2,99,0
"261233000000",43,47,1,1,1,0
"261238000000",50,55,1,5,2,2
"261239000000",48,NA,3,2,99,0
"261241000000",35,36,1,2,7,0
"261241000000",57,NA,3,7,99,0
"261242000000",46,45,1,2,2,0
"261242000000",46,45,1,2,2,0
"261242000000",46,45,1,2,2,0
"261242000000",43,NA,3,2,99,0
"261242000000",62,66,1,1,1,9
"261242000000",41,40,1,1,1,0
"261242000000",33,41,1,1,1,0
"261245000000",41,NA,3,2,99,0
"261248000000",47,43,2,2,2,0
"261250000000",33,41,1,1,1,0
"261253000000",51,42,1,2,2,0
"261256000000",54,NA,3,2,99,3
"261256000000",54,NA,3,2,99,3
"261257000000",47,NA,3,2,99,0
"261259000000",36,36,1,1,1,0
"261259000000",37,52,1,1,1,9
"261259000000",43,43,1,1,1,0
"261259000000",49,50,1,1,1,1
"261262000000",37,42,1,1,1,0
"261264000000",47,47,1,1,1,0
"261267000000",42,NA,3,1,99,0
"261268000000",32,NA,3,2,99,0
"261270000000",44,54,1,2,2,3
"261272000000",65,NA,3,7,99,0
"261273000000",61,NA,3,7,99,3
"261273000000",45,44,1,2,2,0
"261274000000",68,54,2,7,7,0
"261275000000",60,NA,3,7,99,0
"261275000000",52,NA,3,2,99,0
"261278000000",NA,NA,NA,99,99,9
"261279000000",46,46,1,1,1,0
"261279000000",47,NA,3,2,99,0
"261279000000",48,47,1,1,1,1
"261280000000",50,55,1,1,1,0
"261281000000",44,39,1,7,7,0
"261282000000",51,NA,3,2,99,0
"261282000000",61,NA,3,2,99,0
"261282000000",61,NA,3,2,99,0
"261282000000",53,53,1,1,1,0
"261283000000",67,51,1,7,2,9
"261284000000",31,26,1,2,2,0
"261286000000",50,36,1,7,7,3
"261286000000",60,NA,3,7,99,2
"261286000000",30,NA,3,1,99,0
"261287000000",45,47,1,1,1,0
"261287000000",40,44,1,1,1,0
"261288000000",66,69,1,1,1,0
"261288000000",41,NA,3,2,99,0
"261288000000",30,45,1,1,7,0
"261290000000",47,40,1,1,1,0
"261293000000",57,NA,3,2,99,0
"261296000000",40,NA,3,2,99,0
"261300000000",58,NA,3,2,99,0
"261301000000",46,NA,3,7,99,3
"261302000000",53,NA,3,2,99,0
"261306000000",32,NA,3,2,99,0
"261306000000",51,NA,3,2,99,0
"261308000000",40,NA,3,2,99,0
"261310000000",70,NA,3,2,99,0
"261313000000",58,61,1,2,2,9
"261315000000",48,50,1,2,2,0
"261315000000",48,50,1,2,2,0
"261315000000",48,50,1,2,2,0
"261315000000",48,56,1,7,7,9
"261318000000",67,NA,3,7,99,3
"261323000000",38,39,1,2,2,9
"261323000000",38,39,1,2,2,0
"261324000000",69,NA,3,7,99,0
"261324000000",69,NA,3,7,99,0
"261324000000",69,NA,3,7,99,0
"261325000000",46,NA,3,2,99,0
"261327000000",59,NA,3,2,99,3
"261328000000",44,NA,3,2,99,0
"261329000000",61,NA,3,2,99,0
"261329000000",60,NA,3,2,99,0
"261330000000",55,NA,3,1,99,0
"261331000000",61,62,1,1,1,0
"261332000000",37,NA,3,2,99,0
"261333000000",50,NA,3,2,99,0
"261335000000",45,NA,3,2,99,0
"261337000000",45,45,1,1,1,9
"261340000000",51,NA,3,7,99,0
"261347000000",58,62,1,7,7,2
"261347000000",57,NA,3,7,99,9
"261350000000",54,NA,3,2,99,0
"261350000000",54,52,1,7,7,2
"261350000000",54,52,1,7,7,2
"261351000000",68,NA,3,2,99,0
"261352000000",55,55,1,7,7,2
"261352000000",58,55,1,1,1,0
"261355000000",49,NA,3,7,99,0
"261356000000",51,NA,3,2,99,9
"261360000000",33,32,1,1,1,9
"261360000000",50,47,1,1,1,0
"261364000000",39,NA,3,2,99,0
"261367000000",52,NA,3,7,99,9
"261367000000",45,NA,3,2,99,0
"261372000000",65,63,1,2,2,9
"261372000000",49,NA,3,2,99,0
"261373000000",50,NA,3,2,99,0
"261374000000",56,55,1,7,7,2
"261376000000",52,51,2,2,2,0
"261377000000",53,56,2,2,2,0
"261379000000",58,60,1,1,1,0
"261382000000",42,44,1,2,2,0
"261384000000",47,NA,3,2,99,0
"261385000000",47,NA,3,2,99,0
"261386000000",49,44,1,7,2,9
"261388000000",40,NA,3,7,99,2
"261388000000",40,NA,3,7,99,2
"261391000000",48,55,1,1,1,0
"261391000000",40,39,1,1,1,1
"261393000000",38,NA,3,2,99,0
"261401000000",29,NA,3,2,99,3
"261403000000",50,NA,3,2,99,0
"261404000000",56,58,1,7,7,3
"261406000000",61,NA,3,2,99,9
"261406000000",62,NA,3,2,99,0
"261407000000",47,NA,3,7,99,9
"261414000000",61,NA,3,2,99,0
"261415000000",60,NA,3,2,99,0
"261416000000",65,73,1,2,2,0
"261418000000",55,57,1,2,2,0
"261418000000",50,NA,3,2,99,0
"261418000000",41,NA,3,2,99,0
"261419000000",34,37,1,7,7,0
"261420000000",47,44,1,2,2,2
"261421000000",63,NA,3,1,99,1
"261424000000",57,54,1,7,7,2
"261427000000",63,62,1,1,1,9
"261430000000",31,NA,3,1,99,1
"261431000000",47,48,1,2,2,0
"261432000000",66,NA,3,2,99,0
"261435000000",44,NA,3,2,99,0
"261438000000",56,NA,3,2,99,9
"261443000000",56,NA,3,7,99,3
"261445000000",41,41,1,1,1,0
"261446000000",48,42,1,2,2,3
"261448000000",56,58,1,1,1,0
"261448000000",44,NA,3,99,99,9
"261448000000",52,NA,3,2,99,0
"261449000000",30,34,1,1,1,0
"261449000000",45,50,1,1,1,0
"261450000000",45,44,1,1,1,0
"261450000000",37,NA,3,1,99,9
"261451000000",38,NA,3,2,99,0
"261452000000",52,NA,3,7,99,3
"261452000000",59,NA,3,7,99,3
"261452000000",45,NA,3,2,99,0
"261453000000",NA,NA,NA,99,99,9
"261453000000",59,63,1,1,1,0
"261453000000",30,32,1,1,1,0
"261455000000",38,38,1,1,1,0
"261457000000",30,NA,3,2,99,0
"261459000000",41,NA,3,2,99,0
"261460000000",55,NA,3,7,99,2
"261464000000",34,37,1,1,1,0
"261466000000",54,NA,3,7,99,3
"261466000000",34,41,1,7,7,0
"261468000000",53,NA,3,2,99,0
"261468000000",52,NA,3,2,99,0
"261470000000",29,NA,3,2,99,0
"261472000000",45,44,1,1,1,9
"261472000000",35,34,1,2,2,0
"261476000000",38,39,1,1,1,0
"261479000000",45,NA,3,2,99,0
"261480000000",34,54,1,1,1,1
"261480000000",52,40,2,7,7,3
"261482000000",57,NA,3,2,99,0
"261482000000",32,43,1,1,1,9
"261483000000",31,NA,3,2,99,0
"261487000000",42,NA,3,2,99,0
"261488000000",40,NA,3,1,99,0
"261489000000",58,67,1,2,2,9
"261492000000",36,NA,3,2,99,0
"261492000000",55,NA,3,2,99,9
"261492000000",55,NA,3,2,99,0
"261493000000",71,NA,3,2,99,2
"261493000000",65,55,1,1,1,1
"261494000000",56,56,1,1,1,0
"261494000000",46,46,1,1,1,0
"261497000000",49,43,1,1,1,0
"261500000000",60,NA,3,7,99,0
"261507000000",47,54,1,7,1,0
"261509000000",41,NA,4,2,99,0
"261511000000",31,31,1,2,2,0
"261512000000",33,28,1,1,1,0
"261512000000",44,45,1,1,1,9
"261515000000",44,NA,3,2,99,9
"261515000000",57,62,1,2,2,0
"261516000000",65,NA,3,2,99,0
"261518000000",39,NA,3,99,99,9
"261520000000",50,NA,3,2,99,9
"261521000000",59,NA,3,2,99,0
"261526000000",34,NA,3,99,99,9
"261527000000",38,36,1,99,99,9
"261527000000",63,47,1,7,7,2
"261532000000",45,NA,3,7,99,3
"261532000000",46,51,1,2,2,0
"261533000000",37,32,1,2,2,2
"261535000000",62,48,1,1,7,0
"261536000000",60,59,1,4,4,0
"261540000000",48,NA,3,7,99,9
"261541000000",35,35,1,1,1,0
"261543000000",47,NA,3,7,99,2
"261544000000",48,43,1,1,1,0
"261545000000",38,47,1,1,1,9
"261545000000",65,NA,3,7,99,0
"261545000000",65,NA,3,7,99,0
"261546000000",48,65,1,2,2,0
"261549000000",51,NA,3,2,99,0
"261550000000",55,NA,3,1,99,0
"261553000000",53,NA,3,2,99,0
"261554000000",54,53,1,2,2,0
"261555000000",41,NA,3,2,99,0
"261556000000",43,46,1,1,1,0
"261560000000",37,NA,3,2,99,0
"261563000000",46,NA,3,7,99,3
"261563000000",38,40,1,1,1,9
"261563000000",62,NA,3,2,99,3
"261568000000",NA,NA,NA,99,99,9
"261568000000",50,48,1,7,1,0
"261569000000",58,NA,3,2,99,0
"261571000000",35,NA,3,2,99,0
"261573000000",70,NA,3,7,99,3
"261574000000",40,NA,3,2,99,0
"261576000000",66,69,1,1,1,0
"261577000000",47,49,1,7,1,0
"261578000000",53,NA,3,2,99,9
"261580000000",33,37,2,2,2,0
"261580000000",57,NA,3,2,99,0
"261581000000",31,31,1,1,1,9
"261582000000",30,59,2,7,7,9
"261587000000",47,NA,3,2,99,9
"261588000000",43,52,1,7,7,9
"261591000000",56,48,1,1,1,0
"261591000000",38,44,1,7,7,3
"261593000000",56,52,1,1,1,9
"261594000000",61,NA,3,7,99,2
"261594000000",31,NA,3,2,99,0
"261598000000",43,NA,3,7,99,3
"261598000000",41,NA,3,2,99,0
"261598000000",41,NA,3,2,99,9
"261599000000",70,NA,3,7,99,9
"261599000000",65,55,1,1,1,0
"261599000000",46,45,1,1,1,9
"261601000000",43,44,1,2,2,0
"261601000000",43,44,1,2,2,0
"261601000000",60,59,1,1,2,0
"261603000000",45,NA,3,2,99,0
"261603000000",45,NA,3,2,99,0
"261604000000",43,45,2,2,2,0
"261604000000",28,NA,3,99,99,9
"261605000000",45,NA,3,2,99,9
"261607000000",67,NA,3,2,99,0
"261608000000",56,NA,3,7,99,2
"261611000000",56,46,1,1,7,3
"261611000000",33,36,2,7,1,0
"261613000000",49,NA,3,2,99,9
"261614000000",56,NA,3,1,99,1
"261615000000",69,NA,3,2,99,0
"261617000000",48,45,1,7,7,9
"261620000000",50,37,1,1,1,0
"261620000000",50,37,1,1,1,0
"261621000000",57,50,1,2,2,0
"261623000000",57,NA,3,2,99,0
"261624000000",49,48,1,1,1,1
"261624000000",40,NA,3,2,99,0
"261625000000",51,NA,3,1,99,0
"261628000000",61,60,1,2,2,0
"261630000000",39,NA,3,2,99,0
"261631000000",53,52,1,1,1,0
"261631000000",53,NA,3,2,99,0
"261632000000",58,NA,3,2,99,0
"261635000000",67,NA,3,2,99,0
"261637000000",39,NA,3,7,99,0
"261638000000",45,NA,3,2,99,0
"261638000000",40,36,1,1,1,9
"261639000000",72,NA,3,7,99,2
"261640000000",58,55,1,7,7,0
"261640000000",58,55,1,7,7,0
"261643000000",53,NA,3,7,99,3
"261643000000",31,31,1,1,1,0
"261644000000",78,73,1,2,2,0
"261648000000",40,45,1,1,1,0
"261649000000",56,NA,3,7,99,3
"261650000000",NA,NA,NA,99,99,9
"261653000000",33,NA,3,7,99,2
"261658000000",51,55,1,1,1,0
"261658000000",38,36,1,1,1,1
"261659000000",30,32,1,2,2,0
"261663000000",47,NA,4,1,99,0
"261664000000",49,NA,3,2,99,0
"261665000000",57,80,1,7,7,3
"261670000000",70,64,1,7,7,0
"261670000000",70,64,1,7,7,0
"261671000000",67,NA,3,7,99,3
"261672000000",33,NA,3,1,99,0
"261679000000",41,44,1,1,1,0
"261681000000",57,NA,3,7,99,0
"261682000000",66,43,1,1,1,0
"261682000000",51,48,1,1,1,1
"261687000000",28,28,1,1,1,0
"261688000000",58,NA,3,2,99,0
"261688000000",27,32,1,1,1,1
"261691000000",34,NA,3,2,99,0
"261692000000",53,NA,3,7,99,0
"261694000000",31,35,1,1,1,1
"261694000000",53,56,2,2,2,0
"261695000000",54,68,2,7,7,3
"261695000000",49,51,1,2,2,0
"261697000000",54,NA,3,2,99,0
"261700000000",47,NA,3,99,99,9
"261700000000",36,43,1,1,1,0
"261704000000",39,42,1,1,1,0
"261707000000",33,40,2,1,1,9
"261707000000",36,NA,3,2,99,0
"261708000000",NA,NA,NA,99,99,9
"261710000000",NA,NA,NA,99,99,9
"261711000000",52,53,1,1,1,9
"261712000000",37,39,1,1,1,0
"261715000000",50,NA,3,2,99,0
"261716000000",53,NA,3,2,99,2
"261718000000",47,NA,3,2,99,0
"261718000000",45,NA,3,2,99,0
"261719000000",45,47,1,1,1,0
"261720000000",66,NA,3,2,99,0
"261721000000",59,NA,3,1,99,1
"261724000000",44,NA,3,2,99,0
"261729000000",47,NA,3,7,99,9
"261729000000",38,35,1,1,1,1
"261729000000",51,53,1,1,1,0
"261731000000",54,49,2,1,1,0
"261732000000",26,30,1,1,1,0
"261732000000",38,NA,3,1,99,9
"261735000000",47,NA,3,2,99,0
"261736000000",60,NA,3,2,99,0
"261736000000",51,NA,3,7,99,0
"261737000000",30,32,1,1,1,0
"261739000000",64,NA,3,7,99,2
"261739000000",45,45,1,1,1,9
"261744000000",44,49,1,1,1,1
"261748000000",46,54,1,1,1,9
"261749000000",48,NA,3,2,99,0
"261750000000",65,64,1,1,1,0
"261750000000",64,65,1,1,1,0
"261755000000",49,48,1,2,2,0
"261757000000",35,NA,3,1,99,0
"261758000000",43,49,1,1,1,0
"261759000000",59,58,1,2,2,0
"261759000000",53,NA,3,2,99,0
"261762000000",46,39,1,2,2,0
"261762000000",39,42,1,7,7,3
"261767000000",43,NA,3,2,99,9
"261769000000",74,80,1,2,2,0
"261772000000",43,NA,3,7,99,3
"261773000000",39,38,1,1,1,0
"261775000000",47,51,1,7,7,0
"261775000000",40,40,1,1,1,0
"261781000000",53,59,1,1,1,0
"261783000000",77,NA,3,2,99,0
"261784000000",71,NA,3,2,99,9
"261785000000",58,NA,3,7,99,3
"261786000000",45,45,1,1,1,9
"261786000000",51,45,2,1,1,9
"261788000000",44,51,1,7,7,0
"261789000000",36,49,1,1,1,0
"261792000000",40,43,1,1,1,0
"261793000000",NA,NA,NA,99,99,9
"261795000000",41,NA,3,2,99,0
"261795000000",40,NA,3,2,99,9
"261798000000",42,NA,3,1,99,1
"261799000000",68,NA,3,2,99,2
"261800000000",39,39,1,1,1,0
"261801000000",52,NA,3,7,99,3
"261803000000",54,NA,3,7,99,0
"261804000000",48,NA,3,2,99,0
"261804000000",47,NA,3,2,99,3
"261805000000",43,46,1,1,1,0
"261806000000",NA,NA,NA,99,99,9
"261806000000",39,NA,3,2,99,0
"261807000000",44,47,1,1,1,0
"261808000000",46,NA,3,2,99,0
"261810000000",43,NA,3,2,99,0
"261810000000",56,NA,3,2,99,0
"261810000000",42,37,1,1,1,9
"261811000000",44,43,2,99,99,9
"261811000000",44,47,1,1,1,9
"261812000000",32,32,1,1,1,0
"261813000000",38,42,2,1,1,9
"261814000000",56,NA,4,2,99,0
"261814000000",56,NA,4,2,99,0
"261814000000",30,32,1,1,1,1
"261814000000",69,NA,3,2,99,0
"261815000000",26,NA,3,1,99,0
"261816000000",41,46,2,1,1,0
"261818000000",43,44,1,1,1,0
"261818000000",49,NA,3,2,99,0
"261819000000",44,50,1,1,1,0
"261819000000",41,40,1,1,1,0
"261820000000",54,47,1,1,1,1
"261821000000",44,41,2,1,1,0
"261822000000",38,NA,3,2,99,0
"261825000000",61,62,1,1,1,0
"261825000000",40,35,1,1,1,0
"261826000000",35,42,1,1,1,9
"261827000000",40,NA,3,2,99,0
"261830000000",46,45,1,1,1,9
"261836000000",42,36,1,7,7,3
"261836000000",45,NA,3,2,99,0
"261836000000",45,NA,3,2,99,0
"261837000000",46,48,1,2,2,0
"261840000000",25,NA,3,1,99,0
"261842000000",40,44,1,7,2,2
"261845000000",45,NA,3,2,99,0
"261845000000",61,NA,3,2,99,0
"261847000000",57,NA,3,2,99,0
"261848000000",31,33,1,1,1,0
"261848000000",59,54,1,2,2,0
"261851000000",44,43,1,1,1,0
"261855000000",61,NA,3,2,99,0
"261856000000",39,41,1,1,1,1
"261856000000",50,NA,3,1,99,1
"261857000000",37,41,1,7,7,3
"261861000000",56,NA,3,2,99,0
"261864000000",55,56,1,2,2,0
"261864000000",55,56,1,2,2,0
"261866000000",34,41,1,1,1,0
"261866000000",26,29,1,5,5,3
"261868000000",46,49,1,7,7,0
"261871000000",NA,NA,NA,99,99,9
"261873000000",61,NA,3,2,99,0
"261874000000",47,NA,3,2,99,0
"261877000000",65,63,1,2,2,0
"261882000000",NA,NA,NA,99,99,9
"261882000000",61,NA,3,2,99,0
"261883000000",57,46,1,1,1,9
"261883000000",49,NA,3,2,99,0
"261884000000",60,NA,3,2,99,0
"261885000000",51,38,2,7,2,0
"261885000000",46,NA,3,2,99,0
"261887000000",70,71,1,2,2,2
"261887000000",70,71,1,2,2,2
"261889000000",53,35,1,1,1,9
"261889000000",53,35,1,1,1,9
"261889000000",59,54,1,1,1,0
"261889000000",64,70,2,1,1,0
"261893000000",48,56,1,7,7,2
"261893000000",60,NA,3,2,99,0
"261894000000",43,46,1,1,1,0
"261894000000",50,40,1,1,1,0
"261894000000",45,45,1,1,1,0
"261894000000",55,NA,3,7,99,9
"261895000000",42,42,1,1,1,9
"261899000000",64,NA,3,2,99,0
"261899000000",35,35,1,1,1,0
"261899000000",55,66,1,2,2,0
"261900000000",53,61,1,7,7,0
"261900000000",35,34,1,1,1,1
"261901000000",40,40,1,1,1,1
"261902000000",34,NA,3,2,99,0
"261906000000",52,49,2,2,2,0
"261913000000",41,44,1,1,7,0
"261918000000",46,45,2,1,1,0
"261919000000",60,73,1,7,7,3
"261921000000",47,NA,3,2,99,0
"261922000000",43,NA,3,1,99,1
"261923000000",43,NA,3,2,99,0
"261924000000",46,45,1,1,1,0
"261925000000",40,45,1,1,1,1
"261928000000",31,32,1,1,1,9
"261930000000",38,40,1,1,1,9
"261933000000",34,32,1,1,1,1
"261934000000",43,53,1,2,2,2
"261934000000",51,NA,3,1,99,0
"261936000000",45,44,1,1,1,0
"261937000000",37,NA,3,1,99,0
"261942000000",63,NA,3,7,99,3
"261944000000",30,32,1,1,1,0
"261944000000",53,NA,3,7,99,3
"261945000000",36,34,1,7,7,3
"261946000000",38,38,1,1,1,9
"261952000000",59,41,2,7,7,0
"261953000000",53,50,1,1,1,9
"261954000000",38,NA,3,7,99,9
"261955000000",45,44,1,1,1,0
"261955000000",51,50,1,1,1,1
"261955000000",67,NA,3,2,99,0
"261956000000",41,52,1,1,1,0
"261956000000",48,54,1,1,1,0
"261959000000",24,28,1,1,1,0
"261960000000",57,56,1,1,1,0
"261960000000",30,30,1,1,1,9
"261960000000",45,NA,3,2,99,0
"261961000000",48,44,1,1,1,0
"261961000000",48,44,1,1,1,0
"261961000000",48,NA,3,2,99,9
"261962000000",63,NA,3,2,99,3
"261963000000",38,32,1,1,99,9
"261965000000",35,NA,3,2,99,2
"261966000000",37,32,1,2,2,2
"261975000000",33,34,1,1,1,0
"261976000000",42,NA,3,2,99,0
"261978000000",50,52,1,7,7,0
"261979000000",50,49,1,1,1,0
"261980000000",58,60,1,1,1,0
"261981000000",47,NA,3,2,99,9
"261981000000",37,37,1,99,99,9
"261982000000",61,NA,3,2,99,0
"261983000000",30,NA,3,1,99,9
"261985000000",51,51,1,1,1,0
"261985000000",51,51,1,1,1,0
"261986000000",46,51,1,2,2,0
"261987000000",48,51,1,1,1,1
"261989000000",70,NA,3,7,99,2
"261990000000",70,70,1,2,2,0
"261993000000",49,NA,3,2,99,0
"261995000000",43,56,1,7,7,0
"261999000000",35,36,1,7,7,0
"262002000000",53,45,1,2,2,0
"262007000000",35,32,1,1,1,0
"262009000000",50,55,1,2,2,0
"262011000000",30,45,1,1,7,0
"262011000000",34,34,1,1,1,0
"262012000000",46,NA,3,1,99,0
"262014000000",NA,NA,NA,99,99,9
"262016000000",38,NA,3,2,99,0
"262018000000",55,49,1,1,1,9
"262019000000",37,45,1,1,1,0
"262020000000",52,60,1,2,2,0
"262020000000",49,48,1,1,1,1
"262021000000",50,44,1,1,1,9
"262023000000",56,56,1,2,2,0
"262023000000",56,56,1,2,2,0
"262023000000",33,NA,4,7,99,9
"262024000000",57,63,1,1,1,9
"262030000000",63,49,1,1,1,1
"262030000000",63,49,1,1,1,1
"262032000000",50,49,1,2,7,0
"262034000000",41,44,1,1,1,0
"262034000000",49,NA,3,7,99,3
"262036000000",53,57,1,1,1,9
"262037000000",30,NA,3,1,99,9
"262040000000",33,33,1,1,1,0
"262041000000",58,57,1,1,1,0
"262044000000",51,NA,3,2,99,0
"262051000000",47,49,1,1,1,0
"262052000000",57,NA,3,2,99,0
"262065000000",43,40,1,1,1,1
"262065000000",47,47,1,1,1,0
"262068000000",33,32,2,1,1,1
"262069000000",43,52,1,7,7,2
"262070000000",39,NA,3,1,99,0
"262072000000",40,30,2,1,1,0
"262072000000",52,NA,3,7,99,3
"262072000000",34,43,1,1,1,0
"262075000000",41,37,2,1,7,0
"262077000000",44,NA,4,2,99,0
"262077000000",40,NA,3,7,99,3
"262080000000",50,52,1,1,1,9
"262081000000",39,43,1,1,1,1
"262081000000",56,58,1,2,2,0
"262087000000",45,50,1,2,2,0
"262089000000",56,56,1,1,1,0
"262100000000",49,46,2,1,1,1
"262100000000",49,46,2,1,1,9
"262101000000",46,NA,3,7,99,3
"262103000000",48,46,1,7,1,0
"262104000000",50,NA,3,7,99,3
"262105000000",38,39,1,1,1,0
"262106000000",47,NA,3,2,99,0
"262106000000",45,NA,3,2,99,0
"262107000000",38,39,1,1,1,1
"262107000000",49,NA,3,7,99,3
"262108000000",49,51,1,1,1,9
"262108000000",49,48,1,1,1,0
"262108000000",49,48,1,1,1,0
"262108000000",49,48,1,1,1,0
"262111000000",34,NA,4,7,99,0
"262113000000",63,54,1,1,1,0
"262113000000",61,NA,3,7,99,3
"262114000000",50,37,1,1,1,0
"262114000000",51,52,1,2,2,0
"262116000000",45,40,1,1,1,9
"262117000000",55,53,1,1,1,0
"262117000000",49,NA,3,2,99,0
"262120000000",28,27,1,1,1,9
"262126000000",45,NA,3,1,99,1
"262126000000",40,39,1,1,1,1
"262129000000",54,47,1,1,1,9
"262131000000",58,61,1,2,2,9
"262131000000",40,NA,3,1,99,9
"262133000000",36,38,2,1,1,1
"262133000000",38,38,1,1,1,9
"262134000000",48,55,1,1,2,9
"262136000000",36,41,1,1,1,0
"262136000000",38,NA,3,7,99,0
"262137000000",35,35,1,1,1,0
"262138000000",55,NA,3,2,99,0
"262140000000",55,60,1,1,1,0
"262140000000",72,47,1,1,1,1
"262148000000",32,NA,3,1,99,0
"262149000000",42,NA,3,2,99,0
"262149000000",37,37,1,1,1,0
"262152000000",65,NA,3,2,99,2
"262155000000",32,32,1,1,1,0
"262157000000",54,41,1,7,7,3
"262158000000",46,NA,3,2,99,0
"262160000000",54,43,2,1,1,9
"262164000000",33,36,1,1,1,0
"262165000000",26,NA,3,1,99,0
"262165000000",47,47,1,1,1,1
"262166000000",45,46,1,1,1,0
"262166000000",53,NA,3,1,99,0
"262166000000",41,NA,3,2,99,0
"262173000000",35,NA,3,1,99,0
"262173000000",42,37,1,1,1,0
"262178000000",43,46,1,1,1,0
"262183000000",40,38,1,1,7,0
"262185000000",48,47,1,1,1,0
"262185000000",60,NA,3,2,99,0
"262185000000",48,49,1,1,1,0
"262189000000",39,NA,3,1,99,0
"262192000000",NA,NA,NA,99,99,9
"262195000000",30,31,1,1,1,0
"262201000000",43,40,1,2,7,9
"262202000000",51,62,2,99,99,9
"262202000000",61,NA,3,2,99,0
"262213000000",34,NA,3,1,99,0
"262214000000",74,80,1,2,2,0
"262215000000",45,43,1,1,1,0
"262218000000",34,35,1,1,1,0
"262222000000",36,38,1,1,1,0
"262222000000",50,NA,3,7,99,0
"262232000000",54,52,1,1,1,0
"262237000000",52,NA,3,2,99,3
"262244000000",46,NA,3,2,99,0
"262245000000",42,43,2,2,2,3
"262245000000",42,43,2,2,2,3
"262245000000",42,43,2,2,2,3
"262245000000",42,43,2,2,2,3
"262246000000",NA,NA,NA,99,99,9
"262248000000",59,53,1,7,7,0
"262248000000",59,53,1,7,7,0
"262251000000",49,52,1,7,7,0
"262252000000",58,67,1,2,2,2
"262254000000",30,45,1,1,7,0
"262257000000",51,NA,3,7,99,0
"262259000000",53,NA,3,2,99,0
"262259000000",53,NA,3,2,99,0
"262264000000",67,NA,3,7,99,3
"262265000000",54,49,1,1,1,0
"262282000000",43,NA,3,2,99,0
"262285000000",52,NA,3,2,99,2
"262285000000",52,NA,3,2,99,2
"262285000000",52,NA,3,2,99,2
"262285000000",56,50,1,2,2,3
"262285000000",51,NA,3,2,99,0
"262287000000",50,39,1,1,1,0
"262303000000",37,NA,3,2,99,0
"262303000000",37,NA,3,2,99,0
"262303000000",37,NA,3,2,99,0
"262306000000",58,NA,3,2,99,0
"262309000000",58,NA,3,7,99,0
"262310000000",47,48,1,7,7,2
"262313000000",33,NA,3,2,99,0
"262313000000",68,68,1,7,7,3
"262314000000",64,64,1,7,7,0
"262314000000",49,38,1,1,1,0
"262315000000",49,NA,3,7,99,3
"262316000000",37,NA,3,2,99,0
"262317000000",60,58,1,1,1,0
"262321000000",55,NA,4,2,99,0
"262323000000",71,NA,3,2,99,0
"262326000000",53,NA,3,2,99,9
"262330000000",51,NA,3,7,99,0
"262336000000",30,30,1,1,1,0
"262342000000",NA,NA,NA,99,99,9
"262344000000",62,NA,3,7,99,0
"262346000000",45,NA,3,1,99,9
"262347000000",57,NA,3,2,99,0
"262348000000",61,NA,3,2,99,0
"262349000000",57,NA,4,2,99,0
"262352000000",58,NA,3,2,99,0
"262352000000",30,NA,3,1,99,0
"262356000000",70,NA,3,1,99,0
"262360000000",56,57,1,1,1,0
"262361000000",48,50,1,7,7,9
"262364000000",63,NA,3,2,99,0
"262365000000",65,NA,3,2,99,0
"262366000000",56,50,1,2,2,3
"262369000000",51,NA,3,1,99,0
"262375000000",44,44,1,1,1,0
"262375000000",71,73,1,1,1,0
"262381000000",50,50,1,1,7,3
"262381000000",60,NA,3,7,99,3
"262381000000",60,NA,3,7,99,3
"262385000000",58,NA,4,1,99,0
"262386000000",60,NA,3,2,99,0
"262390000000",29,31,2,1,1,9
"262396000000",59,62,1,7,7,0
"262396000000",59,62,1,7,7,0
"262397000000",64,NA,3,1,99,1
"262398000000",59,NA,3,2,99,2
"262402000000",49,NA,3,2,99,0
"262402000000",50,78,1,1,1,9
"262403000000",49,NA,3,7,99,0
"262403000000",49,NA,3,7,99,0
"262405000000",74,78,1,2,2,0
"262405000000",74,78,1,2,2,0
"262410000000",59,NA,3,2,99,0
"262411000000",33,34,1,1,1,1
"262412000000",48,NA,3,2,99,0
"262412000000",32,31,1,4,4,3
"262414000000",50,NA,3,7,99,0
"262417000000",51,59,1,1,7,0
"262418000000",46,NA,3,2,99,0
"262419000000",38,NA,3,2,99,9
"262419000000",69,NA,3,7,99,2
"262420000000",28,30,1,1,1,1
"262422000000",65,NA,3,2,99,0
"262425000000",49,NA,3,1,99,1
"262425000000",53,NA,3,2,99,0
"262429000000",64,NA,3,2,99,0
"262431000000",51,NA,3,1,99,0
"262431000000",59,NA,3,1,99,0
"262435000000",36,NA,3,2,99,0
"262437000000",NA,NA,NA,99,99,9
"262437000000",56,50,1,1,1,0
"262439000000",53,49,1,1,1,9
"262440000000",53,51,1,7,7,0
"262442000000",51,NA,3,2,99,3
"262445000000",29,29,1,1,2,0
"262449000000",38,47,1,7,2,0
"262452000000",NA,NA,NA,99,99,9
"262452000000",NA,NA,NA,99,99,9
"262452000000",49,53,1,1,1,0
"262453000000",30,34,1,1,1,0
"262457000000",46,42,1,1,1,9
"262457000000",56,NA,3,7,99,0
"262458000000",45,35,1,1,1,9
"262463000000",54,NA,3,2,99,0
"262463000000",54,NA,3,2,99,0
"262464000000",49,NA,3,2,99,0
"262467000000",59,NA,3,2,99,0
"262468000000",51,57,1,1,1,0
"262468000000",65,NA,3,2,99,0
"262473000000",56,NA,3,7,99,0
"262474000000",64,64,1,7,7,0
"262478000000",51,NA,3,2,99,0
"262478000000",51,NA,3,2,99,0
"262478000000",51,NA,3,2,99,0
"262481000000",42,NA,3,2,99,9
"262482000000",56,56,1,1,1,0
"262484000000",55,55,1,1,1,0
"262485000000",50,NA,3,2,99,0
"262485000000",50,NA,3,2,99,0
"262485000000",50,NA,3,2,99,0
"262487000000",30,NA,3,1,99,0
"262487000000",NA,NA,NA,99,99,9
"262492000000",32,33,1,1,2,9
"262492000000",50,NA,3,99,99,9
"262497000000",54,NA,3,2,99,0
"262497000000",59,NA,3,2,99,3
"262498000000",49,NA,3,2,99,0
"262499000000",81,NA,3,2,99,0
"262499000000",81,NA,3,2,99,0
"262499000000",53,NA,3,2,99,0
"262499000000",81,NA,3,2,99,0
"262499000000",47,37,1,7,7,0
"262502000000",61,57,1,7,7,0
"262504000000",60,43,1,2,2,0
"262505000000",57,NA,4,2,99,0
"262511000000",57,54,1,1,1,0
"262511000000",40,39,2,1,1,1
"262511000000",44,NA,3,2,99,3
"262517000000",54,60,1,2,2,0
"262517000000",60,NA,3,2,99,0
"262521000000",41,NA,3,2,99,3
"262523000000",54,NA,3,2,99,0
"262526000000",70,NA,3,2,99,3
"262527000000",54,56,1,2,2,0
"262527000000",47,47,1,1,1,0
"262528000000",49,43,1,7,7,2
"262530000000",39,39,1,1,1,0
"262530000000",42,58,1,3,3,0
"262532000000",65,NA,3,2,99,2
"262532000000",53,48,1,1,1,0
"262533000000",49,46,1,1,1,0
"262533000000",49,46,1,1,1,0
"262535000000",43,52,1,7,7,9
"262537000000",57,NA,3,2,99,0
"262539000000",45,45,1,1,1,0
"262546000000",NA,NA,NA,99,99,9
"262547000000",38,NA,3,99,99,9
"262547000000",38,NA,3,99,99,9
"262550000000",65,NA,3,1,99,1
"262552000000",50,NA,3,2,99,0
"262553000000",47,48,1,1,1,0
"262553000000",58,60,1,2,2,3
"262555000000",58,65,1,7,7,0
"262555000000",58,65,1,7,7,0
"262555000000",58,65,1,7,7,0
"262555000000",40,43,1,1,1,0
"262557000000",44,NA,3,99,99,9
"262565000000",43,NA,3,2,99,0
"262565000000",53,51,1,7,2,0
"262568000000",61,62,1,1,1,0
"262568000000",61,62,1,1,1,0
"262568000000",NA,NA,NA,99,99,9
"262574000000",52,NA,3,7,99,9
"262577000000",76,NA,3,2,99,0
"262577000000",76,NA,3,2,99,9
"262579000000",57,NA,3,2,99,0
"262579000000",34,NA,3,2,99,0
"262580000000",64,NA,4,2,99,0
"262580000000",35,NA,3,2,99,0
"262581000000",58,55,1,1,1,0
"262582000000",43,NA,3,2,99,9
"262584000000",53,NA,3,7,99,0
"262586000000",27,28,1,1,1,0
"262587000000",55,65,1,2,2,0
"262589000000",41,41,1,1,1,0
"262591000000",33,41,1,1,1,0
"262596000000",56,NA,3,2,99,0
"262598000000",52,NA,3,2,99,0
"262598000000",52,NA,3,2,99,0
"262600000000",52,NA,3,7,99,0
"262604000000",26,28,1,1,1,9
"262604000000",39,NA,3,1,99,0
"262607000000",56,NA,3,2,99,0
"262609000000",59,53,1,7,7,0
"262610000000",59,NA,3,2,99,0
"262610000000",53,55,1,2,2,0
"262611000000",56,35,1,7,7,3
"262613000000",NA,NA,NA,99,99,9
"262615000000",38,47,1,1,1,0
"262622000000",43,NA,3,2,99,0
"262624000000",34,35,1,1,1,0
"262624000000",54,NA,3,2,99,0
"262629000000",37,NA,3,2,99,9
"262631000000",46,NA,3,2,99,0
"262631000000",46,NA,3,2,99,0
"262631000000",46,NA,3,2,99,0
"262634000000",38,NA,4,2,99,0
"262637000000",37,NA,3,1,99,1
"262638000000",46,NA,3,2,99,0
"262648000000",61,NA,3,2,99,3
"262648000000",61,NA,3,2,99,3
"262659000000",48,NA,3,7,99,3
"262664000000",51,49,1,7,7,0
"262666000000",42,35,1,1,1,0
"262668000000",53,54,1,7,7,0
"262669000000",60,NA,3,2,99,0
"262674000000",46,NA,3,2,99,0
"262674000000",46,NA,3,2,99,0
"262675000000",35,41,1,1,1,0
"262679000000",62,NA,3,2,99,2
"262679000000",44,49,1,7,7,2
"262680000000",50,NA,3,2,99,0
"262683000000",40,38,1,1,1,9
"262686000000",65,NA,3,2,99,0
"262691000000",47,NA,3,2,99,0
"262691000000",48,NA,3,2,99,0
"262695000000",65,NA,3,2,99,0
"262696000000",38,46,1,7,7,3
"262696000000",38,46,1,7,7,9
"262699000000",53,NA,3,7,99,0
"262699000000",53,NA,3,7,99,0
