"RECNUM","SEX","AGYSPNDS","AgeAtAdopt","ChildRace","BioMomAgeAtBirth","MOMARRD","AdoptMomAge","AdoptDadAge","ADPFAMST","MomRace","DadRace","Transracial"
"10115515140",2,2,0,1,20,1,33,33,1,1,1,0
"10185923110",1,2,1,2,29,2,45,54,1,1,1,1
"10199738080",2,2,0,1,24,2,36,45,1,1,1,0
"10206906020",2,2,0,99,28,2,41,44,1,1,1,9
"10286352150",1,2,1,99,36,2,32,32,1,1,1,9
"10291477140",2,2,0,99,23,2,43,39,1,1,1,9
"10291478120",1,2,0,99,23,2,43,39,1,1,1,9
"10302822130",1,2,0,1,24,2,60,65,1,1,1,0
"10330723240",1,2,0,99,22,2,50,52,1,1,1,9
"10614847090",2,2,0,1,28,2,47,42,1,1,1,0
"10617944030",2,2,0,99,24,2,32,29,1,1,1,9
"10698877230",1,2,0,1,15,NA,NA,NA,NA,99,99,9
"10835477240",2,2,0,99,32,2,42,39,1,1,1,9
"10861672080",1,2,0,99,23,1,38,36,1,1,1,9
"12204218080",1,2,1,1,24,2,38,43,1,1,1,0
"12204384010",1,2,2,99,23,2,49,NA,3,2,99,9
"12209504080",2,2,1,99,23,2,50,55,1,7,99,9
"12211837170",1,2,2,99,26,2,26,32,1,1,1,9
"12212759200",1,2,2,99,31,2,42,48,1,1,1,9
"12216673140",2,2,1,99,22,2,60,63,1,1,1,9
"12216901220",1,2,2,1,29,2,46,42,1,7,7,2
"12219536050",2,2,1,1,26,2,40,30,2,1,1,0
"12222439200",1,2,2,2,42,2,44,34,1,2,2,0
"12223880160",1,2,1,1,26,2,39,49,1,1,1,0
"12225039010",2,2,2,2,30,2,64,55,1,2,2,0
"12228044060",2,2,2,1,20,1,51,53,1,1,1,0
"12228543160",2,2,1,1,36,1,58,55,1,1,1,0
"12231388170",1,2,1,1,20,2,52,43,1,1,1,0
"12240120110",1,2,0,99,23,2,56,60,2,1,2,9
"12241623180",2,2,1,1,26,2,45,NA,3,1,99,0
"12244960020",2,2,1,2,26,3,27,NA,3,2,99,0
"12245629110",1,2,1,1,26,2,40,43,1,1,1,0
"12248980250",2,2,1,1,24,1,38,30,1,1,1,0
"12248993150",1,2,1,3,30,2,34,37,1,1,1,1
"12252116060",2,2,1,1,25,2,49,51,1,1,1,0
"12258639190",1,2,2,1,29,2,36,30,1,1,1,0
"12258751190",2,2,1,4,40,3,51,51,1,1,1,1
"12262631050",1,2,2,2,31,2,38,NA,3,2,99,0
"12266345240",1,2,1,1,23,2,38,34,1,1,1,0
"12267089060",1,2,1,1,35,2,34,35,1,1,1,0
"12274307130",1,2,1,1,24,2,55,53,1,1,1,0
"12276175190",2,2,1,99,30,2,32,28,1,1,1,9
"12277593130",1,2,3,1,20,1,28,53,2,1,7,0
"12277594110",2,2,2,1,21,1,28,53,2,1,7,0
"12279057030",2,2,1,99,22,2,55,52,1,1,1,9
"12285210030",1,2,1,1,24,2,43,47,1,1,1,0
"12285795160",1,2,1,1,25,1,59,53,1,1,1,0
"12288970160",1,2,0,1,25,2,37,32,1,2,2,2
"12289439150",1,2,1,1,21,2,36,36,1,1,1,0
"12292194130",2,2,2,99,19,2,31,NA,3,1,99,9
"12293705030",1,2,4,1,19,2,45,NA,4,1,99,0
"12294844140",2,2,1,7,28,2,40,42,1,7,7,0
"12297576200",2,2,1,99,28,2,49,51,1,1,1,9
"12301187210",2,2,1,4,37,2,66,71,1,4,4,0
"12303909220",2,2,0,2,27,2,30,32,1,1,1,1
"12313142030",1,2,1,2,31,2,48,NA,3,2,99,0
"12313228170",2,2,1,2,32,2,35,38,1,1,1,1
"12315269130",1,2,1,1,20,2,24,25,2,1,1,0
"12316112160",1,2,1,1,30,2,50,NA,3,1,99,0
"12317720210",2,2,1,1,30,2,47,NA,3,5,99,2
"12328643130",2,2,1,1,28,2,43,44,1,1,1,0
"12331519080",1,2,1,2,27,2,32,34,1,1,1,1
"12334698150",1,2,1,1,28,2,30,NA,3,1,99,0
"12336558050",1,2,1,2,31,2,48,36,1,2,2,0
"12337770030",1,2,15,2,38,2,56,NA,3,2,99,0
"12344511140",2,2,1,1,25,2,43,43,1,1,1,0
"12351216210",1,2,0,1,33,1,35,35,1,1,1,0
"12352457170",2,2,1,99,23,2,44,NA,3,1,99,9
"12353009260",1,2,0,1,23,2,29,30,2,1,1,0
"12354282220",2,2,1,1,22,2,38,49,1,1,1,0
"12355251200",2,2,1,1,27,2,35,38,1,1,1,0
"12355803110",2,2,0,1,22,2,32,30,1,1,1,0
"12356646120",1,2,1,1,22,1,47,42,1,1,1,0
"12357903170",2,2,1,1,23,2,47,44,1,1,1,0
"12359540050",1,2,1,2,27,2,48,49,1,1,1,1
"12361085250",1,2,1,1,24,2,38,43,1,1,1,0
"12364118140",1,2,1,99,34,1,49,47,1,1,1,9
"12379075050",2,2,1,1,23,2,43,36,1,7,1,0
"12386969160",1,2,1,1,18,3,50,50,1,2,2,2
"12423436200",1,2,1,99,17,2,40,NA,3,1,99,9
"12452751090",1,2,0,1,20,2,39,39,1,1,1,0
"12467393250",1,2,1,1,35,2,42,53,1,1,1,0
"12477870130",1,2,1,7,23,2,44,NA,3,1,99,1
"12479978260",2,2,1,1,22,2,40,40,1,1,1,0
"12528239240",1,2,1,1,38,2,33,36,1,1,7,0
"12534938250",1,2,0,1,33,2,35,37,1,1,1,0
"12574601160",2,2,1,1,30,2,43,44,1,1,1,0
"12582006060",1,2,1,1,31,2,35,NA,4,7,99,9
"12597536020",2,2,1,1,25,2,58,50,1,1,1,0
"12612275110",1,2,1,1,32,2,46,49,1,1,2,0
"12629142060",1,2,1,2,31,2,49,56,1,1,1,1
"12653048010",2,2,0,1,36,NA,NA,NA,NA,99,99,9
"12662517060",1,2,0,1,33,1,43,52,1,7,7,2
"12677154090",2,2,1,1,36,2,45,50,1,1,1,0
"12677155060",2,2,1,1,36,2,45,50,1,1,1,0
"12698447190",2,2,1,1,20,2,49,45,1,3,3,2
"240841000000",1,2,20,1,NA,2,63,NA,3,1,99,0
"241151000000",1,2,19,1,18,2,66,NA,3,1,99,0
"241165000000",2,2,19,1,22,NA,NA,NA,NA,99,99,9
"241625000000",1,1,20,2,26,2,49,NA,3,2,99,0
"241660000000",1,2,18,2,23,1,54,51,1,1,7,3
"241694000000",2,2,18,1,21,1,57,67,1,1,1,0
"241706000000",2,2,17,1,19,2,40,39,1,1,1,0
"241734000000",1,2,17,2,23,1,46,47,1,5,1,3
"241800000000",1,2,17,1,23,3,39,41,1,1,3,0
"241824000000",2,2,17,1,34,1,39,42,1,1,1,0
"241832000000",1,2,17,2,33,3,57,58,2,99,99,9
"241839000000",1,2,17,1,23,3,61,58,1,1,1,0
"241881000000",2,1,18,2,NA,2,45,NA,3,7,99,3
"241884000000",1,2,20,2,31,2,58,NA,3,2,99,0
"241903000000",1,1,18,1,32,2,53,NA,3,1,99,0
"241918000000",1,1,18,99,18,2,43,NA,4,1,99,9
"241919000000",1,2,17,1,28,2,47,48,1,1,1,0
"241927000000",1,2,16,1,19,2,80,NA,3,2,99,2
"241954000000",1,2,17,6,29,2,54,NA,3,2,99,3
"241959000000",1,2,18,1,20,3,38,NA,4,1,99,0
"241968000000",1,2,17,2,31,3,55,NA,3,99,99,9
"241979000000",2,2,17,7,30,2,64,NA,3,7,99,0
"242048000000",2,2,17,2,25,2,53,NA,3,2,99,0
"242052000000",1,2,16,1,NA,1,57,NA,3,1,99,0
"242059000000",1,2,16,2,24,1,46,47,1,1,1,1
"242070000000",2,2,17,2,12,3,55,NA,3,99,99,9
"242070000000",1,2,17,99,18,2,76,NA,3,2,99,9
"242086000000",2,2,16,1,28,1,60,58,1,1,1,0
"242089000000",1,2,16,1,NA,2,41,NA,3,1,99,0
"242125000000",1,2,18,2,23,2,51,NA,3,2,99,0
"242133000000",1,2,16,1,20,1,54,54,1,1,1,0
"242135000000",2,2,18,2,24,3,39,NA,3,2,99,0
"242139000000",1,2,16,1,31,2,53,55,1,1,1,0
"242146000000",1,2,16,1,23,2,43,38,1,1,1,0
"242147000000",1,1,16,2,28,2,64,NA,3,2,99,0
"242162000000",1,2,16,1,37,1,52,NA,4,1,99,0
"242173000000",2,2,16,1,26,2,44,44,1,1,1,0
"250100000000",1,2,13,1,20,1,66,NA,4,1,99,0
"250103000000",1,2,15,2,14,2,51,NA,3,2,99,0
"250106000000",2,2,13,1,22,2,58,68,1,1,1,0
"250115000000",1,2,18,1,NA,2,52,48,1,1,1,0
"250135000000",1,1,14,7,36,2,41,60,1,2,2,3
"250143000000",1,2,15,2,32,2,51,NA,3,2,99,0
"250151000000",2,2,15,1,33,1,47,NA,3,1,99,0
"250162000000",2,2,13,2,22,2,43,NA,3,2,99,0
"250164000000",1,2,13,99,32,2,64,67,1,1,1,9
"250178000000",1,2,14,1,18,2,56,57,1,1,1,0
"250179000000",1,2,13,1,22,2,45,46,1,1,1,0
"250179000000",1,2,13,1,27,1,39,41,1,1,3,0
"250179000000",1,2,13,2,17,2,55,NA,3,2,99,0
"250186000000",2,2,13,1,32,1,64,64,1,1,1,0
"250195000000",1,2,14,2,20,3,37,NA,3,2,99,0
"250200000000",1,2,13,99,18,2,44,44,1,1,1,9
"250209000000",1,2,13,1,27,2,40,NA,3,1,99,0
"250239000000",1,2,13,7,38,2,60,NA,4,2,99,9
"250239000000",1,2,13,1,32,1,56,NA,3,1,99,0
"250257000000",1,2,14,1,22,2,68,66,2,1,1,0
"250262000000",1,2,13,2,35,3,53,NA,3,2,99,0
"250268000000",1,2,17,7,25,2,66,NA,3,2,99,3
"250268000000",1,2,15,7,28,2,66,NA,3,2,99,3
"250268000000",1,2,15,7,28,2,66,NA,3,2,99,3
"250272000000",1,2,14,2,23,2,60,NA,3,2,99,0
"250279000000",2,2,13,2,18,2,67,71,1,2,2,0
"250287000000",1,2,13,1,31,1,47,45,1,1,1,0
"250302000000",2,2,14,2,21,2,33,NA,3,2,99,0
"250328000000",2,2,17,2,21,2,44,NA,3,2,99,0
"250332000000",2,2,13,1,29,1,45,48,1,1,1,0
"250344000000",1,2,14,2,35,3,67,NA,3,7,99,3
"250374000000",1,2,13,99,20,1,62,NA,3,2,99,9
"250380000000",1,2,12,1,18,2,46,42,1,1,1,0
"250394000000",1,2,15,2,21,2,45,NA,4,2,99,0
"250396000000",2,2,18,2,27,2,44,NA,3,2,99,0
"250505000000",2,2,12,99,28,2,56,63,1,1,1,9
"250508000000",2,2,17,2,28,2,31,NA,3,2,99,0
"250513000000",1,2,13,1,32,1,42,44,1,1,1,0
"250520000000",1,2,12,1,40,1,65,64,1,2,2,2
"250524000000",1,2,13,2,17,3,47,48,1,2,2,0
"250527000000",1,2,12,7,23,2,52,NA,3,2,99,3
"250531000000",2,2,15,2,20,3,52,NA,3,7,99,3
"250531000000",1,2,14,2,21,3,52,NA,3,7,99,3
"250549000000",2,2,12,1,23,2,74,52,1,1,1,0
"250556000000",2,2,12,1,24,2,67,NA,3,1,99,0
"250567000000",1,2,13,7,38,2,49,51,1,7,7,0
"250591000000",2,2,13,2,28,2,63,NA,3,1,99,1
"250596000000",2,2,14,1,18,2,54,51,1,1,1,0
"250598000000",2,2,12,1,29,1,49,NA,3,1,99,0
"250603000000",1,2,14,1,25,3,38,36,1,2,2,2
"250613000000",2,2,13,1,22,2,45,52,1,1,1,0
"250620000000",2,2,12,1,21,2,41,46,1,1,1,0
"250620000000",2,2,12,2,16,2,62,NA,3,7,99,3
"250637000000",2,2,12,1,23,2,69,71,1,1,1,0
"250643000000",2,2,13,2,29,2,53,NA,3,2,99,0
"250647000000",2,2,12,2,39,3,53,NA,3,2,99,0
"250647000000",2,2,15,7,21,2,47,50,1,7,7,0
"250650000000",1,1,12,2,27,2,60,NA,3,2,99,0
"250661000000",2,2,12,1,17,2,51,NA,3,1,99,0
"250664000000",2,2,11,1,27,3,53,NA,3,1,99,0
"250670000000",1,2,12,1,16,3,59,57,1,1,1,0
"250681000000",2,2,10,99,22,2,38,NA,3,2,99,9
"250693000000",2,2,13,7,17,3,58,60,1,2,2,3
"250694000000",2,2,12,1,19,1,45,45,1,1,1,0
"250809000000",2,2,13,2,28,2,59,NA,3,2,99,0
"250820000000",1,2,13,7,26,2,60,NA,3,2,99,3
"250823000000",2,2,12,7,15,2,48,NA,3,7,99,0
"250834000000",1,2,12,1,18,2,43,43,1,1,1,0
"250838000000",1,2,14,2,21,2,53,NA,3,2,99,0
"250843000000",1,2,11,1,21,1,54,51,1,1,1,0
"250850000000",1,2,12,99,20,2,38,NA,3,2,99,9
"250855000000",1,2,12,2,22,2,46,47,1,2,2,0
"250856000000",1,2,11,1,17,2,55,55,1,1,1,0
"250871000000",2,2,12,1,23,2,69,70,1,1,1,0
"250872000000",1,2,12,1,24,2,49,NA,3,1,99,0
"250876000000",1,2,12,7,23,1,49,45,1,1,1,1
"250878000000",2,2,11,1,31,2,42,NA,3,2,99,2
"250899000000",2,2,12,7,38,3,62,60,1,2,2,3
"250916000000",2,2,11,99,31,2,44,44,1,1,1,9
"250918000000",1,2,16,7,NA,3,47,NA,4,7,99,0
"250918000000",2,2,12,2,33,2,31,NA,3,2,99,0
"250918000000",2,2,12,2,33,2,31,NA,3,2,99,0
"250945000000",2,2,12,1,22,NA,NA,NA,NA,99,99,9
"250951000000",2,2,12,1,22,1,52,43,1,7,7,2
"250952000000",1,1,12,7,18,2,55,56,1,2,2,3
"250956000000",1,2,17,7,20,2,41,41,1,7,7,0
"250956000000",2,2,13,7,25,2,40,41,1,7,7,0
"250959000000",2,2,11,1,29,2,40,NA,3,5,99,2
"250965000000",1,2,11,1,24,2,63,NA,3,1,99,0
"250984000000",1,2,11,2,29,2,45,NA,3,2,99,0
"250990000000",1,2,11,1,24,2,74,52,1,1,1,0
"250996000000",1,2,11,7,19,3,58,60,1,2,2,3
"251101000000",1,2,11,7,20,2,71,65,1,1,1,1
"251121000000",1,2,12,1,26,2,78,NA,3,7,99,2
"251140000000",1,2,11,7,26,1,55,NA,3,2,99,3
"251142000000",1,2,11,1,23,1,65,NA,3,1,99,0
"251147000000",2,2,12,2,39,3,41,NA,3,2,99,0
"251149000000",1,1,12,2,30,2,50,NA,3,7,99,3
"251151000000",2,2,11,2,32,3,51,NA,3,2,99,0
"251151000000",2,2,12,2,31,3,51,NA,3,2,99,0
"251158000000",1,2,11,1,21,3,51,62,2,7,7,2
"251193000000",2,2,14,1,39,2,44,49,1,1,1,0
"251199000000",2,1,15,7,NA,2,66,NA,3,7,99,0
"251204000000",2,2,11,1,18,2,34,NA,3,1,99,0
"251210000000",2,2,12,2,19,2,57,NA,3,2,99,0
"251223000000",2,2,12,7,20,2,67,NA,3,2,99,3
"251225000000",1,2,10,1,21,2,44,44,1,1,1,0
"251236000000",2,2,13,2,31,2,53,NA,3,2,99,0
"251237000000",1,2,11,1,22,2,41,46,1,1,1,0
"251242000000",2,2,11,1,35,2,73,70,1,1,1,0
"251244000000",2,2,16,2,23,2,34,36,1,1,1,1
"251251000000",1,2,11,2,27,2,43,NA,3,2,99,0
"251253000000",2,2,15,7,41,2,78,NA,3,7,99,0
"251261000000",2,1,11,99,16,2,60,NA,3,2,99,9
"251264000000",1,2,11,2,24,2,68,66,2,1,1,1
"251270000000",2,2,11,1,28,2,32,NA,3,1,99,0
"251275000000",2,2,11,2,15,NA,NA,NA,NA,99,99,9
"251283000000",2,2,15,2,NA,3,48,NA,3,2,99,0
"251291000000",1,2,10,2,27,2,53,NA,3,2,99,0
"251293000000",1,2,11,1,26,2,50,50,1,1,1,0
"251299000000",1,2,13,7,34,2,53,42,1,2,2,3
"251301000000",1,2,10,99,22,2,41,40,1,1,1,9
"251315000000",2,2,12,2,40,2,49,NA,3,2,99,0
"251319000000",1,2,11,2,36,2,54,NA,3,2,99,0
"251321000000",2,2,11,2,19,2,50,50,1,1,1,1
"251321000000",1,2,11,2,36,2,54,NA,3,2,99,0
"251322000000",1,2,15,2,34,2,47,NA,3,2,99,0
"251322000000",1,2,13,2,35,2,47,NA,3,2,99,0
"251327000000",2,2,10,2,26,2,57,NA,3,2,99,0
"251334000000",2,2,11,1,24,2,60,58,1,1,1,0
"251343000000",2,2,10,99,20,1,29,29,1,1,2,9
"251349000000",1,2,10,1,26,2,67,NA,3,1,99,0
"251371000000",1,2,11,1,25,2,63,53,1,1,2,0
"251383000000",2,2,11,1,21,2,44,NA,3,1,99,0
"251384000000",2,2,10,1,18,2,37,40,1,1,1,0
"251385000000",2,1,10,6,36,2,57,NA,3,2,99,3
"251393000000",1,2,10,1,32,2,54,57,1,1,1,0
"251402000000",1,2,10,7,27,1,33,34,1,1,1,1
"251412000000",1,2,13,2,21,2,28,NA,4,7,99,9
"251424000000",1,2,10,1,33,2,54,57,1,1,1,0
"251426000000",2,2,10,1,19,2,43,43,1,1,1,0
"251430000000",1,2,10,1,18,NA,NA,NA,NA,99,99,9
"251439000000",2,2,11,2,19,3,33,NA,3,2,99,0
"251449000000",1,2,10,2,59,2,69,NA,3,2,99,0
"251469000000",1,2,10,1,34,1,47,45,1,1,1,0
"251474000000",2,2,11,2,42,2,69,NA,3,2,99,0
"251475000000",2,2,10,2,25,2,37,NA,3,2,99,0
"251477000000",2,2,16,2,NA,3,58,62,1,7,7,3
"251477000000",2,2,11,1,23,NA,NA,NA,NA,99,99,9
"251488000000",2,2,16,2,34,3,57,58,2,99,99,9
"251493000000",2,2,11,2,33,2,53,NA,3,2,99,0
"251494000000",1,2,12,2,20,2,63,69,1,2,2,0
"251525000000",2,2,10,1,19,2,52,59,1,1,1,0
"251528000000",1,2,12,2,22,2,78,NA,3,2,99,0
"251531000000",1,2,15,1,35,2,55,56,1,7,7,2
"251534000000",1,2,10,1,38,1,51,NA,3,1,99,0
"251537000000",2,2,15,1,19,2,53,52,1,1,1,0
"251537000000",1,2,11,1,23,2,53,52,1,1,1,0
"251538000000",1,2,10,2,24,2,69,NA,3,7,99,3
"251538000000",2,2,12,2,22,2,67,NA,3,2,99,0
"251542000000",2,2,11,2,19,2,60,NA,3,2,99,0
"251547000000",1,2,10,1,27,3,44,42,1,1,1,0
"251552000000",2,2,10,2,31,2,58,57,1,2,2,0
"251555000000",1,2,10,1,40,3,46,NA,3,7,99,2
"251557000000",1,2,10,99,22,2,49,49,2,1,1,9
"251557000000",2,2,11,2,21,2,50,55,1,2,2,0
"251563000000",1,2,11,99,31,2,61,NA,3,2,99,9
"251564000000",1,2,11,99,24,2,76,NA,3,2,99,9
"251566000000",1,2,10,2,14,2,65,NA,3,2,99,0
"251575000000",1,2,10,1,19,2,60,NA,3,7,99,2
"251579000000",2,2,10,99,36,2,64,67,1,1,1,9
"251579000000",2,2,11,1,35,2,60,NA,3,1,99,0
"251579000000",2,2,16,1,27,2,59,NA,3,7,99,2
"251579000000",2,2,14,1,29,2,59,NA,3,7,99,2
"251580000000",1,1,10,99,35,2,49,NA,3,2,99,9
"251584000000",2,2,10,2,21,2,49,50,1,2,2,0
"251596000000",2,2,14,2,18,NA,NA,NA,NA,99,99,9
"251596000000",2,2,11,2,20,NA,NA,NA,NA,99,99,9
"251608000000",1,2,13,7,22,3,66,NA,3,2,99,3
"251612000000",1,2,10,2,29,2,38,NA,4,2,99,0
"251614000000",2,2,9,1,19,1,46,42,1,1,1,0
"251636000000",1,2,10,99,26,2,55,52,1,2,2,9
"251656000000",1,2,9,1,21,3,53,NA,3,1,99,0
"251658000000",1,2,9,1,20,2,48,NA,3,1,99,0
"251661000000",2,2,10,1,35,1,42,44,1,1,1,0
"251666000000",1,2,10,2,21,2,50,NA,3,2,99,0
"251670000000",1,2,13,2,32,2,53,55,1,2,2,0
"251670000000",1,2,11,2,33,2,53,55,1,2,2,0
"251675000000",1,2,9,1,24,2,34,36,1,1,1,0
"251681000000",1,2,10,1,25,2,50,39,1,1,1,0
"251682000000",2,2,10,1,20,2,33,36,1,7,1,0
"251687000000",1,2,13,7,24,2,40,NA,4,2,99,9
"251689000000",2,2,9,7,33,1,41,41,1,2,2,3
"251689000000",1,2,9,7,28,1,33,34,1,1,1,1
"251689000000",2,2,9,2,22,NA,NA,NA,NA,99,99,9
"251698000000",1,2,9,7,28,2,40,NA,4,2,99,9
"251715000000",1,2,10,2,24,2,41,40,1,1,1,1
"251720000000",1,2,10,1,26,2,54,68,1,1,1,0
"251728000000",2,2,10,1,21,1,45,45,1,1,1,0
"251736000000",2,2,10,2,26,2,56,NA,3,2,99,0
"251737000000",2,2,10,7,40,3,62,60,1,2,2,3
"251739000000",2,2,9,1,20,2,34,NA,3,1,99,0
"251740000000",1,2,10,2,30,NA,NA,NA,NA,99,99,9
"251741000000",1,2,14,1,28,3,55,NA,3,7,99,2
"251741000000",1,2,12,1,29,1,55,NA,3,7,99,2
"251741000000",2,2,9,2,19,2,51,50,1,2,2,0
"251743000000",2,2,10,1,21,2,51,57,1,1,1,0
"251747000000",1,2,9,1,27,3,47,47,1,1,1,0
"251748000000",1,2,10,1,26,2,45,49,1,7,7,2
"251758000000",1,2,10,99,31,2,59,NA,3,1,99,9
"251758000000",2,2,14,7,32,3,62,NA,3,7,99,0
"251762000000",2,2,9,2,29,3,50,NA,3,99,99,9
"251764000000",2,2,10,99,24,2,76,NA,3,2,99,9
"251767000000",1,2,9,7,35,2,41,46,1,1,1,1
"251767000000",2,2,9,7,35,2,41,46,1,1,1,1
"251770000000",2,2,15,2,25,2,53,51,1,2,2,0
"251770000000",2,2,13,2,26,2,53,51,1,2,2,0
"251770000000",2,2,12,2,27,2,53,51,1,2,2,0
"251771000000",2,2,9,2,19,2,34,NA,3,2,99,0
"251789000000",1,2,9,2,29,2,53,55,1,2,2,0
"251793000000",1,2,10,1,25,2,56,57,1,1,1,0
"251797000000",2,2,9,1,23,2,52,56,1,1,1,0
"251797000000",2,2,10,1,38,2,29,NA,3,1,99,0
"251798000000",2,2,11,1,25,3,57,59,1,1,1,0
"251798000000",2,2,10,2,27,2,57,62,1,2,2,0
"251800000000",1,2,9,2,20,2,50,50,1,1,1,1
"251802000000",1,2,9,2,16,2,49,51,1,2,2,0
"251816000000",1,2,9,2,26,2,31,NA,3,2,99,0
"251819000000",1,2,19,2,19,2,43,NA,4,2,99,0
"251821000000",1,2,10,1,25,2,58,60,1,1,1,0
"251827000000",2,2,9,4,18,2,52,NA,3,2,99,3
"251828000000",1,2,9,7,40,NA,NA,NA,NA,99,99,9
"251831000000",1,2,5,1,28,2,45,50,1,1,1,0
"251834000000",2,2,16,2,18,2,57,NA,4,2,99,0
"251838000000",1,2,13,2,34,3,55,NA,3,2,99,0
"251840000000",1,2,9,1,42,2,71,71,1,7,7,2
"251841000000",2,2,9,1,22,1,45,45,1,1,1,0
"251844000000",2,2,9,2,29,2,54,NA,3,2,99,0
"251848000000",1,2,8,99,22,1,29,29,1,1,2,9
"251854000000",1,2,9,1,26,2,52,NA,4,1,99,0
"251862000000",1,2,10,7,37,2,29,43,1,7,7,0
"251863000000",1,2,14,99,30,3,44,NA,3,2,99,9
"251866000000",2,2,11,2,43,2,59,62,1,2,2,0
"251866000000",1,2,13,2,30,2,51,NA,3,2,99,0
"251866000000",2,2,12,2,31,2,51,NA,3,2,99,0
"251869000000",1,2,10,2,26,2,68,66,2,1,1,1
"251869000000",1,2,9,1,22,2,50,40,1,1,1,0
"251871000000",2,2,11,2,29,2,47,NA,3,2,99,0
"251871000000",2,2,9,2,31,2,60,NA,3,2,99,0
"251874000000",2,2,9,2,20,2,60,NA,3,2,99,0
"251877000000",1,2,10,1,32,1,55,NA,3,7,99,2
"251878000000",1,2,9,1,27,2,47,49,1,1,1,0
"251880000000",2,2,9,7,24,2,55,NA,4,2,99,9
"251885000000",1,2,10,99,24,2,55,56,1,2,2,9
"251888000000",2,2,14,7,20,3,50,NA,4,99,99,9
"251890000000",1,2,9,2,24,2,49,NA,3,2,99,0
"251893000000",2,2,8,1,17,2,56,48,1,1,1,0
"251903000000",1,2,8,2,35,2,52,55,1,1,1,1
"251907000000",2,2,9,7,26,3,61,NA,3,2,99,3
"251911000000",2,2,11,2,29,2,60,NA,3,2,99,0
"251911000000",2,2,5,7,15,2,53,NA,3,2,99,3
"251921000000",1,2,9,1,28,2,50,50,1,1,1,0
"251921000000",1,2,8,1,25,2,49,53,1,1,1,0
"251927000000",2,2,10,7,24,3,39,NA,3,99,99,9
"251931000000",1,2,10,2,32,2,53,37,1,7,7,3
"251932000000",1,2,10,2,17,2,53,NA,3,2,99,0
"251938000000",2,2,9,7,34,2,79,NA,3,2,99,3
"251949000000",1,2,9,2,34,2,48,50,1,7,7,3
"251950000000",2,2,9,2,31,2,65,63,1,2,2,0
"251960000000",1,2,11,1,27,1,48,43,1,1,1,0
"251960000000",2,2,12,1,26,1,48,43,1,1,1,0
"251961000000",2,2,10,2,28,2,60,NA,3,2,99,0
"251967000000",1,2,10,2,22,2,53,49,1,2,2,0
"251969000000",1,2,10,2,25,2,49,NA,3,2,99,0
"251969000000",2,2,15,2,20,2,49,NA,3,2,99,0
"251973000000",2,2,12,2,23,2,45,NA,3,2,99,0
"251974000000",2,2,9,1,NA,NA,NA,NA,NA,99,99,9
"251974000000",1,2,8,1,20,2,48,45,1,1,1,0
"251974000000",1,2,8,1,21,2,48,NA,3,1,99,0
"251984000000",1,2,9,2,33,2,62,NA,3,2,99,0
"251994000000",1,2,9,2,36,2,53,55,1,2,2,0
"251994000000",1,2,8,6,16,2,41,NA,3,7,99,3
"251995000000",1,2,8,1,18,2,46,45,1,1,1,0
"251996000000",1,2,7,1,27,2,51,52,1,2,2,2
"252000000000",2,2,8,1,31,1,57,67,1,1,1,0
"252001000000",2,2,9,2,37,2,51,NA,3,1,99,1
"252002000000",1,2,9,1,24,2,42,NA,4,1,99,0
"252012000000",1,2,8,2,24,2,45,44,1,2,2,0
"252017000000",1,2,13,7,23,2,49,50,1,7,7,0
"252017000000",1,2,9,7,28,2,49,50,1,7,7,0
"252017000000",1,2,9,1,27,2,55,52,1,2,2,2
"252018000000",1,2,8,2,31,2,49,49,1,1,1,1
"252020000000",2,2,8,99,31,3,48,54,1,1,1,9
"252028000000",2,2,9,4,20,2,60,NA,3,7,99,3
"252032000000",2,2,13,7,NA,2,48,NA,3,2,99,3
"252035000000",1,2,8,1,26,2,53,52,1,1,1,0
"252046000000",2,2,9,99,28,2,44,46,1,99,99,9
"252059000000",1,2,8,99,23,2,38,NA,3,2,99,9
"252065000000",1,2,9,2,24,NA,NA,NA,NA,99,99,9
"252066000000",2,2,8,99,22,2,35,45,1,1,1,9
"252069000000",2,2,8,1,19,2,28,30,1,1,1,0
"252072000000",1,2,8,1,22,2,42,39,1,1,1,0
"252075000000",2,2,11,7,25,2,54,NA,3,2,99,3
"252075000000",1,2,10,7,27,2,54,NA,3,2,99,3
"252079000000",1,2,8,2,27,2,76,NA,3,2,99,0
"252082000000",1,2,11,2,15,2,59,NA,3,7,99,3
"252083000000",2,2,8,2,22,2,49,50,1,2,2,0
"252084000000",2,2,11,2,23,2,56,50,1,2,2,0
"252087000000",2,2,8,1,20,1,58,NA,3,1,99,0
"252087000000",2,2,8,2,24,2,47,NA,3,2,99,0
"252092000000",2,2,8,7,33,3,65,NA,3,7,99,0
"252103000000",2,2,13,7,36,2,56,NA,3,7,99,0
"252105000000",2,2,9,1,22,3,45,46,1,1,1,0
"252111000000",2,2,9,1,28,1,43,NA,3,1,99,0
"252113000000",1,2,11,2,21,2,67,NA,3,7,99,3
"252113000000",2,2,10,2,23,2,67,NA,3,7,99,3
"252120000000",1,2,10,2,19,2,52,NA,3,2,99,0
"252120000000",2,2,13,2,16,2,52,NA,3,2,99,0
"252122000000",1,2,8,1,20,2,41,36,1,1,1,0
"252126000000",1,2,9,2,17,2,55,NA,3,2,99,0
"252138000000",2,2,11,2,NA,2,36,36,2,7,2,0
"252142000000",2,2,11,2,27,2,48,NA,3,2,99,0
"252146000000",1,2,8,1,28,2,49,NA,3,1,99,0
"252147000000",1,2,9,2,18,2,53,NA,3,2,99,0
"252150000000",2,2,8,2,19,2,46,NA,3,2,99,0
"252152000000",2,2,9,2,33,2,57,NA,3,7,99,3
"252152000000",1,2,8,1,23,2,34,37,1,7,1,0
"252158000000",2,2,9,2,21,2,60,NA,3,2,99,0
"252158000000",1,2,8,99,24,NA,NA,NA,NA,99,99,9
"252159000000",1,2,8,2,29,2,47,NA,3,2,99,0
"252160000000",2,2,8,2,26,2,57,NA,3,2,99,0
"252164000000",1,2,9,2,21,2,56,NA,3,2,99,0
"252166000000",2,2,10,99,20,3,53,NA,3,2,99,9
"252166000000",2,2,10,99,20,3,53,NA,3,2,99,9
"252168000000",1,2,8,7,17,2,28,NA,3,7,99,0
"252169000000",2,2,10,1,21,2,54,52,1,1,1,0
"252170000000",2,2,8,1,34,1,45,48,1,1,1,0
"252177000000",2,2,10,2,21,3,49,NA,3,99,99,9
"252178000000",2,2,15,7,20,3,58,NA,3,7,99,0
"252181000000",1,2,8,7,29,1,33,34,1,1,1,1
"252183000000",1,2,8,2,37,3,55,NA,3,7,99,3
"252184000000",2,2,10,7,20,2,55,NA,3,7,99,0
"252184000000",1,2,9,7,22,2,55,NA,3,7,99,0
"252184000000",1,2,7,1,27,2,74,52,1,1,1,0
"252184000000",2,2,17,7,17,3,58,NA,3,7,99,0
"252185000000",2,2,14,2,25,2,47,NA,3,7,99,3
"252186000000",2,2,8,7,15,3,53,54,1,7,7,0
"252186000000",2,2,8,2,35,3,51,NA,3,2,99,0
"252186000000",1,2,8,1,40,2,34,36,1,1,1,0
"252187000000",1,2,8,1,34,1,55,NA,3,7,99,2
"252190000000",2,2,7,1,19,3,34,39,1,1,1,0
"252191000000",1,2,8,1,19,2,46,58,1,1,2,0
"252194000000",2,2,8,2,42,3,57,58,2,99,99,9
"252199000000",2,2,13,7,28,2,62,NA,3,7,99,0
"252209000000",1,2,16,1,19,2,53,52,1,1,1,0
"252212000000",1,2,15,1,24,3,53,NA,3,1,99,0
"252214000000",2,2,10,99,24,2,50,51,1,1,1,9
"252222000000",2,2,16,2,23,2,53,51,1,2,2,0
"252224000000",2,2,16,1,NA,2,40,42,1,1,1,0
"252237000000",2,2,16,2,20,2,30,NA,3,1,99,1
"252240000000",1,2,17,2,27,2,52,NA,3,2,99,0
"252247000000",2,2,16,7,16,2,67,NA,3,2,99,3
"252259000000",1,2,16,2,35,2,54,49,1,2,2,0
"252287000000",2,2,15,1,21,2,47,45,1,1,1,0
"252309000000",1,2,15,1,18,2,41,46,1,1,1,0
"252313000000",2,2,16,2,19,2,57,NA,3,2,99,0
"252322000000",2,2,15,1,41,1,56,51,1,1,1,0
"252339000000",2,2,15,1,20,2,68,66,2,1,1,0
"252347000000",1,2,17,2,28,1,43,NA,4,2,99,0
"252361000000",2,2,15,2,24,3,55,NA,3,2,99,0
"252376000000",1,2,15,1,25,1,44,38,1,1,1,0
"252382000000",1,2,14,99,26,2,56,63,1,1,1,9
"252382000000",1,2,15,1,29,1,42,44,1,1,1,0
"252397000000",2,2,15,1,27,2,43,46,1,1,1,0
"252398000000",2,2,15,1,31,1,56,NA,3,1,99,0
"252401000000",1,2,15,2,25,1,46,47,1,5,1,3
"252404000000",1,2,15,1,18,2,43,NA,3,1,99,0
"252410000000",1,2,15,2,35,2,46,43,2,1,1,1
"252412000000",2,2,16,7,33,2,36,NA,3,2,99,3
"252423000000",2,1,15,2,39,2,55,NA,3,7,99,3
"252429000000",2,2,16,2,27,2,51,NA,3,2,99,0
"252452000000",1,1,16,2,23,2,60,NA,3,2,99,0
"252458000000",2,2,14,99,17,2,45,45,1,1,1,9
"252470000000",1,2,14,1,20,2,56,42,1,1,1,0
"252472000000",2,1,15,2,29,3,34,NA,3,2,99,0
"252481000000",2,2,14,2,26,2,64,65,1,2,2,0
"252492000000",1,2,16,7,33,2,45,NA,3,2,99,3
"252497000000",2,2,15,7,22,1,55,NA,3,2,99,3
"252505000000",1,2,14,1,28,2,56,NA,3,2,99,2
"252518000000",1,1,15,2,25,2,60,NA,3,2,99,0
"252521000000",1,2,15,2,27,2,42,NA,3,2,99,0
"252523000000",2,2,15,1,20,2,69,NA,3,1,99,0
"252524000000",1,2,14,1,31,1,64,64,1,1,1,0
"252528000000",2,2,15,1,24,3,38,36,1,2,2,2
"252535000000",1,2,14,1,22,2,40,39,1,1,1,0
"252564000000",1,2,15,1,16,2,47,45,1,1,1,0
"252571000000",2,2,16,2,25,2,51,NA,3,2,99,0
"252611000000",1,2,15,1,32,2,65,64,1,1,1,0
"252615000000",1,2,14,2,38,2,77,NA,3,2,99,0
"252621000000",2,2,15,1,36,1,53,59,1,1,1,0
"252622000000",1,2,15,2,31,2,58,51,1,1,1,1
"252631000000",2,2,14,1,23,2,47,45,1,1,1,0
"252631000000",2,2,15,2,42,2,50,NA,3,2,99,0
"252632000000",2,2,14,2,24,2,53,NA,3,2,99,0
"252636000000",1,2,13,1,18,3,53,NA,3,1,99,0
"252638000000",1,2,14,1,24,2,43,38,1,1,1,0
"252644000000",2,2,14,2,20,2,50,NA,3,2,99,0
"252646000000",2,2,13,99,27,2,56,63,1,1,1,9
"252670000000",2,2,14,1,38,1,65,64,1,2,2,2
"252677000000",2,2,13,1,38,1,55,52,1,1,1,0
"252682000000",2,2,14,1,30,1,45,47,1,1,1,0
"252689000000",2,2,14,2,21,2,57,NA,3,2,99,0
"260101000000",2,2,7,2,19,2,53,53,2,1,1,1
"260101000000",1,2,6,1,28,2,59,NA,3,1,99,0
"260102000000",2,2,6,1,22,1,58,NA,3,1,99,0
"260102000000",2,2,6,1,29,2,56,56,1,2,2,2
"260104000000",2,2,8,7,17,2,50,NA,3,7,99,0
"260107000000",1,2,8,99,22,2,31,NA,3,2,99,9
"260107000000",1,2,11,2,18,2,31,NA,3,2,99,0
"260110000000",1,2,6,99,19,1,58,61,1,2,2,9
"260111000000",2,2,8,7,21,2,59,58,1,7,7,0
"260112000000",2,2,6,2,25,2,52,56,1,2,2,0
"260115000000",1,2,6,7,43,NA,NA,NA,NA,99,99,9
"260117000000",1,2,9,99,23,2,45,51,1,1,1,9
"260119000000",1,2,6,1,20,2,45,43,1,1,1,0
"260121000000",1,2,6,1,37,2,54,57,1,1,1,0
"260123000000",1,2,7,99,25,2,56,NA,3,2,99,9
"260124000000",2,2,6,2,19,2,59,NA,3,2,99,0
"260125000000",2,2,7,2,25,2,38,32,1,1,99,9
"260129000000",2,2,5,1,20,3,34,39,1,1,1,0
"260129000000",1,2,10,7,19,3,47,60,1,2,2,3
"260129000000",1,2,7,7,41,2,59,73,1,7,7,0
"260129000000",1,2,6,2,26,2,42,36,1,7,7,3
"260131000000",2,2,6,99,24,3,60,65,1,2,2,9
"260134000000",2,2,10,7,25,3,37,37,1,7,7,0
"260134000000",1,2,8,7,27,3,37,37,1,7,7,0
"260134000000",1,2,6,7,29,3,37,37,1,7,7,0
"260139000000",2,2,7,2,20,2,52,NA,3,2,99,0
"260141000000",1,2,10,7,25,1,49,45,1,1,1,1
"260141000000",1,2,6,7,29,1,49,45,1,1,1,1
"260148000000",2,2,5,1,27,1,50,NA,3,1,99,0
"260153000000",2,2,6,2,19,3,46,NA,3,2,99,0
"260153000000",1,2,7,99,38,2,66,NA,3,7,99,9
"260153000000",2,2,15,99,29,2,63,NA,3,7,99,9
"260156000000",1,2,6,1,22,2,47,NA,3,1,99,0
"260157000000",2,2,10,2,19,2,41,NA,3,2,99,0
"260157000000",2,2,8,2,21,2,45,NA,3,2,99,0
"260157000000",1,2,7,99,22,2,45,NA,3,2,99,9
"260158000000",1,2,6,2,35,3,54,56,1,1,1,1
"260159000000",1,2,7,1,21,3,30,34,1,1,1,0
"260160000000",2,2,7,2,34,2,58,57,1,2,2,0
"260160000000",1,2,14,2,43,2,43,NA,3,2,99,0
"260163000000",2,2,8,2,30,2,42,NA,3,7,99,3
"260165000000",2,2,7,2,25,2,71,NA,3,2,99,0
"260165000000",2,2,9,2,22,2,44,NA,3,2,99,0
"260165000000",2,2,6,7,27,2,55,NA,4,2,99,9
"260168000000",1,2,5,2,15,2,43,NA,3,2,99,0
"260169000000",2,2,7,2,35,3,65,NA,3,2,99,0
"260170000000",1,2,17,2,15,3,32,NA,3,2,99,0
"260171000000",2,2,6,2,44,3,28,NA,3,2,99,0
"260176000000",1,2,5,1,28,1,53,59,1,1,1,0
"260176000000",1,2,6,7,29,2,43,NA,4,7,99,0
"260177000000",2,2,7,2,21,2,48,NA,3,2,99,0
"260177000000",2,2,10,2,19,2,48,NA,3,2,99,0
"260181000000",1,2,6,7,35,3,44,43,2,99,99,9
"260185000000",1,2,9,2,32,2,63,64,1,2,2,0
"260187000000",1,2,6,1,27,2,39,45,1,1,1,0
"260192000000",1,2,6,2,21,2,62,NA,3,2,99,0
"260192000000",1,2,6,2,31,2,59,NA,3,2,99,0
"260192000000",2,2,6,2,30,2,71,NA,3,2,99,0
"260192000000",2,2,6,1,22,2,41,36,1,1,1,0
"260198000000",2,2,6,2,16,2,54,55,1,2,2,0
"260201000000",2,2,13,7,31,2,60,56,1,7,7,0
"260201000000",1,2,12,7,32,2,60,56,1,7,7,0
"260204000000",1,2,6,2,36,2,62,NA,3,2,99,0
"260204000000",1,2,6,2,30,2,56,NA,3,2,99,0
"260205000000",2,2,9,2,24,3,60,NA,3,2,99,0
"260205000000",2,2,6,7,28,1,45,47,1,1,1,1
"260206000000",1,2,6,2,19,2,67,NA,3,2,99,0
"260207000000",1,2,6,7,17,3,42,NA,3,7,99,0
"260208000000",1,2,10,99,20,2,59,48,1,7,7,9
"260210000000",2,2,6,2,22,2,43,NA,3,2,99,0
"260211000000",1,2,7,2,20,2,53,NA,3,2,99,0
"260212000000",1,2,5,1,26,2,35,47,1,1,1,0
"260213000000",1,2,9,7,18,3,71,NA,3,7,99,0
"260213000000",2,2,8,7,20,3,71,NA,3,7,99,0
"260214000000",2,2,6,2,36,3,44,43,2,99,99,9
"260215000000",1,2,6,2,41,2,60,NA,3,2,99,0
"260216000000",1,2,7,2,27,2,69,NA,3,7,99,3
"260218000000",2,2,5,99,34,2,45,45,1,1,1,9
"260220000000",1,2,8,99,19,2,37,NA,4,1,99,9
"260222000000",1,2,6,1,34,2,40,43,1,1,1,0
"260222000000",2,2,6,1,21,2,51,NA,3,1,99,0
"260222000000",2,2,5,1,24,2,48,NA,3,1,99,0
"260223000000",1,2,14,2,17,2,49,44,1,2,2,0
"260223000000",1,2,13,99,18,2,49,44,1,2,2,9
"260225000000",1,2,6,7,22,2,44,56,1,7,7,0
"260225000000",2,2,6,2,20,2,48,NA,3,2,99,0
"260231000000",2,2,11,1,27,2,54,62,1,2,2,2
"260234000000",1,2,6,2,27,2,54,NA,3,2,99,0
"260234000000",2,2,6,2,22,2,56,NA,3,2,99,0
"260236000000",2,2,7,7,22,3,57,NA,3,2,99,3
"260238000000",1,2,17,99,NA,3,55,NA,4,2,99,9
"260239000000",1,2,6,2,28,2,45,NA,3,2,99,0
"260240000000",1,2,6,2,23,2,50,NA,3,2,99,0
"260244000000",1,2,6,1,26,2,37,37,1,1,1,0
"260247000000",1,2,8,2,20,2,49,NA,3,7,99,3
"260247000000",2,2,10,2,18,2,49,NA,3,7,99,3
"260249000000",2,2,6,2,33,3,55,NA,3,2,99,0
"260249000000",2,2,6,1,29,3,50,50,1,7,7,2
"260251000000",2,2,6,2,30,2,53,57,1,2,2,0
"260256000000",1,2,15,2,31,2,39,NA,3,2,99,0
"260256000000",1,2,9,2,36,2,39,NA,3,2,99,0
"260258000000",1,2,6,1,19,2,62,64,1,7,7,2
"260258000000",1,2,6,1,19,2,62,64,1,7,7,2
"260258000000",2,2,6,1,21,2,49,NA,3,99,99,9
"260264000000",2,2,5,7,27,2,52,NA,3,7,99,0
"260264000000",2,2,9,2,38,2,71,NA,3,7,99,3
"260264000000",2,2,12,2,35,2,71,NA,3,7,99,3
"260272000000",1,2,6,2,28,2,57,NA,4,2,99,0
"260272000000",2,2,6,99,35,3,46,NA,3,1,99,9
"260272000000",2,2,6,99,35,3,46,NA,3,1,99,9
"260272000000",1,2,6,2,34,2,45,NA,3,2,99,0
"260272000000",1,2,6,2,34,2,45,NA,3,2,99,0
"260277000000",1,2,5,99,30,2,47,47,1,1,1,9
"260277000000",2,2,6,1,22,2,43,42,1,1,1,0
"260278000000",2,2,6,99,24,2,42,39,1,1,1,9
"260280000000",1,2,6,1,22,1,37,40,1,1,1,0
"260282000000",2,2,16,2,22,3,72,NA,3,2,99,0
"260285000000",2,2,11,1,34,1,46,42,1,1,1,0
"260285000000",1,2,8,1,38,1,46,42,1,1,1,0
"260286000000",2,2,5,1,27,1,50,NA,3,1,99,0
"260287000000",1,2,6,2,24,2,54,NA,3,2,99,0
"260293000000",1,2,10,7,25,2,42,45,1,7,7,0
"260294000000",2,2,5,2,26,3,38,39,2,99,99,9
"260296000000",1,2,6,2,24,2,50,50,1,1,1,1
"260296000000",2,2,7,2,40,2,45,58,1,2,2,0
"260297000000",1,2,6,2,23,2,43,52,1,7,7,3
"260301000000",1,2,6,1,30,2,58,60,1,7,7,2
"260302000000",2,2,6,2,26,2,40,39,1,1,1,1
"260303000000",1,2,6,2,26,2,58,60,1,7,7,3
"260304000000",2,2,6,3,23,2,42,58,1,3,3,0
"260314000000",1,2,7,1,33,2,43,49,1,1,1,0
"260317000000",2,2,9,2,42,1,39,49,1,7,7,3
"260317000000",1,2,11,2,40,1,39,49,1,7,7,3
"260322000000",1,2,6,2,22,2,34,NA,3,2,99,0
"260322000000",2,2,6,1,22,2,28,30,1,1,1,0
"260329000000",2,2,6,2,21,2,49,NA,3,2,99,0
"260333000000",2,2,6,2,24,2,56,NA,3,2,99,0
"260336000000",1,2,6,1,16,2,32,39,1,2,2,2
"260346000000",2,2,6,1,15,2,41,46,2,1,1,0
"260348000000",2,2,5,1,34,2,32,NA,3,1,99,0
"260349000000",2,2,5,1,20,2,56,50,1,1,1,0
"260349000000",1,2,6,1,42,3,49,NA,3,7,99,2
"260349000000",1,2,6,7,19,3,47,37,1,7,7,0
"260349000000",1,2,8,2,35,3,58,NA,3,2,99,0
"260349000000",1,2,6,2,26,2,60,58,1,7,7,3
"260350000000",1,2,13,7,22,2,47,50,1,7,7,0
"260350000000",2,2,11,7,25,2,47,50,1,7,7,0
"260351000000",1,2,6,2,20,2,36,NA,3,2,99,0
"260353000000",2,2,6,2,22,2,53,NA,3,2,99,0
"260354000000",1,2,10,7,20,2,50,NA,3,7,99,0
"260354000000",1,2,8,7,23,2,50,NA,3,7,99,0
"260358000000",2,2,7,99,23,2,64,NA,3,2,99,9
"260360000000",2,2,6,2,23,2,49,NA,3,7,99,3
"260361000000",1,2,5,1,24,2,36,34,1,7,7,2
"260366000000",2,2,6,99,20,2,74,80,1,2,2,9
"260366000000",1,2,5,2,29,2,72,NA,3,2,99,0
"260367000000",1,2,6,7,38,2,57,50,1,2,2,3
"260370000000",1,2,5,1,26,2,54,43,2,1,1,0
"260370000000",2,2,6,2,40,2,29,NA,4,2,99,0
"260371000000",2,2,6,2,35,2,47,NA,3,2,99,0
"260372000000",1,2,6,7,30,2,54,NA,3,2,99,3
"260377000000",1,2,5,1,20,1,31,33,1,1,1,0
"260379000000",2,2,6,2,19,NA,NA,NA,NA,99,99,9
"260379000000",2,2,5,99,30,3,43,47,1,1,1,9
"260380000000",1,2,11,2,22,2,44,NA,4,2,99,0
"260380000000",1,2,10,2,23,2,44,NA,4,2,99,0
"260380000000",1,2,6,2,26,2,44,NA,4,2,99,0
"260386000000",2,2,6,2,30,2,51,63,1,7,7,3
"260391000000",2,2,7,99,37,2,48,NA,3,7,99,9
"260391000000",1,2,6,2,45,2,64,NA,3,7,99,3
"260393000000",1,2,6,2,29,2,35,NA,3,2,99,0
"260394000000",1,2,5,7,30,2,45,NA,3,7,99,0
"260394000000",2,2,10,2,18,2,39,NA,3,2,99,0
"260394000000",1,2,6,2,21,2,65,NA,3,2,99,0
"260394000000",2,2,5,2,23,2,39,NA,3,2,99,0
"260395000000",2,2,5,99,35,2,54,55,1,2,2,9
"260397000000",2,2,5,1,28,2,42,NA,3,1,99,0
"260398000000",2,2,6,1,25,2,42,47,1,1,1,0
"260501000000",1,2,6,1,26,1,45,45,1,1,1,0
"260506000000",2,2,9,2,31,2,53,51,1,2,2,0
"260506000000",1,2,10,99,30,2,53,51,1,2,2,9
"260507000000",2,2,10,2,40,2,47,NA,3,2,99,0
"260507000000",1,2,7,7,17,2,51,58,1,7,7,0
"260508000000",2,2,6,2,17,2,50,NA,3,2,99,0
"260509000000",2,2,10,7,30,2,55,NA,3,7,99,0
"260514000000",1,2,6,2,19,2,64,NA,3,2,99,0
"260514000000",2,2,7,2,17,2,64,NA,3,2,99,0
"260514000000",2,2,7,2,17,2,64,NA,3,2,99,0
"260521000000",1,2,10,1,NA,2,41,36,1,1,1,0
"260522000000",2,2,6,7,19,2,72,NA,3,7,99,0
"260526000000",1,2,5,1,21,3,43,59,1,1,1,0
"260526000000",1,2,5,1,19,2,38,47,1,1,1,0
"260529000000",2,2,7,1,32,2,64,68,1,1,1,0
"260533000000",2,2,16,2,33,3,44,NA,3,2,99,0
"260534000000",1,2,6,1,24,2,57,NA,3,1,99,0
"260534000000",1,2,6,1,24,2,57,NA,3,1,99,0
"260535000000",1,2,5,1,24,2,61,62,1,1,1,0
"260539000000",1,2,6,1,19,2,31,NA,3,1,99,0
"260540000000",1,2,9,1,21,2,57,53,1,1,1,0
"260540000000",1,2,7,1,22,2,57,53,1,1,1,0
"260543000000",1,2,6,2,18,2,32,NA,3,2,99,0
"260543000000",1,2,5,2,23,2,35,34,1,2,2,0
"260547000000",1,2,6,7,21,2,49,NA,3,1,99,1
"260550000000",1,2,6,2,NA,2,60,NA,3,2,99,0
"260554000000",2,2,5,7,24,2,40,NA,3,7,99,0
"260559000000",1,2,5,2,19,2,65,NA,3,2,99,0
"260562000000",1,2,7,99,25,2,40,NA,3,2,99,9
"260563000000",1,2,5,2,23,3,50,NA,3,99,99,9
"260565000000",2,2,8,1,23,2,75,NA,3,1,99,0
"260565000000",2,2,5,99,29,2,50,53,1,1,1,9
"260566000000",1,2,5,99,22,2,51,NA,3,1,99,9
"260569000000",1,2,6,2,19,2,40,NA,3,2,99,0
"260570000000",1,2,6,2,20,2,55,NA,3,7,99,3
"260571000000",2,2,5,1,21,2,30,45,1,1,7,0
"260580000000",2,2,5,1,18,2,43,47,1,1,1,0
"260580000000",2,2,5,1,37,2,32,34,1,1,1,0
"260582000000",1,2,6,99,20,2,48,45,1,7,7,9
"260583000000",1,2,6,2,NA,NA,NA,NA,NA,99,99,9
"260585000000",2,2,6,2,15,2,38,NA,3,2,99,0
"260590000000",1,2,6,1,38,2,57,58,1,1,1,0
"260590000000",2,2,5,1,27,2,48,50,1,1,1,0
"260596000000",2,2,5,1,23,1,58,NA,3,1,99,0
"260598000000",2,2,9,1,32,1,43,NA,3,1,99,0
"260598000000",1,2,8,1,33,1,43,NA,3,1,99,0
"260598000000",2,2,5,1,35,1,49,NA,3,1,99,0
"260599000000",2,2,5,99,31,3,44,NA,3,99,99,9
"260601000000",1,2,6,99,28,2,76,NA,3,2,99,9
"260603000000",2,2,5,2,16,2,35,NA,3,2,99,0
"260604000000",1,2,5,7,24,2,40,42,1,7,7,0
"260604000000",2,2,5,2,28,2,44,NA,4,2,99,0
"260609000000",2,2,6,2,17,2,49,NA,3,2,99,0
"260610000000",1,2,9,2,17,2,42,48,2,7,7,3
"260610000000",1,2,7,2,19,2,42,48,2,7,7,3
"260611000000",1,2,7,2,18,2,40,40,1,2,2,0
"260615000000",2,2,9,99,23,2,40,NA,3,1,99,9
"260615000000",1,2,6,7,20,2,39,NA,3,7,99,0
"260615000000",1,2,5,1,26,1,29,31,1,1,1,0
"260615000000",1,2,5,2,20,2,61,NA,3,2,99,0
"260618000000",2,2,18,2,23,2,52,NA,3,2,99,0
"260618000000",1,2,7,99,20,3,50,NA,3,2,99,9
"260618000000",1,2,5,7,39,2,56,NA,3,7,99,0
"260620000000",1,2,5,99,23,2,49,NA,3,2,99,9
"260622000000",1,2,4,1,25,2,35,36,1,1,1,0
"260624000000",2,2,5,2,15,2,25,NA,3,2,99,0
"260624000000",2,2,5,1,17,2,48,NA,3,1,99,0
"260628000000",2,2,5,2,17,NA,NA,NA,NA,99,99,9
"260629000000",2,2,5,1,25,2,54,54,1,1,1,0
"260630000000",2,2,6,99,24,2,69,74,1,7,7,9
"260631000000",1,2,6,7,35,2,36,NA,3,3,99,3
"260631000000",1,2,5,2,29,2,65,NA,3,2,99,0
"260631000000",1,2,6,2,21,2,51,46,1,2,2,0
"260633000000",2,2,6,2,40,3,60,NA,3,2,99,0
"260633000000",1,2,6,2,31,3,65,NA,3,2,99,0
"260639000000",1,2,5,1,40,2,53,NA,3,7,99,2
"260639000000",2,2,12,2,20,3,47,50,1,7,7,3
"260639000000",1,2,10,2,22,3,47,50,1,7,7,3
"260639000000",2,2,7,2,25,3,47,50,1,7,7,3
"260645000000",1,2,7,2,29,2,57,54,2,7,2,0
"260645000000",1,2,6,2,30,2,57,54,2,7,2,0
"260645000000",1,2,7,7,38,2,47,NA,3,2,99,3
"260646000000",2,2,5,2,16,2,59,NA,3,7,99,3
"260650000000",1,2,4,1,27,2,58,60,1,1,1,0
"260651000000",1,2,5,2,21,2,48,NA,3,2,99,0
"260652000000",1,2,4,1,30,2,74,52,1,1,1,0
"260656000000",1,2,6,1,30,2,48,48,1,1,7,0
"260657000000",2,2,7,99,27,2,55,NA,3,7,99,9
"260658000000",2,2,5,7,26,2,50,NA,3,7,99,0
"260658000000",1,2,7,7,39,2,29,43,1,7,7,0
"260659000000",1,2,5,99,31,2,46,NA,3,2,99,9
"260660000000",2,2,5,2,19,2,43,NA,3,2,99,0
"260660000000",2,2,5,99,34,2,39,41,1,1,1,9
"260662000000",2,2,14,1,38,3,64,NA,3,2,99,2
"260667000000",2,2,10,7,28,3,37,NA,3,99,99,9
"260667000000",1,2,6,7,32,3,37,NA,3,99,99,9
"260670000000",2,2,7,2,30,2,51,NA,3,2,99,0
"260681000000",1,2,5,1,24,1,41,36,1,1,1,0
"260682000000",1,2,5,1,24,2,50,53,1,1,1,0
"260682000000",1,2,5,99,26,2,40,NA,3,2,99,9
"260682000000",2,2,5,2,30,2,44,NA,3,2,99,0
"260686000000",2,2,12,2,20,2,59,65,1,2,2,0
"260686000000",1,2,6,2,25,2,59,65,1,2,2,0
"260686000000",1,2,5,2,26,2,54,NA,3,7,99,3
"260686000000",2,2,5,99,20,2,53,NA,3,2,99,9
"260688000000",2,2,5,1,22,2,54,54,1,1,1,0
"260690000000",1,2,5,1,21,2,45,42,1,1,1,0
"260692000000",2,2,5,7,27,2,51,NA,3,7,99,0
"260694000000",2,2,7,7,27,2,68,NA,3,2,99,3
"260695000000",2,2,5,1,21,3,34,35,1,1,1,0
"260699000000",1,2,5,7,20,2,50,NA,3,7,99,0
"260699000000",1,2,5,7,35,2,36,NA,3,7,99,0
"260800000000",1,2,6,99,21,3,52,NA,3,7,99,9
"260801000000",2,2,5,99,28,2,39,NA,3,1,99,9
"260803000000",1,2,5,99,24,2,57,54,1,1,1,9
"260804000000",1,2,5,2,30,2,43,NA,3,7,99,3
"260806000000",2,2,5,1,40,2,44,NA,3,1,99,0
"260808000000",2,2,5,7,31,3,51,NA,3,7,99,0
"260810000000",1,2,6,2,17,2,69,NA,3,2,99,0
"260810000000",2,2,10,2,24,2,50,NA,3,2,99,0
"260811000000",2,2,5,2,20,2,48,65,1,2,2,0
"260812000000",1,2,4,1,32,2,48,48,1,1,7,0
"260813000000",1,2,5,2,24,2,46,42,1,7,4,3
"260815000000",1,2,6,1,34,NA,NA,NA,NA,99,99,9
"260815000000",2,2,5,1,29,2,44,42,1,1,1,0
"260825000000",2,2,5,2,24,2,64,NA,3,2,99,0
"260826000000",1,2,5,1,27,2,37,37,1,1,1,0
"260829000000",1,2,10,1,19,2,63,63,1,2,2,2
"260829000000",2,2,9,1,21,2,63,63,1,2,2,2
"260829000000",1,2,6,1,23,2,63,63,1,2,2,2
"260830000000",2,2,5,99,16,2,63,65,1,1,1,9
"260830000000",1,2,4,2,21,2,54,NA,3,1,99,1
"260832000000",1,2,5,1,35,2,40,43,1,1,1,0
"260835000000",2,2,5,1,23,2,47,NA,3,1,99,0
"260836000000",1,2,5,7,30,1,49,45,1,1,1,1
"260838000000",1,2,10,2,29,2,62,NA,3,2,99,0
"260838000000",1,2,7,2,42,1,54,56,1,2,2,0
"260839000000",2,2,5,1,27,2,58,NA,4,1,99,0
"260840000000",1,2,5,7,30,2,68,NA,3,7,99,0
"260840000000",1,2,5,2,28,3,52,NA,4,99,99,9
"260843000000",2,2,5,1,29,2,48,53,1,1,1,0
"260844000000",1,2,5,2,22,2,46,NA,3,2,99,0
"260845000000",1,2,13,7,24,2,64,68,1,7,7,0
"260845000000",1,2,11,7,26,2,64,68,1,7,7,0
"260845000000",1,2,9,7,28,2,64,68,1,7,7,0
"260845000000",1,2,5,7,32,2,64,68,1,7,7,0
"260846000000",2,2,4,1,29,2,45,50,1,1,1,0
"260847000000",2,2,9,2,29,2,57,46,1,7,7,3
"260849000000",2,2,11,2,40,2,55,NA,3,2,99,0
"260851000000",1,2,5,2,16,2,51,NA,3,2,99,0
"260851000000",2,2,4,2,24,2,35,43,1,1,1,1
"260855000000",1,2,5,7,23,3,57,NA,3,2,99,3
"260859000000",1,2,8,99,18,2,51,NA,3,2,99,9
"260859000000",2,2,5,99,21,2,51,NA,3,2,99,9
"260859000000",1,2,5,7,28,2,40,NA,3,2,99,3
"260862000000",1,2,5,2,18,2,57,NA,3,2,99,0
"260863000000",1,2,5,2,25,2,56,NA,3,2,99,0
"260864000000",1,2,10,7,34,3,58,62,1,7,7,0
"260864000000",1,2,18,7,26,3,58,62,1,7,7,0
"260869000000",1,2,5,99,16,2,54,55,1,1,1,9
"260871000000",1,2,4,1,20,2,27,23,2,1,1,0
"260872000000",1,2,5,1,20,2,40,43,1,1,1,0
"260873000000",1,2,4,1,26,2,37,37,1,1,1,0
"260873000000",2,2,6,2,23,3,68,NA,3,2,99,0
"260876000000",2,2,5,2,43,2,54,NA,3,2,99,0
"260876000000",2,2,4,1,26,2,36,38,1,1,1,0
"260880000000",2,2,4,1,18,2,36,33,1,1,1,0
"260882000000",2,2,5,2,24,2,47,48,1,2,2,0
"260884000000",2,2,5,99,19,2,63,NA,3,2,99,9
"260886000000",1,2,5,2,22,2,68,NA,3,7,99,3
"260886000000",1,2,5,2,22,2,51,46,1,2,2,0
"260887000000",1,2,5,99,43,2,53,NA,4,2,99,9
"260889000000",1,2,8,2,16,2,41,NA,3,2,99,0
"260889000000",1,2,4,2,39,2,63,NA,3,99,99,9
"260892000000",2,2,4,1,25,1,45,NA,3,1,99,0
"260892000000",1,2,5,99,34,2,59,NA,3,2,99,9
"260893000000",1,2,6,7,32,3,67,NA,3,7,99,0
"260893000000",2,2,7,7,30,3,67,NA,3,7,99,0
"260894000000",2,2,4,7,34,3,37,NA,3,99,99,9
"260896000000",2,2,6,7,21,2,59,NA,3,7,99,0
"260896000000",1,2,6,7,20,2,59,NA,3,7,99,0
"260903000000",1,2,4,2,20,3,56,NA,3,2,99,0
"260905000000",2,2,7,2,19,2,42,NA,3,2,99,0
"260905000000",1,2,9,2,19,2,53,NA,3,7,99,3
"260905000000",1,2,4,1,28,1,50,NA,3,1,99,0
"260908000000",2,2,4,2,25,2,57,NA,3,2,99,0
"260915000000",2,2,5,7,24,2,52,NA,3,2,99,3
"260916000000",2,2,4,2,32,2,56,NA,3,2,99,0
"260916000000",2,2,4,2,24,2,39,NA,3,2,99,0
"260920000000",2,2,6,2,23,2,51,NA,3,2,99,0
"260920000000",1,2,5,2,24,2,51,NA,3,2,99,0
"260922000000",2,2,5,2,28,2,45,45,1,2,2,0
"260922000000",1,2,4,99,29,3,50,47,1,99,7,9
"260926000000",2,2,5,2,19,2,39,NA,3,7,99,3
"260926000000",2,2,5,7,17,2,60,NA,3,7,99,0
"260927000000",2,2,15,2,20,2,38,NA,3,2,99,0
"260928000000",2,2,5,1,31,3,65,55,1,7,7,2
"260934000000",2,2,4,2,20,2,39,NA,3,2,99,0
"260937000000",2,2,5,7,24,2,31,NA,3,2,99,3
"260940000000",1,2,5,7,30,2,57,NA,3,2,99,3
"260940000000",1,2,4,1,18,2,48,NA,3,1,99,0
"260944000000",1,2,4,2,27,2,35,47,1,1,1,1
"260947000000",2,2,4,1,26,2,46,42,1,1,1,0
"260950000000",1,2,9,1,25,1,69,NA,3,1,99,0
"260951000000",2,2,4,2,27,2,35,NA,3,2,99,0
"260954000000",1,2,5,2,33,2,54,NA,3,7,99,3
"260955000000",1,2,5,99,22,3,52,NA,3,7,99,9
"260955000000",2,2,4,1,24,2,53,56,1,1,7,0
"260955000000",2,2,4,2,24,2,54,NA,3,2,99,0
"260956000000",2,2,4,1,22,2,56,48,1,1,1,0
"260956000000",2,2,14,2,38,3,53,NA,3,2,99,0
"260958000000",1,2,4,7,21,2,56,NA,3,7,99,0
"260958000000",1,2,5,2,28,2,71,NA,3,2,99,0
"260959000000",2,2,9,2,32,2,66,NA,3,2,99,0
"260959000000",2,2,11,2,29,2,66,NA,3,2,99,0
"260959000000",1,2,13,2,27,2,66,NA,3,2,99,0
"260960000000",2,2,5,4,39,2,57,62,1,2,2,3
"260961000000",1,2,4,99,22,2,42,NA,3,2,99,9
"260962000000",1,2,4,2,36,2,45,NA,3,2,99,0
"260964000000",2,2,4,1,24,2,48,45,1,1,1,0
"260968000000",2,2,4,2,30,2,52,NA,3,7,99,3
"260968000000",1,2,5,2,25,3,46,NA,3,2,99,0
"260969000000",1,2,16,99,25,2,60,NA,4,2,99,9
"260970000000",2,2,7,2,21,2,51,50,1,2,2,0
"260970000000",1,2,3,1,19,2,45,44,1,1,1,0
"260971000000",1,2,4,99,18,2,45,NA,3,2,99,9
"260973000000",1,2,6,7,18,3,35,39,2,7,7,0
"260973000000",2,2,7,7,17,2,35,39,2,7,7,0
"260974000000",1,2,4,7,NA,3,50,NA,3,7,99,0
"260979000000",1,2,14,2,33,2,66,66,1,2,2,0
"260980000000",1,2,4,1,25,1,41,44,1,1,1,0
"260982000000",2,2,5,1,32,1,26,30,1,1,1,0
"260983000000",1,2,4,2,30,2,49,50,1,1,1,1
"260987000000",2,2,8,2,19,3,54,57,1,2,7,0
"260993000000",1,2,4,2,43,2,47,NA,3,2,99,0
"260994000000",1,2,5,2,22,2,58,NA,3,2,99,0
"260999000000",2,2,4,7,31,2,55,NA,3,2,99,3
"261000000000",1,2,4,99,22,2,39,39,1,1,1,9
"261104000000",2,2,4,2,21,2,56,NA,3,2,99,0
"261111000000",1,2,5,1,25,2,57,NA,3,1,99,0
"261111000000",1,2,5,7,30,2,47,50,1,7,7,0
"261114000000",2,2,5,2,29,2,56,NA,3,2,99,0
"261114000000",1,2,4,2,20,3,44,NA,3,2,99,0
"261114000000",1,2,15,2,16,2,37,NA,3,2,99,0
"261115000000",2,2,4,1,19,2,26,NA,3,1,99,0
"261116000000",2,2,4,2,18,3,39,NA,3,1,99,1
"261117000000",1,2,5,2,39,2,60,NA,3,2,99,0
"261117000000",2,2,4,1,22,2,65,NA,3,99,99,9
"261120000000",2,2,7,7,27,2,46,49,1,7,7,0
"261122000000",2,2,5,1,26,2,69,74,1,7,7,2
"261124000000",2,2,5,2,33,2,65,59,1,2,2,0
"261126000000",2,2,3,2,28,2,50,44,1,2,2,0
"261127000000",1,2,4,7,25,2,40,42,1,7,7,0
"261127000000",2,2,5,2,20,2,40,NA,3,2,99,0
"261128000000",1,2,4,2,27,2,52,56,1,2,2,0
"261128000000",2,2,4,1,27,1,29,31,1,1,1,0
"261128000000",1,2,18,2,20,2,56,NA,3,2,99,0
"261128000000",1,2,5,99,34,2,46,NA,3,2,99,9
"261129000000",1,2,4,2,35,2,61,NA,3,2,99,0
"261129000000",1,2,4,1,31,1,37,41,1,1,1,0
"261129000000",1,2,5,1,26,NA,NA,NA,NA,99,99,9
"261131000000",2,2,4,1,29,2,47,43,1,1,1,0
"261131000000",1,2,4,1,29,2,34,35,1,1,1,0
"261132000000",1,2,5,1,28,1,38,NA,3,1,99,0
"261137000000",1,2,4,7,37,3,43,NA,3,7,99,0
"261142000000",2,2,7,7,21,NA,NA,NA,NA,99,99,9
"261142000000",1,2,4,2,32,2,36,37,1,2,2,0
"261144000000",1,2,4,7,25,2,38,44,1,7,7,0
"261144000000",1,2,4,99,22,2,44,NA,3,2,99,9
"261145000000",2,2,5,2,37,3,65,NA,3,2,99,0
"261145000000",1,2,4,99,41,2,42,37,1,7,7,9
"261146000000",1,2,5,2,18,2,49,NA,3,2,99,0
"261147000000",1,2,4,2,18,2,50,47,1,1,1,1
"261149000000",2,2,4,7,21,2,55,NA,3,7,99,0
"261150000000",2,2,6,99,21,3,45,NA,3,1,99,9
"261150000000",1,2,4,4,18,2,53,63,1,2,2,3
"261152000000",2,2,5,99,19,2,52,NA,3,2,99,9
"261155000000",2,2,4,2,31,1,52,62,1,2,2,0
"261156000000",1,2,4,1,29,2,42,NA,3,2,99,2
"261156000000",2,2,4,2,18,3,61,NA,3,2,99,0
"261157000000",2,2,5,2,25,3,51,NA,3,2,99,0
"261160000000",2,2,5,99,28,2,58,NA,3,99,99,9
"261161000000",2,2,4,1,22,2,45,42,1,1,1,0
"261162000000",2,2,5,7,19,2,35,42,1,1,1,1
"261162000000",2,2,4,2,26,2,58,NA,3,7,99,3
"261163000000",1,2,14,7,17,2,68,NA,3,2,99,3
"261166000000",2,2,4,1,28,2,46,46,1,1,1,0
"261169000000",1,2,3,2,36,2,75,NA,3,2,99,0
"261170000000",1,2,4,1,32,2,28,53,2,1,99,0
"261170000000",1,2,8,7,28,2,47,NA,3,7,99,0
"261172000000",2,2,5,2,15,3,55,60,1,2,2,0
"261173000000",1,2,12,7,17,3,47,60,1,2,2,3
"261174000000",2,2,4,2,19,2,48,55,1,1,2,0
"261174000000",1,2,4,1,20,2,34,NA,3,7,99,2
"261174000000",1,2,5,2,19,2,65,NA,3,2,99,0
"261174000000",1,2,4,2,22,2,55,NA,3,7,99,3
"261176000000",2,2,4,7,22,2,45,NA,3,7,99,0
"261177000000",1,2,4,2,21,2,37,NA,3,2,99,0
"261182000000",1,2,4,1,25,2,54,54,1,1,1,0
"261183000000",2,2,5,2,23,2,56,NA,3,7,99,3
"261183000000",1,2,5,2,23,2,56,NA,3,7,99,3
"261183000000",1,2,4,1,40,2,40,58,1,2,2,2
"261184000000",2,2,4,1,23,2,43,42,1,1,1,0
"261185000000",2,2,4,2,23,2,27,29,1,7,7,3
"261185000000",1,2,4,99,36,2,54,55,1,2,2,9
"261187000000",2,2,4,7,20,2,53,60,1,7,7,0
"261190000000",1,2,4,7,28,2,54,NA,3,7,99,0
"261196000000",2,2,5,99,17,2,62,NA,3,2,99,9
"261197000000",2,2,4,1,21,2,51,47,1,1,1,0
"261198000000",1,2,6,1,39,2,50,45,1,1,1,0
"261198000000",2,2,4,99,21,2,61,NA,3,2,99,9
"261202000000",2,2,4,7,30,2,44,49,1,7,7,0
"261203000000",1,2,5,2,25,3,38,NA,3,2,99,0
"261205000000",2,2,4,2,16,2,40,56,1,2,2,0
"261206000000",2,2,18,1,NA,3,48,50,1,2,2,2
"261209000000",1,2,4,1,28,2,37,59,1,1,1,0
"261211000000",1,2,3,1,25,3,27,23,1,1,1,0
"261213000000",1,2,4,2,27,2,53,49,1,2,2,0
"261213000000",1,2,5,2,23,2,51,NA,3,2,99,0
"261214000000",2,2,4,7,24,2,41,NA,3,2,99,3
"261215000000",2,2,4,2,25,2,53,48,1,1,1,1
"261215000000",1,2,4,2,25,2,53,48,1,1,1,1
"261215000000",2,2,4,2,24,2,56,NA,3,2,99,0
"261216000000",2,2,4,2,29,2,33,NA,3,2,99,0
"261218000000",2,2,11,2,38,2,37,NA,3,2,99,0
"261220000000",2,2,4,1,31,1,41,37,1,1,1,0
"261220000000",1,2,4,2,19,2,38,NA,3,2,99,0
"261223000000",2,2,4,2,20,2,65,NA,3,2,99,0
"261223000000",1,2,4,2,20,2,73,NA,3,2,99,0
"261225000000",1,2,5,99,19,2,53,NA,3,1,99,9
"261226000000",1,2,4,99,29,2,32,32,1,1,1,9
"261229000000",1,2,4,2,23,2,46,NA,3,2,99,0
"261229000000",2,2,5,2,35,2,57,NA,3,2,99,0
"261230000000",2,2,4,2,30,2,29,30,2,1,1,1
"261232000000",1,2,13,2,21,2,60,NA,3,2,99,0
"261232000000",2,2,11,2,23,2,60,NA,3,2,99,0
"261233000000",1,2,3,1,20,2,43,47,1,1,1,0
"261238000000",2,2,9,1,26,2,50,55,1,5,2,2
"261239000000",2,2,4,2,28,2,48,NA,3,2,99,0
"261241000000",1,2,4,2,28,2,35,36,1,2,7,0
"261241000000",1,2,8,7,20,2,57,NA,3,7,99,0
"261242000000",2,2,8,2,19,3,46,45,1,2,2,0
"261242000000",1,2,6,2,21,3,46,45,1,2,2,0
"261242000000",2,2,5,2,23,3,46,45,1,2,2,0
"261242000000",2,2,4,2,16,2,43,NA,3,2,99,0
"261242000000",1,2,4,99,22,2,62,66,1,1,1,9
"261242000000",1,2,4,1,31,1,41,40,1,1,1,0
"261242000000",2,2,4,1,25,2,33,41,1,1,1,0
"261245000000",2,2,4,2,22,2,41,NA,3,2,99,0
"261248000000",2,2,3,2,20,2,47,43,2,2,2,0
"261250000000",1,2,5,1,24,2,33,41,1,1,1,0
"261253000000",1,2,4,2,42,2,51,42,1,2,2,0
"261256000000",1,2,8,7,21,2,54,NA,3,2,99,3
"261256000000",2,2,4,7,25,2,54,NA,3,2,99,3
"261257000000",2,2,4,2,19,2,47,NA,3,2,99,0
"261259000000",1,2,4,1,24,2,36,36,1,1,1,0
"261259000000",1,2,4,99,24,2,37,52,1,1,1,9
"261259000000",1,2,4,1,31,2,43,43,1,1,1,0
"261259000000",1,2,4,2,31,2,49,50,1,1,1,1
"261262000000",1,2,3,1,24,2,37,42,1,1,1,0
"261264000000",2,2,4,1,24,2,47,47,1,1,1,0
"261267000000",2,2,4,1,31,2,42,NA,3,1,99,0
"261268000000",2,2,7,2,19,2,32,NA,3,2,99,0
"261270000000",1,2,4,7,42,2,44,54,1,2,2,3
"261272000000",2,2,4,7,23,2,65,NA,3,7,99,0
"261273000000",2,2,4,2,24,2,61,NA,3,7,99,3
"261273000000",2,2,3,2,29,2,45,44,1,2,2,0
"261274000000",2,2,6,7,19,2,68,54,2,7,7,0
"261275000000",1,2,7,7,23,2,60,NA,3,7,99,0
"261275000000",2,2,4,2,27,2,52,NA,3,2,99,0
"261278000000",2,2,5,2,19,NA,NA,NA,NA,99,99,9
"261279000000",1,2,4,1,35,2,46,46,1,1,1,0
"261279000000",2,2,5,2,24,2,47,NA,3,2,99,0
"261279000000",1,2,4,2,21,3,48,47,1,1,1,1
"261280000000",1,2,4,1,35,2,50,55,1,1,1,0
"261281000000",1,2,4,7,24,1,44,39,1,7,7,0
"261282000000",2,2,5,2,30,2,51,NA,3,2,99,0
"261282000000",1,2,4,2,19,3,61,NA,3,2,99,0
"261282000000",1,2,4,2,19,3,61,NA,3,2,99,0
"261282000000",1,2,3,1,26,2,53,53,1,1,1,0
"261283000000",1,2,4,99,22,2,67,51,1,7,2,9
"261284000000",2,2,4,2,26,2,31,26,1,2,2,0
"261286000000",1,2,5,2,32,2,50,36,1,7,7,3
"261286000000",1,2,4,1,30,2,60,NA,3,7,99,2
"261286000000",1,2,3,1,22,2,30,NA,3,1,99,0
"261287000000",1,2,5,1,29,2,45,47,1,1,1,0
"261287000000",1,2,4,1,21,2,40,44,1,1,1,0
"261288000000",1,2,4,1,27,2,66,69,1,1,1,0
"261288000000",2,2,4,2,37,3,41,NA,3,2,99,0
"261288000000",1,2,4,7,23,2,30,45,1,1,7,0
"261290000000",1,2,4,1,25,2,47,40,1,1,1,0
"261293000000",2,2,6,2,33,2,57,NA,3,2,99,0
"261296000000",1,2,4,2,29,2,40,NA,3,2,99,0
"261300000000",1,2,4,2,23,2,58,NA,3,2,99,0
"261301000000",2,2,4,2,39,3,46,NA,3,7,99,3
"261302000000",1,2,4,2,20,2,53,NA,3,2,99,0
"261306000000",2,2,16,2,32,2,32,NA,3,2,99,0
"261306000000",2,2,4,2,27,2,51,NA,3,2,99,0
"261308000000",2,2,4,2,21,2,40,NA,3,2,99,0
"261310000000",2,2,4,2,31,3,70,NA,3,2,99,0
"261313000000",1,2,4,99,21,1,58,61,1,2,2,9
"261315000000",2,2,18,2,26,2,48,50,1,2,2,0
"261315000000",1,2,16,2,28,2,48,50,1,2,2,0
"261315000000",1,2,13,2,31,2,48,50,1,2,2,0
"261315000000",1,2,12,99,33,3,48,56,1,7,7,9
"261318000000",2,2,4,2,25,2,67,NA,3,7,99,3
"261323000000",1,2,4,99,24,2,38,39,1,2,2,9
"261323000000",1,2,4,2,24,2,38,39,1,2,2,0
"261324000000",1,2,14,7,22,2,69,NA,3,7,99,0
"261324000000",1,2,11,7,24,2,69,NA,3,7,99,0
"261324000000",1,2,7,7,29,2,69,NA,3,7,99,0
"261325000000",2,2,4,2,39,2,46,NA,3,2,99,0
"261327000000",2,2,4,7,16,3,59,NA,3,2,99,3
"261328000000",1,2,4,2,24,2,44,NA,3,2,99,0
"261329000000",1,2,5,2,16,2,61,NA,3,2,99,0
"261329000000",2,2,3,2,25,2,60,NA,3,2,99,0
"261330000000",1,2,3,1,20,2,55,NA,3,1,99,0
"261331000000",2,2,3,1,26,2,61,62,1,1,1,0
"261332000000",2,2,4,2,28,3,37,NA,3,2,99,0
"261333000000",1,2,5,2,20,2,50,NA,3,2,99,0
"261335000000",1,2,4,2,30,3,45,NA,3,2,99,0
"261337000000",2,2,4,99,35,2,45,45,1,1,1,9
"261340000000",1,2,4,7,30,3,51,NA,3,7,99,0
"261347000000",1,2,4,1,20,2,58,62,1,7,7,2
"261347000000",1,2,4,99,21,2,57,NA,3,7,99,9
"261350000000",2,2,3,2,NA,2,54,NA,3,2,99,0
"261350000000",1,2,3,1,21,2,54,52,1,7,7,2
"261350000000",1,2,3,1,21,2,54,52,1,7,7,2
"261351000000",2,2,4,2,25,3,68,NA,3,2,99,0
"261352000000",1,2,4,1,35,1,55,55,1,7,7,2
"261352000000",1,2,4,1,34,1,58,55,1,1,1,0
"261355000000",1,2,3,7,37,3,49,NA,3,7,99,0
"261356000000",1,2,3,99,22,2,51,NA,3,2,99,9
"261360000000",1,2,3,99,23,3,33,32,1,1,1,9
"261360000000",1,2,3,1,26,2,50,47,1,1,1,0
"261364000000",1,2,3,2,21,2,39,NA,3,2,99,0
"261367000000",1,2,6,99,35,2,52,NA,3,7,99,9
"261367000000",2,2,4,2,31,1,45,NA,3,2,99,0
"261372000000",1,2,4,99,23,2,65,63,1,2,2,9
"261372000000",1,2,4,2,20,2,49,NA,3,2,99,0
"261373000000",2,2,4,2,35,2,50,NA,3,2,99,0
"261374000000",2,2,15,1,21,2,56,55,1,7,7,2
"261376000000",2,2,11,2,41,2,52,51,2,2,2,0
"261377000000",1,2,4,2,35,2,53,56,2,2,2,0
"261379000000",2,2,4,1,35,2,58,60,1,1,1,0
"261382000000",2,2,4,2,22,2,42,44,1,2,2,0
"261384000000",1,2,4,2,20,2,47,NA,3,2,99,0
"261385000000",1,2,3,2,31,2,47,NA,3,2,99,0
"261386000000",2,2,3,99,29,2,49,44,1,7,2,9
"261388000000",2,2,4,1,39,3,40,NA,3,7,99,2
"261388000000",2,2,8,1,35,3,40,NA,3,7,99,2
"261391000000",2,2,3,1,24,1,48,55,1,1,1,0
"261391000000",2,2,4,2,28,2,40,39,1,1,1,1
"261393000000",2,2,4,2,23,2,38,NA,3,2,99,0
"261401000000",2,2,4,7,41,2,29,NA,3,2,99,3
"261403000000",1,2,3,2,31,2,50,NA,3,2,99,0
"261404000000",2,2,3,2,23,2,56,58,1,7,7,3
"261406000000",1,2,5,99,26,2,61,NA,3,2,99,9
"261406000000",2,2,5,2,18,2,62,NA,3,2,99,0
"261407000000",1,2,4,99,20,3,47,NA,3,7,99,9
"261414000000",1,2,3,2,22,2,61,NA,3,2,99,0
"261415000000",2,2,4,2,28,3,60,NA,3,2,99,0
"261416000000",1,2,3,2,30,2,65,73,1,2,2,0
"261418000000",2,2,3,2,25,3,55,57,1,2,2,0
"261418000000",2,2,3,2,17,2,50,NA,3,2,99,0
"261418000000",2,2,3,2,25,2,41,NA,3,2,99,0
"261419000000",1,2,4,7,33,2,34,37,1,7,7,0
"261420000000",2,2,4,1,32,2,47,44,1,2,2,2
"261421000000",2,2,3,2,26,2,63,NA,3,1,99,1
"261424000000",1,2,3,1,40,1,57,54,1,7,7,2
"261427000000",1,2,3,99,36,1,63,62,1,1,1,9
"261430000000",2,2,4,2,20,2,31,NA,3,1,99,1
"261431000000",2,2,4,2,26,2,47,48,1,2,2,0
"261432000000",1,2,4,2,31,2,66,NA,3,2,99,0
"261435000000",2,2,4,2,24,2,44,NA,3,2,99,0
"261438000000",2,2,4,99,18,2,56,NA,3,2,99,9
"261443000000",1,2,4,2,41,2,56,NA,3,7,99,3
"261445000000",1,2,3,1,17,2,41,41,1,1,1,0
"261446000000",1,2,3,7,25,2,48,42,1,2,2,3
"261448000000",2,2,3,1,25,3,56,58,1,1,1,0
"261448000000",2,2,4,2,19,2,44,NA,3,99,99,9
"261448000000",2,2,5,2,20,2,52,NA,3,2,99,0
"261449000000",2,2,4,1,24,3,30,34,1,1,1,0
"261449000000",1,2,3,1,30,2,45,50,1,1,1,0
"261450000000",1,2,3,1,19,1,45,44,1,1,1,0
"261450000000",1,2,4,99,19,2,37,NA,3,1,99,9
"261451000000",1,2,3,2,35,2,38,NA,3,2,99,0
"261452000000",1,2,4,4,20,2,52,NA,3,7,99,3
"261452000000",2,2,4,2,23,2,59,NA,3,7,99,3
"261452000000",1,2,4,2,20,2,45,NA,3,2,99,0
"261453000000",2,2,3,2,42,NA,NA,NA,NA,99,99,9
"261453000000",2,2,3,1,20,2,59,63,1,1,1,0
"261453000000",1,2,4,1,23,2,30,32,1,1,1,0
"261455000000",1,2,5,1,27,1,38,38,1,1,1,0
"261457000000",1,2,4,2,25,2,30,NA,3,2,99,0
"261459000000",1,2,3,2,37,3,41,NA,3,2,99,0
"261460000000",2,2,4,1,26,2,55,NA,3,7,99,2
"261464000000",1,2,3,1,30,3,34,37,1,1,1,0
"261466000000",2,2,4,2,34,2,54,NA,3,7,99,3
"261466000000",2,2,3,7,42,2,34,41,1,7,7,0
"261468000000",2,2,3,2,26,2,53,NA,3,2,99,0
"261468000000",1,2,4,2,26,2,52,NA,3,2,99,0
"261470000000",1,2,3,2,25,2,29,NA,3,2,99,0
"261472000000",1,2,3,99,21,2,45,44,1,1,1,9
"261472000000",2,2,3,2,25,2,35,34,1,2,2,0
"261476000000",2,2,3,1,29,1,38,39,1,1,1,0
"261479000000",1,2,3,2,25,2,45,NA,3,2,99,0
"261480000000",1,2,3,2,17,2,34,54,1,1,1,1
"261480000000",2,2,5,2,20,2,52,40,2,7,7,3
"261482000000",1,2,4,2,36,2,57,NA,3,2,99,0
"261482000000",1,2,3,99,25,1,32,43,1,1,1,9
"261483000000",1,2,11,2,38,3,31,NA,3,2,99,0
"261487000000",2,2,6,2,20,2,42,NA,3,2,99,0
"261488000000",1,2,3,1,23,2,40,NA,3,1,99,0
"261489000000",2,2,4,99,33,2,58,67,1,2,2,9
"261492000000",1,2,4,2,22,2,36,NA,3,2,99,0
"261492000000",2,2,14,99,31,2,55,NA,3,2,99,9
"261492000000",2,2,18,2,27,2,55,NA,3,2,99,0
"261493000000",2,2,3,1,30,2,71,NA,3,2,99,2
"261493000000",2,2,3,2,27,2,65,55,1,1,1,1
"261494000000",1,2,3,1,36,2,56,56,1,1,1,0
"261494000000",1,2,3,1,29,2,46,46,1,1,1,0
"261497000000",1,2,3,1,28,2,49,43,1,1,1,0
"261500000000",1,2,3,7,19,2,60,NA,3,7,99,0
"261507000000",2,2,3,7,37,2,47,54,1,7,1,0
"261509000000",2,2,5,2,20,2,41,NA,4,2,99,0
"261511000000",1,2,4,2,19,3,31,31,1,2,2,0
"261512000000",1,2,3,1,19,2,33,28,1,1,1,0
"261512000000",2,2,2,99,27,2,44,45,1,1,1,9
"261515000000",1,2,3,99,42,2,44,NA,3,2,99,9
"261515000000",2,2,4,2,34,2,57,62,1,2,2,0
"261516000000",1,2,4,2,38,3,65,NA,3,2,99,0
"261518000000",2,2,3,7,25,2,39,NA,3,99,99,9
"261520000000",2,2,4,99,29,2,50,NA,3,2,99,9
"261521000000",2,2,3,2,24,2,59,NA,3,2,99,0
"261526000000",1,2,3,2,25,3,34,NA,3,99,99,9
"261527000000",1,2,3,7,32,2,38,36,1,99,99,9
"261527000000",2,2,4,1,20,2,63,47,1,7,7,2
"261532000000",2,2,3,2,31,2,45,NA,3,7,99,3
"261532000000",2,2,4,2,30,2,46,51,1,2,2,0
"261533000000",2,2,3,1,23,2,37,32,1,2,2,2
"261535000000",2,2,3,7,27,2,62,48,1,1,7,0
"261536000000",1,2,14,4,NA,3,60,59,1,4,4,0
"261540000000",2,2,4,99,20,2,48,NA,3,7,99,9
"261541000000",1,2,3,1,30,1,35,35,1,1,1,0
"261543000000",2,2,6,1,33,2,47,NA,3,7,99,2
"261544000000",2,2,2,1,20,2,48,43,1,1,1,0
"261545000000",1,2,3,99,23,2,38,47,1,1,1,9
"261545000000",1,2,6,7,17,2,65,NA,3,7,99,0
"261545000000",2,2,3,7,19,2,65,NA,3,7,99,0
"261546000000",1,2,3,2,22,2,48,65,1,2,2,0
"261549000000",1,2,5,2,35,2,51,NA,3,2,99,0
"261550000000",1,2,3,1,33,2,55,NA,3,1,99,0
"261553000000",2,2,3,2,42,2,53,NA,3,2,99,0
"261554000000",1,2,4,2,17,2,54,53,1,2,2,0
"261555000000",2,2,3,2,35,2,41,NA,3,2,99,0
"261556000000",1,2,2,1,27,1,43,46,1,1,1,0
"261560000000",1,2,4,2,40,2,37,NA,3,2,99,0
"261563000000",2,2,3,2,18,2,46,NA,3,7,99,3
"261563000000",1,2,3,99,18,2,38,40,1,1,1,9
"261563000000",1,2,3,6,18,2,62,NA,3,2,99,3
"261568000000",1,2,3,7,NA,NA,NA,NA,NA,99,99,9
"261568000000",2,2,3,1,33,2,50,48,1,7,1,0
"261569000000",2,2,3,2,23,2,58,NA,3,2,99,0
"261571000000",2,2,3,2,22,2,35,NA,3,2,99,0
"261573000000",2,2,3,2,27,2,70,NA,3,7,99,3
"261574000000",2,2,3,2,28,2,40,NA,3,2,99,0
"261576000000",1,2,3,1,28,2,66,69,1,1,1,0
"261577000000",2,2,3,7,25,2,47,49,1,7,1,0
"261578000000",2,2,4,99,17,2,53,NA,3,2,99,9
"261580000000",1,2,3,2,36,2,33,37,2,2,2,0
"261580000000",1,2,4,2,20,2,57,NA,3,2,99,0
"261581000000",2,2,3,99,21,2,31,31,1,1,1,9
"261582000000",1,2,8,99,NA,2,30,59,2,7,7,9
"261587000000",2,2,3,99,20,2,47,NA,3,2,99,9
"261588000000",1,2,3,99,30,1,43,52,1,7,7,9
"261591000000",1,2,3,1,23,2,56,48,1,1,1,0
"261591000000",1,2,3,2,40,2,38,44,1,7,7,3
"261593000000",1,2,3,99,27,2,56,52,1,1,1,9
"261594000000",1,2,6,1,17,2,61,NA,3,7,99,2
"261594000000",2,2,3,2,21,2,31,NA,3,2,99,0
"261598000000",2,2,4,2,31,2,43,NA,3,7,99,3
"261598000000",2,2,7,2,28,2,41,NA,3,2,99,0
"261598000000",2,2,5,99,30,2,41,NA,3,2,99,9
"261599000000",1,2,4,99,22,2,70,NA,3,7,99,9
"261599000000",1,2,3,1,16,2,65,55,1,1,1,0
"261599000000",2,2,3,99,35,1,46,45,1,1,1,9
"261601000000",1,2,4,2,34,2,43,44,1,2,2,0
"261601000000",2,2,4,2,34,2,43,44,1,2,2,0
"261601000000",2,2,3,2,21,2,60,59,1,1,2,0
"261603000000",2,2,3,2,34,3,45,NA,3,2,99,0
"261603000000",2,2,3,2,34,3,45,NA,3,2,99,0
"261604000000",1,2,3,2,20,2,43,45,2,2,2,0
"261604000000",1,2,3,7,37,3,28,NA,3,99,99,9
"261605000000",1,2,2,99,19,2,45,NA,3,2,99,9
"261607000000",1,2,3,2,22,2,67,NA,3,2,99,0
"261608000000",1,2,3,1,29,2,56,NA,3,7,99,2
"261611000000",1,2,3,2,22,2,56,46,1,1,7,3
"261611000000",2,2,3,1,27,2,33,36,2,7,1,0
"261613000000",1,2,3,99,33,2,49,NA,3,2,99,9
"261614000000",1,2,3,7,19,2,56,NA,3,1,99,1
"261615000000",2,2,5,2,19,2,69,NA,3,2,99,0
"261617000000",1,2,3,99,22,2,48,45,1,7,7,9
"261620000000",1,2,3,1,22,2,50,37,1,1,1,0
"261620000000",1,2,3,1,22,2,50,37,1,1,1,0
"261621000000",2,2,3,2,29,3,57,50,1,2,2,0
"261623000000",1,2,3,2,28,3,57,NA,3,2,99,0
"261624000000",1,2,3,7,33,1,49,48,1,1,1,1
"261624000000",2,2,3,2,22,2,40,NA,3,2,99,0
"261625000000",2,2,3,1,19,2,51,NA,3,1,99,0
"261628000000",2,2,3,2,29,2,61,60,1,2,2,0
"261630000000",2,2,19,2,19,2,39,NA,3,2,99,0
"261631000000",2,2,3,1,29,1,53,52,1,1,1,0
"261631000000",2,2,4,2,19,2,53,NA,3,2,99,0
"261632000000",1,2,3,2,26,2,58,NA,3,2,99,0
"261635000000",2,2,3,2,25,2,67,NA,3,2,99,0
"261637000000",2,2,3,7,37,2,39,NA,3,7,99,0
"261638000000",2,2,3,2,32,1,45,NA,3,2,99,0
"261638000000",1,2,3,99,27,2,40,36,1,1,1,9
"261639000000",1,2,4,1,31,2,72,NA,3,7,99,2
"261640000000",1,2,12,7,28,2,58,55,1,7,7,0
"261640000000",2,2,5,7,34,2,58,55,1,7,7,0
"261643000000",1,2,10,2,35,2,53,NA,3,7,99,3
"261643000000",2,2,2,1,27,2,31,31,1,1,1,0
"261644000000",1,2,3,2,30,3,78,73,1,2,2,0
"261648000000",1,2,3,1,42,2,40,45,1,1,1,0
"261649000000",1,2,4,2,24,2,56,NA,3,7,99,3
"261650000000",1,2,7,2,22,NA,NA,NA,NA,99,99,9
"261653000000",2,2,3,1,21,2,33,NA,3,7,99,2
"261658000000",2,2,3,1,27,2,51,55,1,1,1,0
"261658000000",1,2,3,2,27,2,38,36,1,1,1,1
"261659000000",1,2,3,2,24,2,30,32,1,2,2,0
"261663000000",2,2,3,1,26,2,47,NA,4,1,99,0
"261664000000",2,2,3,2,22,2,49,NA,3,2,99,0
"261665000000",1,2,3,2,15,2,57,80,1,7,7,3
"261670000000",2,2,3,7,30,2,70,64,1,7,7,0
"261670000000",2,2,8,7,26,2,70,64,1,7,7,0
"261671000000",1,2,4,2,21,3,67,NA,3,7,99,3
"261672000000",1,2,2,1,27,2,33,NA,3,1,99,0
"261679000000",2,2,3,1,30,2,41,44,1,1,1,0
"261681000000",2,2,3,7,22,2,57,NA,3,7,99,0
"261682000000",1,2,2,1,34,2,66,43,1,1,1,0
"261682000000",2,2,3,2,26,2,51,48,1,1,1,1
"261687000000",2,2,3,1,24,2,28,28,1,1,1,0
"261688000000",2,2,3,2,18,2,58,NA,3,2,99,0
"261688000000",2,2,3,2,25,2,27,32,1,1,1,1
"261691000000",1,2,3,2,33,3,34,NA,3,2,99,0
"261692000000",1,2,2,7,33,2,53,NA,3,7,99,0
"261694000000",1,2,2,2,30,2,31,35,1,1,1,1
"261694000000",1,2,3,2,35,2,53,56,2,2,2,0
"261695000000",1,2,3,2,34,2,54,68,2,7,7,3
"261695000000",2,2,3,2,22,2,49,51,1,2,2,0
"261697000000",2,2,3,2,27,3,54,NA,3,2,99,0
"261700000000",2,2,3,2,39,3,47,NA,3,99,99,9
"261700000000",1,2,3,1,23,1,36,43,1,1,1,0
"261704000000",2,2,3,1,28,1,39,42,1,1,1,0
"261707000000",1,2,2,99,29,3,33,40,2,1,1,9
"261707000000",1,2,3,2,20,2,36,NA,3,2,99,0
"261708000000",1,2,2,2,36,NA,NA,NA,NA,99,99,9
"261710000000",1,2,3,2,37,NA,NA,NA,NA,99,99,9
"261711000000",2,2,3,99,23,2,52,53,1,1,1,9
"261712000000",1,2,3,1,32,2,37,39,1,1,1,0
"261715000000",2,2,2,2,31,2,50,NA,3,2,99,0
"261716000000",2,2,3,1,28,2,53,NA,3,2,99,2
"261718000000",2,2,2,2,30,2,47,NA,3,2,99,0
"261718000000",1,2,3,2,18,2,45,NA,3,2,99,0
"261719000000",2,2,2,1,31,2,45,47,1,1,1,0
"261720000000",1,2,3,2,32,2,66,NA,3,2,99,0
"261721000000",1,2,14,2,20,2,59,NA,3,1,99,1
"261724000000",1,2,2,2,27,3,44,NA,3,2,99,0
"261729000000",1,2,3,99,20,2,47,NA,3,7,99,9
"261729000000",2,2,2,2,28,3,38,35,1,1,1,1
"261729000000",2,2,3,1,22,2,51,53,1,1,1,0
"261731000000",2,2,2,1,27,2,54,49,2,1,1,0
"261732000000",2,2,3,1,34,2,26,30,1,1,1,0
"261732000000",1,2,2,99,37,2,38,NA,3,1,99,9
"261735000000",1,2,3,2,37,2,47,NA,3,2,99,0
"261736000000",2,2,3,2,40,2,60,NA,3,2,99,0
"261736000000",1,2,4,7,28,2,51,NA,3,7,99,0
"261737000000",2,2,2,1,26,2,30,32,1,1,1,0
"261739000000",2,2,3,1,28,2,64,NA,3,7,99,2
"261739000000",2,2,2,99,35,2,45,45,1,1,1,9
"261744000000",1,2,2,7,18,2,44,49,1,1,1,1
"261748000000",1,2,2,99,20,2,46,54,1,1,1,9
"261749000000",2,2,3,2,30,2,48,NA,3,2,99,0
"261750000000",2,2,5,1,20,2,65,64,1,1,1,0
"261750000000",1,2,4,1,21,2,64,65,1,1,1,0
"261755000000",1,2,2,2,33,2,49,48,1,2,2,0
"261757000000",2,2,3,1,29,2,35,NA,3,1,99,0
"261758000000",1,2,4,1,36,2,43,49,1,1,1,0
"261759000000",1,2,3,2,22,2,59,58,1,2,2,0
"261759000000",1,2,3,2,27,2,53,NA,3,2,99,0
"261762000000",1,2,3,2,27,2,46,39,1,2,2,0
"261762000000",1,2,3,2,24,2,39,42,1,7,7,3
"261767000000",2,2,3,99,22,2,43,NA,3,2,99,9
"261769000000",1,2,3,2,23,2,74,80,1,2,2,0
"261772000000",2,2,3,2,34,2,43,NA,3,7,99,3
"261773000000",2,2,2,1,21,2,39,38,1,1,1,0
"261775000000",1,2,2,7,38,2,47,51,1,7,7,0
"261775000000",2,2,2,1,34,2,40,40,1,1,1,0
"261781000000",1,2,3,1,31,1,53,59,1,1,1,0
"261783000000",2,2,3,2,21,2,77,NA,3,2,99,0
"261784000000",1,2,3,99,23,3,71,NA,3,2,99,9
"261785000000",1,2,3,2,35,2,58,NA,3,7,99,3
"261786000000",2,2,2,99,17,2,45,45,1,1,1,9
"261786000000",2,2,3,99,26,2,51,45,2,1,1,9
"261788000000",1,2,3,7,33,2,44,51,1,7,7,0
"261789000000",1,2,2,1,27,2,36,49,1,1,1,0
"261792000000",1,2,2,1,17,2,40,43,1,1,1,0
"261793000000",1,2,2,1,24,NA,NA,NA,NA,99,99,9
"261795000000",2,2,3,2,23,2,41,NA,3,2,99,0
"261795000000",1,2,2,99,22,2,40,NA,3,2,99,9
"261798000000",1,2,2,6,31,1,42,NA,3,1,99,1
"261799000000",1,2,3,1,29,2,68,NA,3,2,99,2
"261800000000",2,2,3,1,29,2,39,39,1,1,1,0
"261801000000",1,2,2,2,32,2,52,NA,3,7,99,3
"261803000000",2,2,3,7,30,2,54,NA,3,7,99,0
"261804000000",2,2,2,2,22,2,48,NA,3,2,99,0
"261804000000",2,2,2,7,34,2,47,NA,3,2,99,3
"261805000000",1,2,3,1,26,2,43,46,1,1,1,0
"261806000000",1,2,2,1,42,NA,NA,NA,NA,99,99,9
"261806000000",2,2,2,2,22,2,39,NA,3,2,99,0
"261807000000",2,2,2,1,19,2,44,47,1,1,1,0
"261808000000",2,2,2,2,32,2,46,NA,3,2,99,0
"261810000000",2,2,2,2,27,2,43,NA,3,2,99,0
"261810000000",2,2,3,2,26,2,56,NA,3,2,99,0
"261810000000",2,2,2,99,26,2,42,37,1,1,1,9
"261811000000",1,2,2,7,41,3,44,43,2,99,99,9
"261811000000",2,2,2,99,20,2,44,47,1,1,1,9
"261812000000",2,2,2,1,21,2,32,32,1,1,1,0
"261813000000",2,2,3,99,34,2,38,42,2,1,1,9
"261814000000",2,2,2,2,26,2,56,NA,4,2,99,0
"261814000000",1,2,3,2,25,2,56,NA,4,2,99,0
"261814000000",2,2,3,2,33,2,30,32,1,1,1,1
"261814000000",2,2,2,2,21,2,69,NA,3,2,99,0
"261815000000",2,2,2,1,21,2,26,NA,3,1,99,0
"261816000000",2,2,3,1,18,2,41,46,2,1,1,0
"261818000000",2,2,2,1,25,2,43,44,1,1,1,0
"261818000000",2,2,5,2,22,2,49,NA,3,2,99,0
"261819000000",1,2,2,1,21,2,44,50,1,1,1,0
"261819000000",2,2,2,1,33,1,41,40,1,1,1,0
"261820000000",2,2,3,2,23,2,54,47,1,1,1,1
"261821000000",2,2,2,1,24,1,44,41,2,1,1,0
"261822000000",2,2,2,2,41,2,38,NA,3,2,99,0
"261825000000",2,2,2,1,27,2,61,62,1,1,1,0
"261825000000",1,2,2,1,33,2,40,35,1,1,1,0
"261826000000",1,2,2,99,21,2,35,42,1,1,1,9
"261827000000",1,2,3,2,29,2,40,NA,3,2,99,0
"261830000000",2,2,2,99,22,2,46,45,1,1,1,9
"261836000000",1,2,3,2,29,2,42,36,1,7,7,3
"261836000000",2,2,2,2,26,2,45,NA,3,2,99,0
"261836000000",1,2,2,2,26,2,45,NA,3,2,99,0
"261837000000",1,2,11,2,20,2,46,48,1,2,2,0
"261840000000",1,2,2,1,23,2,25,NA,3,1,99,0
"261842000000",1,2,3,1,33,2,40,44,1,7,2,2
"261845000000",1,2,3,2,29,3,45,NA,3,2,99,0
"261845000000",2,2,6,2,21,2,61,NA,3,2,99,0
"261847000000",2,2,2,2,32,2,57,NA,3,2,99,0
"261848000000",2,2,2,1,23,1,31,33,1,1,1,0
"261848000000",1,2,2,2,25,2,59,54,1,2,2,0
"261851000000",1,2,2,1,17,2,44,43,1,1,1,0
"261855000000",2,2,2,2,21,3,61,NA,3,2,99,0
"261856000000",2,2,3,7,16,2,39,41,1,1,1,1
"261856000000",1,2,2,7,30,1,50,NA,3,1,99,1
"261857000000",2,2,2,2,32,2,37,41,1,7,7,3
"261861000000",2,2,2,2,32,2,56,NA,3,2,99,0
"261864000000",2,2,6,2,NA,2,55,56,1,2,2,0
"261864000000",1,2,6,2,NA,2,55,56,1,2,2,0
"261866000000",1,2,2,1,37,1,34,41,1,1,1,0
"261866000000",1,2,2,3,21,2,26,29,1,5,5,3
"261868000000",2,2,2,7,32,2,46,49,1,7,7,0
"261871000000",2,2,2,1,42,NA,NA,NA,NA,99,99,9
"261873000000",2,2,2,2,36,2,61,NA,3,2,99,0
"261874000000",1,2,2,2,19,2,47,NA,3,2,99,0
"261877000000",2,2,2,2,22,2,65,63,1,2,2,0
"261882000000",1,2,2,2,21,NA,NA,NA,NA,99,99,9
"261882000000",2,2,2,2,23,2,61,NA,3,2,99,0
"261883000000",1,2,2,99,35,2,57,46,1,1,1,9
"261883000000",2,2,3,2,20,2,49,NA,3,2,99,0
"261884000000",2,2,2,2,21,3,60,NA,3,2,99,0
"261885000000",1,2,2,7,26,2,51,38,2,7,2,0
"261885000000",2,2,3,2,19,2,46,NA,3,2,99,0
"261887000000",2,2,4,1,34,2,70,71,1,2,2,2
"261887000000",2,2,13,1,25,2,70,71,1,2,2,2
"261889000000",2,2,2,99,20,2,53,35,1,1,1,9
"261889000000",2,2,2,99,20,2,53,35,1,1,1,9
"261889000000",1,2,2,1,23,3,59,54,1,1,1,0
"261889000000",2,2,2,1,20,1,64,70,2,1,1,0
"261893000000",1,2,2,1,34,2,48,56,1,7,7,2
"261893000000",1,2,11,2,31,2,60,NA,3,2,99,0
"261894000000",2,2,3,1,18,2,43,46,1,1,1,0
"261894000000",1,2,2,1,26,2,50,40,1,1,1,0
"261894000000",2,2,3,1,32,2,45,45,1,1,1,0
"261894000000",1,2,9,99,26,2,55,NA,3,7,99,9
"261895000000",2,2,2,99,21,2,42,42,1,1,1,9
"261899000000",1,2,2,2,31,2,64,NA,3,2,99,0
"261899000000",1,2,1,1,31,1,35,35,1,1,1,0
"261899000000",1,2,7,2,31,2,55,66,1,2,2,0
"261900000000",2,2,2,7,25,2,53,61,1,7,7,0
"261900000000",2,2,2,2,24,3,35,34,1,1,1,1
"261901000000",2,2,3,2,25,2,40,40,1,1,1,1
"261902000000",1,2,14,2,24,2,34,NA,3,2,99,0
"261906000000",2,2,2,2,36,2,52,49,2,2,2,0
"261913000000",2,2,2,1,34,3,41,44,1,1,7,0
"261918000000",1,2,2,1,27,2,46,45,2,1,1,0
"261919000000",1,2,3,2,25,2,60,73,1,7,7,3
"261921000000",1,2,2,2,30,2,47,NA,3,2,99,0
"261922000000",1,2,2,2,17,2,43,NA,3,1,99,1
"261923000000",2,2,2,2,33,2,43,NA,3,2,99,0
"261924000000",1,2,2,1,31,2,46,45,1,1,1,0
"261925000000",2,2,2,4,28,2,40,45,1,1,1,1
"261928000000",1,2,2,99,21,2,31,32,1,1,1,9
"261930000000",1,2,1,99,20,2,38,40,1,1,1,9
"261933000000",1,2,2,2,26,2,34,32,1,1,1,1
"261934000000",2,2,2,1,25,2,43,53,1,2,2,2
"261934000000",1,2,2,1,30,2,51,NA,3,1,99,0
"261936000000",2,2,2,1,21,1,45,44,1,1,1,0
"261937000000",1,2,2,1,26,2,37,NA,3,1,99,0
"261942000000",2,2,2,2,37,2,63,NA,3,7,99,3
"261944000000",2,2,2,1,24,2,30,32,1,1,1,0
"261944000000",1,2,2,2,35,2,53,NA,3,7,99,3
"261945000000",2,2,2,2,37,2,36,34,1,7,7,3
"261946000000",2,2,2,99,18,2,38,38,1,1,1,9
"261952000000",2,2,2,7,34,2,59,41,2,7,7,0
"261953000000",2,2,3,99,18,2,53,50,1,1,1,9
"261954000000",2,2,2,99,35,2,38,NA,3,7,99,9
"261955000000",1,2,1,1,21,2,45,44,1,1,1,0
"261955000000",1,2,2,7,28,2,51,50,1,1,1,1
"261955000000",2,2,2,2,23,2,67,NA,3,2,99,0
"261956000000",1,2,2,1,25,2,41,52,1,1,1,0
"261956000000",1,2,2,1,20,2,48,54,1,1,1,0
"261959000000",1,2,3,1,20,1,24,28,1,1,1,0
"261960000000",1,2,3,1,21,2,57,56,1,1,1,0
"261960000000",1,2,2,99,25,2,30,30,1,1,1,9
"261960000000",2,2,2,2,35,2,45,NA,3,2,99,0
"261961000000",1,2,2,1,27,2,48,44,1,1,1,0
"261961000000",1,2,2,1,27,2,48,44,1,1,1,0
"261961000000",2,2,2,99,28,2,48,NA,3,2,99,9
"261962000000",1,2,2,7,34,2,63,NA,3,2,99,3
"261963000000",2,2,2,2,29,2,38,32,1,1,99,9
"261965000000",2,2,2,1,28,2,35,NA,3,2,99,2
"261966000000",1,2,1,1,24,2,37,32,1,2,2,2
"261975000000",1,2,2,1,31,3,33,34,1,1,1,0
"261976000000",1,2,2,2,27,2,42,NA,3,2,99,0
"261978000000",1,2,2,7,29,2,50,52,1,7,7,0
"261979000000",1,2,2,1,33,2,50,49,1,1,1,0
"261980000000",1,2,2,1,36,2,58,60,1,1,1,0
"261981000000",2,2,2,99,36,2,47,NA,3,2,99,9
"261981000000",2,2,3,99,27,2,37,37,1,99,99,9
"261982000000",2,2,2,2,36,2,61,NA,3,2,99,0
"261983000000",2,2,2,99,26,2,30,NA,3,1,99,9
"261985000000",2,2,2,1,22,1,51,51,1,1,1,0
"261985000000",2,2,2,1,22,1,51,51,1,1,1,0
"261986000000",2,2,2,2,32,2,46,51,1,2,2,0
"261987000000",2,2,2,2,41,2,48,51,1,1,1,1
"261989000000",2,2,2,1,23,2,70,NA,3,7,99,2
"261990000000",1,2,2,2,24,2,70,70,1,2,2,0
"261993000000",2,2,2,2,23,2,49,NA,3,2,99,0
"261995000000",1,2,2,7,32,2,43,56,1,7,7,0
"261999000000",1,2,2,7,38,2,35,36,1,7,7,0
"262002000000",1,2,2,2,31,3,53,45,1,2,2,0
"262007000000",1,2,2,1,22,2,35,32,1,1,1,0
"262009000000",2,2,2,2,29,2,50,55,1,2,2,0
"262011000000",1,2,2,7,24,2,30,45,1,1,7,0
"262011000000",2,2,2,1,24,2,34,34,1,1,1,0
"262012000000",1,2,2,1,21,1,46,NA,3,1,99,0
"262014000000",2,2,2,1,27,NA,NA,NA,NA,99,99,9
"262016000000",2,2,2,2,30,2,38,NA,3,2,99,0
"262018000000",2,2,2,99,31,2,55,49,1,1,1,9
"262019000000",1,2,2,1,26,2,37,45,1,1,1,0
"262020000000",2,2,2,2,38,2,52,60,1,2,2,0
"262020000000",1,2,2,7,35,1,49,48,1,1,1,1
"262021000000",2,2,2,99,36,2,50,44,1,1,1,9
"262023000000",1,2,2,2,26,2,56,56,1,2,2,0
"262023000000",1,2,2,2,26,2,56,56,1,2,2,0
"262023000000",1,2,2,1,45,2,33,NA,4,7,99,9
"262024000000",2,2,3,99,32,2,57,63,1,1,1,9
"262030000000",1,2,1,2,35,2,63,49,1,1,1,1
"262030000000",2,2,1,2,35,2,63,49,1,1,1,1
"262032000000",1,2,2,2,28,2,50,49,1,2,7,0
"262034000000",2,2,1,1,23,2,41,44,1,1,1,0
"262034000000",2,2,2,2,28,2,49,NA,3,7,99,3
"262036000000",2,2,2,99,27,2,53,57,1,1,1,9
"262037000000",1,2,2,99,30,2,30,NA,3,1,99,9
"262040000000",2,2,1,1,19,1,33,33,1,1,1,0
"262041000000",2,2,2,1,30,2,58,57,1,1,1,0
"262044000000",1,2,2,2,28,2,51,NA,3,2,99,0
"262051000000",2,2,1,1,24,2,47,49,1,1,1,0
"262052000000",2,2,2,2,25,2,57,NA,3,2,99,0
"262065000000",1,2,2,2,23,2,43,40,1,1,1,1
"262065000000",2,2,2,1,20,2,47,47,1,1,1,0
"262068000000",1,2,1,2,31,2,33,32,2,1,1,1
"262069000000",1,2,2,1,31,1,43,52,1,7,7,2
"262070000000",1,2,2,1,41,2,39,NA,3,1,99,0
"262072000000",2,2,3,1,24,2,40,30,2,1,1,0
"262072000000",2,2,2,2,41,2,52,NA,3,7,99,3
"262072000000",2,2,1,1,22,2,34,43,1,1,1,0
"262075000000",2,2,1,7,24,2,41,37,2,1,7,0
"262077000000",2,2,2,2,40,2,44,NA,4,2,99,0
"262077000000",2,2,2,2,36,2,40,NA,3,7,99,3
"262080000000",1,2,2,99,25,2,50,52,1,1,1,9
"262081000000",1,2,2,2,27,2,39,43,1,1,1,1
"262081000000",2,2,2,2,30,2,56,58,1,2,2,0
"262087000000",1,2,2,2,32,2,45,50,1,2,2,0
"262089000000",2,2,1,1,38,2,56,56,1,1,1,0
"262100000000",2,2,1,2,36,2,49,46,2,1,1,1
"262100000000",2,2,1,99,36,2,49,46,2,1,1,9
"262101000000",1,2,2,2,37,2,46,NA,3,7,99,3
"262103000000",2,2,2,1,24,1,48,46,1,7,1,0
"262104000000",1,2,2,2,18,2,50,NA,3,7,99,3
"262105000000",1,2,2,1,21,2,38,39,1,1,1,0
"262106000000",1,2,2,2,34,2,47,NA,3,2,99,0
"262106000000",1,2,13,2,23,2,45,NA,3,2,99,0
"262107000000",2,2,1,2,44,2,38,39,1,1,1,1
"262107000000",1,2,1,2,26,2,49,NA,3,7,99,3
"262108000000",2,2,2,99,24,2,49,51,1,1,1,9
"262108000000",1,2,6,1,20,2,49,48,1,1,1,0
"262108000000",2,2,5,1,22,2,49,48,1,1,1,0
"262108000000",1,2,4,1,23,2,49,48,1,1,1,0
"262111000000",2,2,1,7,30,2,34,NA,4,7,99,0
"262113000000",1,2,2,1,19,2,63,54,1,1,1,0
"262113000000",2,2,2,2,33,2,61,NA,3,7,99,3
"262114000000",2,2,1,1,24,2,50,37,1,1,1,0
"262114000000",2,2,2,2,37,2,51,52,1,2,2,0
"262116000000",2,2,1,99,31,2,45,40,1,1,1,9
"262117000000",1,2,2,1,32,2,55,53,1,1,1,0
"262117000000",1,2,2,2,35,2,49,NA,3,2,99,0
"262120000000",2,2,2,99,24,1,28,27,1,1,1,9
"262126000000",2,2,2,2,28,3,45,NA,3,1,99,1
"262126000000",2,2,2,2,30,2,40,39,1,1,1,1
"262129000000",1,2,2,99,24,2,54,47,1,1,1,9
"262131000000",1,2,1,99,24,1,58,61,1,2,2,9
"262131000000",2,2,2,99,30,2,40,NA,3,1,99,9
"262133000000",1,2,1,7,29,2,36,38,2,1,1,1
"262133000000",1,2,1,99,34,2,38,38,1,1,1,9
"262134000000",1,2,2,99,42,2,48,55,1,1,2,9
"262136000000",2,2,1,1,30,2,36,41,1,1,1,0
"262136000000",2,2,1,7,29,2,38,NA,3,7,99,0
"262137000000",1,2,1,1,30,1,35,35,1,1,1,0
"262138000000",1,2,2,2,29,2,55,NA,3,2,99,0
"262140000000",2,2,1,1,25,2,55,60,1,1,1,0
"262140000000",1,2,1,7,24,2,72,47,1,1,1,1
"262148000000",2,2,2,1,28,2,32,NA,3,1,99,0
"262149000000",1,2,1,2,25,2,42,NA,3,2,99,0
"262149000000",2,2,1,1,38,2,37,37,1,1,1,0
"262152000000",2,2,1,1,30,2,65,NA,3,2,99,2
"262155000000",1,2,1,1,22,2,32,32,1,1,1,0
"262157000000",2,2,2,2,28,2,54,41,1,7,7,3
"262158000000",2,2,1,2,24,2,46,NA,3,2,99,0
"262160000000",2,2,1,99,30,1,54,43,2,1,1,9
"262164000000",1,2,1,1,26,2,33,36,1,1,1,0
"262165000000",1,2,1,1,24,2,26,NA,3,1,99,0
"262165000000",2,2,1,2,26,2,47,47,1,1,1,1
"262166000000",1,2,1,1,23,3,45,46,1,1,1,0
"262166000000",2,2,1,1,23,2,53,NA,3,1,99,0
"262166000000",2,2,1,2,25,2,41,NA,3,2,99,0
"262173000000",2,2,2,1,31,2,35,NA,3,1,99,0
"262173000000",1,2,1,1,27,2,42,37,1,1,1,0
"262178000000",2,2,1,1,28,1,43,46,1,1,1,0
"262183000000",2,2,1,1,22,2,40,38,1,1,7,0
"262185000000",1,2,1,1,31,2,48,47,1,1,1,0
"262185000000",1,2,1,2,20,2,60,NA,3,2,99,0
"262185000000",2,2,1,1,28,2,48,49,1,1,1,0
"262189000000",1,2,2,1,30,2,39,NA,3,1,99,0
"262192000000",2,2,1,1,35,NA,NA,NA,NA,99,99,9
"262195000000",1,2,1,1,32,2,30,31,1,1,1,0
"262201000000",1,2,8,99,33,2,43,40,1,2,7,9
"262202000000",2,2,8,1,24,3,51,62,2,99,99,9
"262202000000",1,2,9,2,17,2,61,NA,3,2,99,0
"262213000000",1,2,8,1,21,2,34,NA,3,1,99,0
"262214000000",2,2,8,2,17,2,74,80,1,2,2,0
"262215000000",1,2,8,1,18,2,45,43,1,1,1,0
"262218000000",2,2,8,1,18,3,34,35,1,1,1,0
"262222000000",2,2,8,1,22,2,36,38,1,1,1,0
"262222000000",2,2,11,7,17,2,50,NA,3,7,99,0
"262232000000",1,2,8,1,22,2,54,52,1,1,1,0
"262237000000",1,2,8,4,19,2,52,NA,3,2,99,3
"262244000000",2,2,10,2,36,3,46,NA,3,2,99,0
"262245000000",1,2,10,7,22,3,42,43,2,2,2,3
"262245000000",1,2,14,7,18,3,42,43,2,2,2,3
"262245000000",2,2,12,7,20,3,42,43,2,2,2,3
"262245000000",1,2,11,7,21,3,42,43,2,2,2,3
"262246000000",1,2,8,1,36,NA,NA,NA,NA,99,99,9
"262248000000",2,2,11,7,25,2,59,53,1,7,7,0
"262248000000",1,2,10,7,26,2,59,53,1,7,7,0
"262251000000",2,2,8,7,29,2,49,52,1,7,7,0
"262252000000",1,2,8,1,26,3,58,67,1,2,2,2
"262254000000",1,2,7,1,19,2,30,45,1,1,7,0
"262257000000",2,2,10,7,22,2,51,NA,3,7,99,0
"262259000000",2,2,11,2,31,2,53,NA,3,2,99,0
"262259000000",2,2,10,2,32,2,53,NA,3,2,99,0
"262264000000",1,2,8,2,24,2,67,NA,3,7,99,3
"262265000000",2,2,7,1,24,1,54,49,1,1,1,0
"262282000000",2,2,8,2,21,2,43,NA,3,2,99,0
"262285000000",2,2,14,1,31,2,52,NA,3,2,99,2
"262285000000",1,2,16,1,30,2,52,NA,3,2,99,2
"262285000000",2,2,12,1,33,2,52,NA,3,2,99,2
"262285000000",2,2,10,7,26,3,56,50,1,2,2,3
"262285000000",1,2,14,2,38,2,51,NA,3,2,99,0
"262287000000",2,2,8,1,26,2,50,39,1,1,1,0
"262303000000",1,2,16,2,28,2,37,NA,3,2,99,0
"262303000000",1,2,15,2,29,2,37,NA,3,2,99,0
"262303000000",1,2,12,2,31,2,37,NA,3,2,99,0
"262306000000",1,2,12,2,18,2,58,NA,3,2,99,0
"262309000000",2,2,8,7,28,2,58,NA,3,7,99,0
"262310000000",1,2,8,1,38,3,47,48,1,7,7,2
"262313000000",1,2,7,2,28,2,33,NA,3,2,99,0
"262313000000",1,2,7,2,24,2,68,68,1,7,7,3
"262314000000",2,2,8,7,20,2,64,64,1,7,7,0
"262314000000",1,2,7,1,29,1,49,38,1,1,1,0
"262315000000",2,2,12,2,33,2,49,NA,3,7,99,3
"262316000000",2,2,7,2,25,2,37,NA,3,2,99,0
"262317000000",1,2,8,1,26,2,60,58,1,1,1,0
"262321000000",1,2,9,2,20,2,55,NA,4,2,99,0
"262323000000",2,2,9,2,24,2,71,NA,3,2,99,0
"262326000000",1,2,8,99,18,2,53,NA,3,2,99,9
"262330000000",2,2,7,7,NA,3,51,NA,3,7,99,0
"262336000000",2,2,7,1,25,2,30,30,1,1,1,0
"262342000000",1,2,7,1,23,NA,NA,NA,NA,99,99,9
"262344000000",1,2,8,7,30,2,62,NA,3,7,99,0
"262346000000",1,2,7,99,22,1,45,NA,3,1,99,9
"262347000000",1,2,7,2,17,2,57,NA,3,2,99,0
"262348000000",1,2,7,2,16,2,61,NA,3,2,99,0
"262349000000",1,2,9,2,25,2,57,NA,4,2,99,0
"262352000000",1,2,11,2,34,2,58,NA,3,2,99,0
"262352000000",1,2,7,1,23,2,30,NA,3,1,99,0
"262356000000",2,2,7,1,30,1,70,NA,3,1,99,0
"262360000000",2,2,8,1,27,2,56,57,1,1,1,0
"262361000000",2,2,8,99,36,2,48,50,1,7,7,9
"262364000000",1,2,10,2,19,2,63,NA,3,2,99,0
"262365000000",2,2,7,2,22,2,65,NA,3,2,99,0
"262366000000",1,2,8,7,29,3,56,50,1,2,2,3
"262369000000",2,2,7,1,41,1,51,NA,3,1,99,0
"262375000000",2,2,17,1,18,2,44,44,1,1,1,0
"262375000000",2,2,7,1,37,2,71,73,1,1,1,0
"262381000000",2,2,7,2,22,2,50,50,1,1,7,3
"262381000000",1,2,8,2,34,2,60,NA,3,7,99,3
"262381000000",1,2,8,2,34,2,60,NA,3,7,99,3
"262385000000",2,2,8,1,24,2,58,NA,4,1,99,0
"262386000000",1,2,7,2,20,3,60,NA,3,2,99,0
"262390000000",2,2,7,99,22,2,29,31,2,1,1,9
"262396000000",1,2,10,7,21,2,59,62,1,7,7,0
"262396000000",2,2,8,7,23,2,59,62,1,7,7,0
"262397000000",2,2,8,2,19,2,64,NA,3,1,99,1
"262398000000",2,2,8,1,33,2,59,NA,3,2,99,2
"262402000000",2,2,7,2,17,2,49,NA,3,2,99,0
"262402000000",2,2,8,99,27,2,50,78,1,1,1,9
"262403000000",2,2,8,7,39,2,49,NA,3,7,99,0
"262403000000",2,2,8,7,39,2,49,NA,3,7,99,0
"262405000000",2,2,9,2,29,2,74,78,1,2,2,0
"262405000000",2,2,7,2,31,2,74,78,1,2,2,0
"262410000000",2,1,7,2,NA,2,59,NA,3,2,99,0
"262411000000",1,2,7,7,30,1,33,34,1,1,1,1
"262412000000",1,2,7,2,20,2,48,NA,3,2,99,0
"262412000000",1,2,7,6,22,2,32,31,1,4,4,3
"262414000000",2,2,7,7,19,2,50,NA,3,7,99,0
"262417000000",2,2,6,7,24,1,51,59,1,1,7,0
"262418000000",1,2,7,2,37,3,46,NA,3,2,99,0
"262419000000",2,2,7,99,24,2,38,NA,3,2,99,9
"262419000000",2,2,8,1,33,2,69,NA,3,7,99,2
"262420000000",1,2,7,2,15,2,28,30,1,1,1,1
"262422000000",2,2,9,2,24,2,65,NA,3,2,99,0
"262425000000",2,2,7,7,19,2,49,NA,3,1,99,1
"262425000000",1,2,8,2,19,2,53,NA,3,2,99,0
"262429000000",1,2,10,2,20,2,64,NA,3,2,99,0
"262431000000",2,2,7,1,20,2,51,NA,3,1,99,0
"262431000000",1,2,7,1,33,2,59,NA,3,1,99,0
"262435000000",1,2,8,2,29,2,36,NA,3,2,99,0
"262437000000",2,2,7,2,19,NA,NA,NA,NA,99,99,9
"262437000000",1,2,6,1,19,2,56,50,1,1,1,0
"262439000000",2,2,6,99,23,1,53,49,1,1,1,9
"262440000000",2,2,7,7,37,3,53,51,1,7,7,0
"262442000000",2,1,12,7,19,2,51,NA,3,2,99,3
"262445000000",2,2,6,1,24,1,29,29,1,1,2,0
"262449000000",1,2,7,7,39,2,38,47,1,7,2,0
"262452000000",2,2,7,99,23,NA,NA,NA,NA,99,99,9
"262452000000",2,2,7,99,23,NA,NA,NA,NA,99,99,9
"262452000000",1,2,7,1,21,2,49,53,1,1,1,0
"262453000000",1,2,8,1,20,3,30,34,1,1,1,0
"262457000000",1,2,7,99,23,1,46,42,1,1,1,9
"262457000000",1,2,7,7,18,2,56,NA,3,7,99,0
"262458000000",1,2,7,99,23,2,45,35,1,1,1,9
"262463000000",2,2,12,2,20,2,54,NA,3,2,99,0
"262463000000",1,2,9,2,23,2,54,NA,3,2,99,0
"262464000000",2,2,9,2,42,2,49,NA,3,2,99,0
"262467000000",1,2,10,2,16,2,59,NA,3,2,99,0
"262468000000",1,2,9,1,22,2,51,57,1,1,1,0
"262468000000",1,2,8,2,29,3,65,NA,3,2,99,0
"262473000000",2,2,7,7,31,2,56,NA,3,7,99,0
"262474000000",2,2,7,7,25,2,64,64,1,7,7,0
"262478000000",2,2,9,2,20,2,51,NA,3,2,99,0
"262478000000",1,2,12,2,17,2,51,NA,3,2,99,0
"262478000000",1,2,8,2,21,2,51,NA,3,2,99,0
"262481000000",2,2,7,99,26,2,42,NA,3,2,99,9
"262482000000",1,2,7,1,32,2,56,56,1,1,1,0
"262484000000",1,2,7,1,21,2,55,55,1,1,1,0
"262485000000",2,2,10,2,18,2,50,NA,3,2,99,0
"262485000000",2,2,10,2,18,2,50,NA,3,2,99,0
"262485000000",2,2,9,2,19,2,50,NA,3,2,99,0
"262487000000",1,2,7,1,18,2,30,NA,3,1,99,0
"262487000000",1,2,17,1,NA,NA,NA,NA,NA,99,99,9
"262492000000",2,2,6,99,31,2,32,33,1,1,2,9
"262492000000",2,2,9,2,20,3,50,NA,3,99,99,9
"262497000000",1,2,7,2,41,2,54,NA,3,2,99,0
"262497000000",2,2,12,7,41,2,59,NA,3,2,99,3
"262498000000",1,2,8,2,22,2,49,NA,3,2,99,0
"262499000000",2,2,13,2,17,2,81,NA,3,2,99,0
"262499000000",2,2,11,2,19,2,81,NA,3,2,99,0
"262499000000",2,2,10,2,20,2,53,NA,3,2,99,0
"262499000000",2,2,9,2,21,2,81,NA,3,2,99,0
"262499000000",2,2,8,7,18,3,47,37,1,7,7,0
"262502000000",2,2,7,7,21,1,61,57,1,7,7,0
"262504000000",2,2,7,2,33,1,60,43,1,2,2,0
"262505000000",2,2,7,2,27,2,57,NA,4,2,99,0
"262511000000",1,2,7,1,21,2,57,54,1,1,1,0
"262511000000",2,2,7,2,25,2,40,39,2,1,1,1
"262511000000",1,2,7,7,20,2,44,NA,3,2,99,3
"262517000000",2,2,7,2,21,2,54,60,1,2,2,0
"262517000000",2,2,6,2,22,2,60,NA,3,2,99,0
"262521000000",2,2,12,7,18,2,41,NA,3,2,99,3
"262523000000",1,2,7,2,32,2,54,NA,3,2,99,0
"262526000000",2,2,9,7,25,2,70,NA,3,2,99,3
"262527000000",2,2,10,2,39,1,54,56,1,2,2,0
"262527000000",2,2,7,1,28,2,47,47,1,1,1,0
"262528000000",2,2,12,1,29,1,49,43,1,7,7,2
"262530000000",1,2,7,1,24,2,39,39,1,1,1,0
"262530000000",2,2,7,3,21,2,42,58,1,3,3,0
"262532000000",1,2,14,1,20,2,65,NA,3,2,99,2
"262532000000",2,2,7,1,27,2,53,48,1,1,1,0
"262533000000",2,2,11,1,20,2,49,46,1,1,1,0
"262533000000",2,2,14,1,17,3,49,46,1,1,1,0
"262535000000",1,2,7,99,22,2,43,52,1,7,7,9
"262537000000",2,2,7,2,37,2,57,NA,3,2,99,0
"262539000000",2,2,7,1,25,1,45,45,1,1,1,0
"262546000000",2,2,6,7,25,NA,NA,NA,NA,99,99,9
"262547000000",1,2,10,2,21,3,38,NA,3,99,99,9
"262547000000",2,2,7,2,24,3,38,NA,3,99,99,9
"262550000000",2,2,7,7,19,2,65,NA,3,1,99,1
"262552000000",1,2,8,2,22,2,50,NA,3,2,99,0
"262553000000",2,2,12,1,30,3,47,48,1,1,1,0
"262553000000",1,2,6,7,24,3,58,60,1,2,2,3
"262555000000",2,2,12,7,30,2,58,65,1,7,7,0
"262555000000",1,2,9,7,33,3,58,65,1,7,7,0
"262555000000",2,2,7,7,35,2,58,65,1,7,7,0
"262555000000",2,2,7,1,18,2,40,43,1,1,1,0
"262557000000",1,2,7,2,29,3,44,NA,3,99,99,9
"262565000000",2,2,7,2,17,2,43,NA,3,2,99,0
"262565000000",2,2,6,7,36,2,53,51,1,7,2,0
"262568000000",2,2,14,1,32,2,61,62,1,1,1,0
"262568000000",2,2,12,1,33,2,61,62,1,1,1,0
"262568000000",2,2,7,1,26,NA,NA,NA,NA,99,99,9
"262574000000",1,2,7,99,27,2,52,NA,3,7,99,9
"262577000000",2,2,9,2,25,2,76,NA,3,2,99,0
"262577000000",1,2,7,99,26,2,76,NA,3,2,99,9
"262579000000",1,2,12,2,22,2,57,NA,3,2,99,0
"262579000000",1,2,7,2,21,2,34,NA,3,2,99,0
"262580000000",2,2,7,2,22,2,64,NA,4,2,99,0
"262580000000",1,2,7,2,20,2,35,NA,3,2,99,0
"262581000000",1,2,7,1,31,1,58,55,1,1,1,0
"262582000000",2,2,7,99,34,2,43,NA,3,2,99,9
"262584000000",2,2,6,7,33,2,53,NA,3,7,99,0
"262586000000",2,2,7,1,20,2,27,28,1,1,1,0
"262587000000",2,2,14,2,20,2,55,65,1,2,2,0
"262589000000",1,2,6,1,22,2,41,41,1,1,1,0
"262591000000",1,2,6,1,23,2,33,41,1,1,1,0
"262596000000",1,2,13,2,21,2,56,NA,3,2,99,0
"262598000000",1,2,14,2,19,2,52,NA,3,2,99,0
"262598000000",2,2,12,2,21,2,52,NA,3,2,99,0
"262600000000",2,1,7,7,25,2,52,NA,3,7,99,0
"262604000000",1,2,6,99,20,2,26,28,1,1,1,9
"262604000000",2,2,7,1,37,2,39,NA,3,1,99,0
"262607000000",2,2,9,2,20,2,56,NA,3,2,99,0
"262609000000",1,2,7,7,29,2,59,53,1,7,7,0
"262610000000",1,2,8,2,28,2,59,NA,3,2,99,0
"262610000000",1,2,16,2,20,2,53,55,1,2,2,0
"262611000000",1,2,11,2,NA,2,56,35,1,7,7,3
"262613000000",1,2,7,1,24,NA,NA,NA,NA,99,99,9
"262615000000",2,2,6,1,18,2,38,47,1,1,1,0
"262622000000",2,2,7,2,28,2,43,NA,3,2,99,0
"262624000000",2,2,6,1,20,3,34,35,1,1,1,0
"262624000000",1,2,7,2,20,2,54,NA,3,2,99,0
"262629000000",1,2,6,99,28,2,37,NA,3,2,99,9
"262631000000",1,2,8,2,27,3,46,NA,3,2,99,0
"262631000000",2,2,10,2,25,3,46,NA,3,2,99,0
"262631000000",2,2,9,2,26,3,46,NA,3,2,99,0
"262634000000",1,2,10,2,42,2,38,NA,4,2,99,0
"262637000000",1,2,7,2,23,2,37,NA,3,1,99,1
"262638000000",2,2,11,2,22,2,46,NA,3,2,99,0
"262648000000",1,2,14,7,21,3,61,NA,3,2,99,3
"262648000000",1,2,12,7,23,3,61,NA,3,2,99,3
"262659000000",2,2,7,2,25,2,48,NA,3,7,99,3
"262664000000",1,2,6,7,NA,2,51,49,1,7,7,0
"262666000000",1,2,6,1,31,1,42,35,1,1,1,0
"262668000000",1,2,6,7,18,3,53,54,1,7,7,0
"262669000000",1,2,7,2,23,2,60,NA,3,2,99,0
"262674000000",2,2,8,2,17,3,46,NA,3,2,99,0
"262674000000",2,2,7,2,18,3,46,NA,3,2,99,0
"262675000000",2,2,6,1,23,2,35,41,1,1,1,0
"262679000000",1,2,13,1,19,2,62,NA,3,2,99,2
"262679000000",1,2,11,1,21,2,44,49,1,7,7,2
"262680000000",1,2,7,2,16,2,50,NA,3,2,99,0
"262683000000",2,2,6,99,20,2,40,38,1,1,1,9
"262686000000",1,2,7,2,19,2,65,NA,3,2,99,0
"262691000000",2,2,6,2,26,2,47,NA,3,2,99,0
"262691000000",1,2,6,2,21,2,48,NA,3,2,99,0
"262695000000",1,2,7,2,39,2,65,NA,3,2,99,0
"262696000000",2,2,7,2,40,2,38,46,1,7,7,3
"262696000000",2,2,8,99,39,2,38,46,1,7,7,9
"262699000000",2,2,7,7,37,2,53,NA,3,7,99,0
"262699000000",1,2,7,7,38,2,53,NA,3,7,99,0
