"RECNUM","SEX","AGYSPNDS","AgeAtAdopt","ChildRace","BioMomAgeAtBirth","MOMARRD"
"10115515140",2,2,0,1,20,1
"10185923110",1,2,1,2,29,2
"10199738080",2,2,0,1,24,2
"10206906020",2,2,0,99,28,2
"10286352150",1,2,1,99,36,2
"10291477140",2,2,0,99,23,2
"10291478120",1,2,0,99,23,2
"10302822130",1,2,0,1,24,2
"10330723240",1,2,0,99,22,2
"10614847090",2,2,0,1,28,2
"10617944030",2,2,0,99,24,2
"10698877230",1,2,0,1,15,NA
"10835477240",2,2,0,99,32,2
"10861672080",1,2,0,99,23,1
"12204218080",1,2,1,1,24,2
"12204384010",1,2,2,99,23,2
"12209504080",2,2,1,99,23,2
"12211837170",1,2,2,99,26,2
"12212759200",1,2,2,99,31,2
"12216673140",2,2,1,99,22,2
"12216901220",1,2,2,1,29,2
"12219536050",2,2,1,1,26,2
"12222439200",1,2,2,2,42,2
"12223880160",1,2,1,1,26,2
"12225039010",2,2,2,2,30,2
"12228044060",2,2,2,1,20,1
"12228543160",2,2,1,1,36,1
"12231388170",1,2,1,1,20,2
"12240120110",1,2,0,99,23,2
"12241623180",2,2,1,1,26,2
"12244960020",2,2,1,2,26,3
"12245629110",1,2,1,1,26,2
"12248980250",2,2,1,1,24,1
"12248993150",1,2,1,3,30,2
"12252116060",2,2,1,1,25,2
"12258639190",1,2,2,1,29,2
"12258751190",2,2,1,4,40,3
"12262631050",1,2,2,2,31,2
"12266345240",1,2,1,1,23,2
"12267089060",1,2,1,1,35,2
"12274307130",1,2,1,1,24,2
"12276175190",2,2,1,99,30,2
"12277593130",1,2,3,1,20,1
"12277594110",2,2,2,1,21,1
"12279057030",2,2,1,99,22,2
"12285210030",1,2,1,1,24,2
"12285795160",1,2,1,1,25,1
"12288970160",1,2,0,1,25,2
"12289439150",1,2,1,1,21,2
"12292194130",2,2,2,99,19,2
"12293705030",1,2,4,1,19,2
"12294844140",2,2,1,7,28,2
"12297576200",2,2,1,99,28,2
"12301187210",2,2,1,4,37,2
"12303909220",2,2,0,2,27,2
"12313142030",1,2,1,2,31,2
"12313228170",2,2,1,2,32,2
"12315269130",1,2,1,1,20,2
"12316112160",1,2,1,1,30,2
"12317720210",2,2,1,1,30,2
"12328643130",2,2,1,1,28,2
"12331519080",1,2,1,2,27,2
"12334698150",1,2,1,1,28,2
"12336558050",1,2,1,2,31,2
"12337770030",1,2,15,2,38,2
"12344511140",2,2,1,1,25,2
"12351216210",1,2,0,1,33,1
"12352457170",2,2,1,99,23,2
"12353009260",1,2,0,1,23,2
"12354282220",2,2,1,1,22,2
"12355251200",2,2,1,1,27,2
"12355803110",2,2,0,1,22,2
"12356646120",1,2,1,1,22,1
"12357903170",2,2,1,1,23,2
"12359540050",1,2,1,2,27,2
"12361085250",1,2,1,1,24,2
"12364118140",1,2,1,99,34,1
"12379075050",2,2,1,1,23,2
"12386969160",1,2,1,1,18,3
"12423436200",1,2,1,99,17,2
"12452751090",1,2,0,1,20,2
"12467393250",1,2,1,1,35,2
"12477870130",1,2,1,7,23,2
"12479978260",2,2,1,1,22,2
"12528239240",1,2,1,1,38,2
"12534938250",1,2,0,1,33,2
"12574601160",2,2,1,1,30,2
"12582006060",1,2,1,1,31,2
"12597536020",2,2,1,1,25,2
"12612275110",1,2,1,1,32,2
"12629142060",1,2,1,2,31,2
"12653048010",2,2,0,1,36,NA
"12662517060",1,2,0,1,33,1
"12677154090",2,2,1,1,36,2
"12677155060",2,2,1,1,36,2
"12698447190",2,2,1,1,20,2
"240841000000",1,2,20,1,NA,2
"241151000000",1,2,19,1,18,2
"241165000000",2,2,19,1,22,NA
"241625000000",1,1,20,2,26,2
"241660000000",1,2,18,2,23,1
"241694000000",2,2,18,1,21,1
"241706000000",2,2,17,1,19,2
"241734000000",1,2,17,2,23,1
"241800000000",1,2,17,1,23,3
"241824000000",2,2,17,1,34,1
"241832000000",1,2,17,2,33,3
"241839000000",1,2,17,1,23,3
"241881000000",2,1,18,2,NA,2
"241884000000",1,2,20,2,31,2
"241903000000",1,1,18,1,32,2
"241918000000",1,1,18,99,18,2
"241919000000",1,2,17,1,28,2
"241927000000",1,2,16,1,19,2
"241954000000",1,2,17,6,29,2
"241959000000",1,2,18,1,20,3
"241968000000",1,2,17,2,31,3
"241979000000",2,2,17,7,30,2
"242048000000",2,2,17,2,25,2
"242052000000",1,2,16,1,NA,1
"242059000000",1,2,16,2,24,1
"242070000000",2,2,17,2,12,3
"242070000000",1,2,17,99,18,2
"242086000000",2,2,16,1,28,1
"242089000000",1,2,16,1,NA,2
"242125000000",1,2,18,2,23,2
"242133000000",1,2,16,1,20,1
"242135000000",2,2,18,2,24,3
"242139000000",1,2,16,1,31,2
"242146000000",1,2,16,1,23,2
"242147000000",1,1,16,2,28,2
"242162000000",1,2,16,1,37,1
"242173000000",2,2,16,1,26,2
"250100000000",1,2,13,1,20,1
"250103000000",1,2,15,2,14,2
"250106000000",2,2,13,1,22,2
"250115000000",1,2,18,1,NA,2
"250135000000",1,1,14,7,36,2
"250143000000",1,2,15,2,32,2
"250151000000",2,2,15,1,33,1
"250162000000",2,2,13,2,22,2
"250164000000",1,2,13,99,32,2
"250178000000",1,2,14,1,18,2
"250179000000",1,2,13,1,22,2
"250179000000",1,2,13,1,27,1
"250179000000",1,2,13,2,17,2
"250186000000",2,2,13,1,32,1
"250195000000",1,2,14,2,20,3
"250200000000",1,2,13,99,18,2
"250209000000",1,2,13,1,27,2
"250239000000",1,2,13,7,38,2
"250239000000",1,2,13,1,32,1
"250257000000",1,2,14,1,22,2
"250262000000",1,2,13,2,35,3
"250268000000",1,2,17,7,25,2
"250268000000",1,2,15,7,28,2
"250268000000",1,2,15,7,28,2
"250272000000",1,2,14,2,23,2
"250279000000",2,2,13,2,18,2
"250287000000",1,2,13,1,31,1
"250302000000",2,2,14,2,21,2
"250328000000",2,2,17,2,21,2
"250332000000",2,2,13,1,29,1
"250344000000",1,2,14,2,35,3
"250374000000",1,2,13,99,20,1
"250380000000",1,2,12,1,18,2
"250394000000",1,2,15,2,21,2
"250396000000",2,2,18,2,27,2
"250505000000",2,2,12,99,28,2
"250508000000",2,2,17,2,28,2
"250513000000",1,2,13,1,32,1
"250520000000",1,2,12,1,40,1
"250524000000",1,2,13,2,17,3
"250527000000",1,2,12,7,23,2
"250531000000",2,2,15,2,20,3
"250531000000",1,2,14,2,21,3
"250549000000",2,2,12,1,23,2
"250556000000",2,2,12,1,24,2
"250567000000",1,2,13,7,38,2
"250591000000",2,2,13,2,28,2
"250596000000",2,2,14,1,18,2
"250598000000",2,2,12,1,29,1
"250603000000",1,2,14,1,25,3
"250613000000",2,2,13,1,22,2
"250620000000",2,2,12,1,21,2
"250620000000",2,2,12,2,16,2
"250637000000",2,2,12,1,23,2
"250643000000",2,2,13,2,29,2
"250647000000",2,2,12,2,39,3
"250647000000",2,2,15,7,21,2
"250650000000",1,1,12,2,27,2
"250661000000",2,2,12,1,17,2
"250664000000",2,2,11,1,27,3
"250670000000",1,2,12,1,16,3
"250681000000",2,2,10,99,22,2
"250693000000",2,2,13,7,17,3
"250694000000",2,2,12,1,19,1
"250809000000",2,2,13,2,28,2
"250820000000",1,2,13,7,26,2
"250823000000",2,2,12,7,15,2
"250834000000",1,2,12,1,18,2
"250838000000",1,2,14,2,21,2
"250843000000",1,2,11,1,21,1
"250850000000",1,2,12,99,20,2
"250855000000",1,2,12,2,22,2
"250856000000",1,2,11,1,17,2
"250871000000",2,2,12,1,23,2
"250872000000",1,2,12,1,24,2
"250876000000",1,2,12,7,23,1
"250878000000",2,2,11,1,31,2
"250899000000",2,2,12,7,38,3
"250916000000",2,2,11,99,31,2
"250918000000",1,2,16,7,NA,3
"250918000000",2,2,12,2,33,2
"250918000000",2,2,12,2,33,2
"250945000000",2,2,12,1,22,NA
"250951000000",2,2,12,1,22,1
"250952000000",1,1,12,7,18,2
"250956000000",1,2,17,7,20,2
"250956000000",2,2,13,7,25,2
"250959000000",2,2,11,1,29,2
"250965000000",1,2,11,1,24,2
"250984000000",1,2,11,2,29,2
"250990000000",1,2,11,1,24,2
"250996000000",1,2,11,7,19,3
"251101000000",1,2,11,7,20,2
"251121000000",1,2,12,1,26,2
"251140000000",1,2,11,7,26,1
"251142000000",1,2,11,1,23,1
"251147000000",2,2,12,2,39,3
"251149000000",1,1,12,2,30,2
"251151000000",2,2,11,2,32,3
"251151000000",2,2,12,2,31,3
"251158000000",1,2,11,1,21,3
"251193000000",2,2,14,1,39,2
"251199000000",2,1,15,7,NA,2
"251204000000",2,2,11,1,18,2
"251210000000",2,2,12,2,19,2
"251223000000",2,2,12,7,20,2
"251225000000",1,2,10,1,21,2
"251236000000",2,2,13,2,31,2
"251237000000",1,2,11,1,22,2
"251242000000",2,2,11,1,35,2
"251244000000",2,2,16,2,23,2
"251251000000",1,2,11,2,27,2
"251253000000",2,2,15,7,41,2
"251261000000",2,1,11,99,16,2
"251264000000",1,2,11,2,24,2
"251270000000",2,2,11,1,28,2
"251275000000",2,2,11,2,15,NA
"251283000000",2,2,15,2,NA,3
"251291000000",1,2,10,2,27,2
"251293000000",1,2,11,1,26,2
"251299000000",1,2,13,7,34,2
"251301000000",1,2,10,99,22,2
"251315000000",2,2,12,2,40,2
"251319000000",1,2,11,2,36,2
"251321000000",2,2,11,2,19,2
"251321000000",1,2,11,2,36,2
"251322000000",1,2,15,2,34,2
"251322000000",1,2,13,2,35,2
"251327000000",2,2,10,2,26,2
"251334000000",2,2,11,1,24,2
"251343000000",2,2,10,99,20,1
"251349000000",1,2,10,1,26,2
"251371000000",1,2,11,1,25,2
"251383000000",2,2,11,1,21,2
"251384000000",2,2,10,1,18,2
"251385000000",2,1,10,6,36,2
"251393000000",1,2,10,1,32,2
"251402000000",1,2,10,7,27,1
"251412000000",1,2,13,2,21,2
"251424000000",1,2,10,1,33,2
"251426000000",2,2,10,1,19,2
"251430000000",1,2,10,1,18,NA
"251439000000",2,2,11,2,19,3
"251449000000",1,2,10,2,59,2
"251469000000",1,2,10,1,34,1
"251474000000",2,2,11,2,42,2
"251475000000",2,2,10,2,25,2
"251477000000",2,2,16,2,NA,3
"251477000000",2,2,11,1,23,NA
"251488000000",2,2,16,2,34,3
"251493000000",2,2,11,2,33,2
"251494000000",1,2,12,2,20,2
"251525000000",2,2,10,1,19,2
"251528000000",1,2,12,2,22,2
"251531000000",1,2,15,1,35,2
"251534000000",1,2,10,1,38,1
"251537000000",2,2,15,1,19,2
"251537000000",1,2,11,1,23,2
"251538000000",1,2,10,2,24,2
"251538000000",2,2,12,2,22,2
"251542000000",2,2,11,2,19,2
"251547000000",1,2,10,1,27,3
"251552000000",2,2,10,2,31,2
"251555000000",1,2,10,1,40,3
"251557000000",1,2,10,99,22,2
"251557000000",2,2,11,2,21,2
"251563000000",1,2,11,99,31,2
"251564000000",1,2,11,99,24,2
"251566000000",1,2,10,2,14,2
"251575000000",1,2,10,1,19,2
"251579000000",2,2,10,99,36,2
"251579000000",2,2,11,1,35,2
"251579000000",2,2,16,1,27,2
"251579000000",2,2,14,1,29,2
"251580000000",1,1,10,99,35,2
"251584000000",2,2,10,2,21,2
"251596000000",2,2,14,2,18,NA
"251596000000",2,2,11,2,20,NA
"251608000000",1,2,13,7,22,3
"251612000000",1,2,10,2,29,2
"251614000000",2,2,9,1,19,1
"251636000000",1,2,10,99,26,2
"251656000000",1,2,9,1,21,3
"251658000000",1,2,9,1,20,2
"251661000000",2,2,10,1,35,1
"251666000000",1,2,10,2,21,2
"251670000000",1,2,13,2,32,2
"251670000000",1,2,11,2,33,2
"251675000000",1,2,9,1,24,2
"251681000000",1,2,10,1,25,2
"251682000000",2,2,10,1,20,2
"251687000000",1,2,13,7,24,2
"251689000000",2,2,9,7,33,1
"251689000000",1,2,9,7,28,1
"251689000000",2,2,9,2,22,NA
"251698000000",1,2,9,7,28,2
"251715000000",1,2,10,2,24,2
"251720000000",1,2,10,1,26,2
"251728000000",2,2,10,1,21,1
"251736000000",2,2,10,2,26,2
"251737000000",2,2,10,7,40,3
"251739000000",2,2,9,1,20,2
"251740000000",1,2,10,2,30,NA
"251741000000",1,2,14,1,28,3
"251741000000",1,2,12,1,29,1
"251741000000",2,2,9,2,19,2
"251743000000",2,2,10,1,21,2
"251747000000",1,2,9,1,27,3
"251748000000",1,2,10,1,26,2
"251758000000",1,2,10,99,31,2
"251758000000",2,2,14,7,32,3
"251762000000",2,2,9,2,29,3
"251764000000",2,2,10,99,24,2
"251767000000",1,2,9,7,35,2
"251767000000",2,2,9,7,35,2
"251770000000",2,2,15,2,25,2
"251770000000",2,2,13,2,26,2
"251770000000",2,2,12,2,27,2
"251771000000",2,2,9,2,19,2
"251789000000",1,2,9,2,29,2
"251793000000",1,2,10,1,25,2
"251797000000",2,2,9,1,23,2
"251797000000",2,2,10,1,38,2
"251798000000",2,2,11,1,25,3
"251798000000",2,2,10,2,27,2
"251800000000",1,2,9,2,20,2
"251802000000",1,2,9,2,16,2
"251816000000",1,2,9,2,26,2
"251819000000",1,2,19,2,19,2
"251821000000",1,2,10,1,25,2
"251827000000",2,2,9,4,18,2
"251828000000",1,2,9,7,40,NA
"251831000000",1,2,5,1,28,2
"251834000000",2,2,16,2,18,2
"251838000000",1,2,13,2,34,3
"251840000000",1,2,9,1,42,2
"251841000000",2,2,9,1,22,1
"251844000000",2,2,9,2,29,2
"251848000000",1,2,8,99,22,1
"251854000000",1,2,9,1,26,2
"251862000000",1,2,10,7,37,2
"251863000000",1,2,14,99,30,3
"251866000000",2,2,11,2,43,2
"251866000000",1,2,13,2,30,2
"251866000000",2,2,12,2,31,2
"251869000000",1,2,10,2,26,2
"251869000000",1,2,9,1,22,2
"251871000000",2,2,11,2,29,2
"251871000000",2,2,9,2,31,2
"251874000000",2,2,9,2,20,2
"251877000000",1,2,10,1,32,1
"251878000000",1,2,9,1,27,2
"251880000000",2,2,9,7,24,2
"251885000000",1,2,10,99,24,2
"251888000000",2,2,14,7,20,3
"251890000000",1,2,9,2,24,2
"251893000000",2,2,8,1,17,2
"251903000000",1,2,8,2,35,2
"251907000000",2,2,9,7,26,3
"251911000000",2,2,11,2,29,2
"251911000000",2,2,5,7,15,2
"251921000000",1,2,9,1,28,2
"251921000000",1,2,8,1,25,2
"251927000000",2,2,10,7,24,3
"251931000000",1,2,10,2,32,2
"251932000000",1,2,10,2,17,2
"251938000000",2,2,9,7,34,2
"251949000000",1,2,9,2,34,2
"251950000000",2,2,9,2,31,2
"251960000000",1,2,11,1,27,1
"251960000000",2,2,12,1,26,1
"251961000000",2,2,10,2,28,2
"251967000000",1,2,10,2,22,2
"251969000000",1,2,10,2,25,2
"251969000000",2,2,15,2,20,2
"251973000000",2,2,12,2,23,2
"251974000000",2,2,9,1,NA,NA
"251974000000",1,2,8,1,20,2
"251974000000",1,2,8,1,21,2
"251984000000",1,2,9,2,33,2
"251994000000",1,2,9,2,36,2
"251994000000",1,2,8,6,16,2
"251995000000",1,2,8,1,18,2
"251996000000",1,2,7,1,27,2
"252000000000",2,2,8,1,31,1
"252001000000",2,2,9,2,37,2
"252002000000",1,2,9,1,24,2
"252012000000",1,2,8,2,24,2
"252017000000",1,2,13,7,23,2
"252017000000",1,2,9,7,28,2
"252017000000",1,2,9,1,27,2
"252018000000",1,2,8,2,31,2
"252020000000",2,2,8,99,31,3
"252028000000",2,2,9,4,20,2
"252032000000",2,2,13,7,NA,2
"252035000000",1,2,8,1,26,2
"252046000000",2,2,9,99,28,2
"252059000000",1,2,8,99,23,2
"252065000000",1,2,9,2,24,NA
"252066000000",2,2,8,99,22,2
"252069000000",2,2,8,1,19,2
"252072000000",1,2,8,1,22,2
"252075000000",2,2,11,7,25,2
"252075000000",1,2,10,7,27,2
"252079000000",1,2,8,2,27,2
"252082000000",1,2,11,2,15,2
"252083000000",2,2,8,2,22,2
"252084000000",2,2,11,2,23,2
"252087000000",2,2,8,1,20,1
"252087000000",2,2,8,2,24,2
"252092000000",2,2,8,7,33,3
"252103000000",2,2,13,7,36,2
"252105000000",2,2,9,1,22,3
"252111000000",2,2,9,1,28,1
"252113000000",1,2,11,2,21,2
"252113000000",2,2,10,2,23,2
"252120000000",1,2,10,2,19,2
"252120000000",2,2,13,2,16,2
"252122000000",1,2,8,1,20,2
"252126000000",1,2,9,2,17,2
"252138000000",2,2,11,2,NA,2
"252142000000",2,2,11,2,27,2
"252146000000",1,2,8,1,28,2
"252147000000",1,2,9,2,18,2
"252150000000",2,2,8,2,19,2
"252152000000",2,2,9,2,33,2
"252152000000",1,2,8,1,23,2
"252158000000",2,2,9,2,21,2
"252158000000",1,2,8,99,24,NA
"252159000000",1,2,8,2,29,2
"252160000000",2,2,8,2,26,2
"252164000000",1,2,9,2,21,2
"252166000000",2,2,10,99,20,3
"252166000000",2,2,10,99,20,3
"252168000000",1,2,8,7,17,2
"252169000000",2,2,10,1,21,2
"252170000000",2,2,8,1,34,1
"252177000000",2,2,10,2,21,3
"252178000000",2,2,15,7,20,3
"252181000000",1,2,8,7,29,1
"252183000000",1,2,8,2,37,3
"252184000000",2,2,10,7,20,2
"252184000000",1,2,9,7,22,2
"252184000000",1,2,7,1,27,2
"252184000000",2,2,17,7,17,3
"252185000000",2,2,14,2,25,2
"252186000000",2,2,8,7,15,3
"252186000000",2,2,8,2,35,3
"252186000000",1,2,8,1,40,2
"252187000000",1,2,8,1,34,1
"252190000000",2,2,7,1,19,3
"252191000000",1,2,8,1,19,2
"252194000000",2,2,8,2,42,3
"252199000000",2,2,13,7,28,2
"252209000000",1,2,16,1,19,2
"252212000000",1,2,15,1,24,3
"252214000000",2,2,10,99,24,2
"252222000000",2,2,16,2,23,2
"252224000000",2,2,16,1,NA,2
"252237000000",2,2,16,2,20,2
"252240000000",1,2,17,2,27,2
"252247000000",2,2,16,7,16,2
"252259000000",1,2,16,2,35,2
"252287000000",2,2,15,1,21,2
"252309000000",1,2,15,1,18,2
"252313000000",2,2,16,2,19,2
"252322000000",2,2,15,1,41,1
"252339000000",2,2,15,1,20,2
"252347000000",1,2,17,2,28,1
"252361000000",2,2,15,2,24,3
"252376000000",1,2,15,1,25,1
"252382000000",1,2,14,99,26,2
"252382000000",1,2,15,1,29,1
"252397000000",2,2,15,1,27,2
"252398000000",2,2,15,1,31,1
"252401000000",1,2,15,2,25,1
"252404000000",1,2,15,1,18,2
"252410000000",1,2,15,2,35,2
"252412000000",2,2,16,7,33,2
"252423000000",2,1,15,2,39,2
"252429000000",2,2,16,2,27,2
"252452000000",1,1,16,2,23,2
"252458000000",2,2,14,99,17,2
"252470000000",1,2,14,1,20,2
"252472000000",2,1,15,2,29,3
"252481000000",2,2,14,2,26,2
"252492000000",1,2,16,7,33,2
"252497000000",2,2,15,7,22,1
"252505000000",1,2,14,1,28,2
"252518000000",1,1,15,2,25,2
"252521000000",1,2,15,2,27,2
"252523000000",2,2,15,1,20,2
"252524000000",1,2,14,1,31,1
"252528000000",2,2,15,1,24,3
"252535000000",1,2,14,1,22,2
"252564000000",1,2,15,1,16,2
"252571000000",2,2,16,2,25,2
"252611000000",1,2,15,1,32,2
"252615000000",1,2,14,2,38,2
"252621000000",2,2,15,1,36,1
"252622000000",1,2,15,2,31,2
"252631000000",2,2,14,1,23,2
"252631000000",2,2,15,2,42,2
"252632000000",2,2,14,2,24,2
"252636000000",1,2,13,1,18,3
"252638000000",1,2,14,1,24,2
"252644000000",2,2,14,2,20,2
"252646000000",2,2,13,99,27,2
"252670000000",2,2,14,1,38,1
"252677000000",2,2,13,1,38,1
"252682000000",2,2,14,1,30,1
"252689000000",2,2,14,2,21,2
"260101000000",2,2,7,2,19,2
"260101000000",1,2,6,1,28,2
"260102000000",2,2,6,1,22,1
"260102000000",2,2,6,1,29,2
"260104000000",2,2,8,7,17,2
"260107000000",1,2,8,99,22,2
"260107000000",1,2,11,2,18,2
"260110000000",1,2,6,99,19,1
"260111000000",2,2,8,7,21,2
"260112000000",2,2,6,2,25,2
"260115000000",1,2,6,7,43,NA
"260117000000",1,2,9,99,23,2
"260119000000",1,2,6,1,20,2
"260121000000",1,2,6,1,37,2
"260123000000",1,2,7,99,25,2
"260124000000",2,2,6,2,19,2
"260125000000",2,2,7,2,25,2
"260129000000",2,2,5,1,20,3
"260129000000",1,2,10,7,19,3
"260129000000",1,2,7,7,41,2
"260129000000",1,2,6,2,26,2
"260131000000",2,2,6,99,24,3
"260134000000",2,2,10,7,25,3
"260134000000",1,2,8,7,27,3
"260134000000",1,2,6,7,29,3
"260139000000",2,2,7,2,20,2
"260141000000",1,2,10,7,25,1
"260141000000",1,2,6,7,29,1
"260148000000",2,2,5,1,27,1
"260153000000",2,2,6,2,19,3
"260153000000",1,2,7,99,38,2
"260153000000",2,2,15,99,29,2
"260156000000",1,2,6,1,22,2
"260157000000",2,2,10,2,19,2
"260157000000",2,2,8,2,21,2
"260157000000",1,2,7,99,22,2
"260158000000",1,2,6,2,35,3
"260159000000",1,2,7,1,21,3
"260160000000",2,2,7,2,34,2
"260160000000",1,2,14,2,43,2
"260163000000",2,2,8,2,30,2
"260165000000",2,2,7,2,25,2
"260165000000",2,2,9,2,22,2
"260165000000",2,2,6,7,27,2
"260168000000",1,2,5,2,15,2
"260169000000",2,2,7,2,35,3
"260170000000",1,2,17,2,15,3
"260171000000",2,2,6,2,44,3
"260176000000",1,2,5,1,28,1
"260176000000",1,2,6,7,29,2
"260177000000",2,2,7,2,21,2
"260177000000",2,2,10,2,19,2
"260181000000",1,2,6,7,35,3
"260185000000",1,2,9,2,32,2
"260187000000",1,2,6,1,27,2
"260192000000",1,2,6,2,21,2
"260192000000",1,2,6,2,31,2
"260192000000",2,2,6,2,30,2
"260192000000",2,2,6,1,22,2
"260198000000",2,2,6,2,16,2
"260201000000",2,2,13,7,31,2
"260201000000",1,2,12,7,32,2
"260204000000",1,2,6,2,36,2
"260204000000",1,2,6,2,30,2
"260205000000",2,2,9,2,24,3
"260205000000",2,2,6,7,28,1
"260206000000",1,2,6,2,19,2
"260207000000",1,2,6,7,17,3
"260208000000",1,2,10,99,20,2
"260210000000",2,2,6,2,22,2
"260211000000",1,2,7,2,20,2
"260212000000",1,2,5,1,26,2
"260213000000",1,2,9,7,18,3
"260213000000",2,2,8,7,20,3
"260214000000",2,2,6,2,36,3
"260215000000",1,2,6,2,41,2
"260216000000",1,2,7,2,27,2
"260218000000",2,2,5,99,34,2
"260220000000",1,2,8,99,19,2
"260222000000",1,2,6,1,34,2
"260222000000",2,2,6,1,21,2
"260222000000",2,2,5,1,24,2
"260223000000",1,2,14,2,17,2
"260223000000",1,2,13,99,18,2
"260225000000",1,2,6,7,22,2
"260225000000",2,2,6,2,20,2
"260231000000",2,2,11,1,27,2
"260234000000",1,2,6,2,27,2
"260234000000",2,2,6,2,22,2
"260236000000",2,2,7,7,22,3
"260238000000",1,2,17,99,NA,3
"260239000000",1,2,6,2,28,2
"260240000000",1,2,6,2,23,2
"260244000000",1,2,6,1,26,2
"260247000000",1,2,8,2,20,2
"260247000000",2,2,10,2,18,2
"260249000000",2,2,6,2,33,3
"260249000000",2,2,6,1,29,3
"260251000000",2,2,6,2,30,2
"260256000000",1,2,15,2,31,2
"260256000000",1,2,9,2,36,2
"260258000000",1,2,6,1,19,2
"260258000000",1,2,6,1,19,2
"260258000000",2,2,6,1,21,2
"260264000000",2,2,5,7,27,2
"260264000000",2,2,9,2,38,2
"260264000000",2,2,12,2,35,2
"260272000000",1,2,6,2,28,2
"260272000000",2,2,6,99,35,3
"260272000000",2,2,6,99,35,3
"260272000000",1,2,6,2,34,2
"260272000000",1,2,6,2,34,2
"260277000000",1,2,5,99,30,2
"260277000000",2,2,6,1,22,2
"260278000000",2,2,6,99,24,2
"260280000000",1,2,6,1,22,1
"260282000000",2,2,16,2,22,3
"260285000000",2,2,11,1,34,1
"260285000000",1,2,8,1,38,1
"260286000000",2,2,5,1,27,1
"260287000000",1,2,6,2,24,2
"260293000000",1,2,10,7,25,2
"260294000000",2,2,5,2,26,3
"260296000000",1,2,6,2,24,2
"260296000000",2,2,7,2,40,2
"260297000000",1,2,6,2,23,2
"260301000000",1,2,6,1,30,2
"260302000000",2,2,6,2,26,2
"260303000000",1,2,6,2,26,2
"260304000000",2,2,6,3,23,2
"260314000000",1,2,7,1,33,2
"260317000000",2,2,9,2,42,1
"260317000000",1,2,11,2,40,1
"260322000000",1,2,6,2,22,2
"260322000000",2,2,6,1,22,2
"260329000000",2,2,6,2,21,2
"260333000000",2,2,6,2,24,2
"260336000000",1,2,6,1,16,2
"260346000000",2,2,6,1,15,2
"260348000000",2,2,5,1,34,2
"260349000000",2,2,5,1,20,2
"260349000000",1,2,6,1,42,3
"260349000000",1,2,6,7,19,3
"260349000000",1,2,8,2,35,3
"260349000000",1,2,6,2,26,2
"260350000000",1,2,13,7,22,2
"260350000000",2,2,11,7,25,2
"260351000000",1,2,6,2,20,2
"260353000000",2,2,6,2,22,2
"260354000000",1,2,10,7,20,2
"260354000000",1,2,8,7,23,2
"260358000000",2,2,7,99,23,2
"260360000000",2,2,6,2,23,2
"260361000000",1,2,5,1,24,2
"260366000000",2,2,6,99,20,2
"260366000000",1,2,5,2,29,2
"260367000000",1,2,6,7,38,2
"260370000000",1,2,5,1,26,2
"260370000000",2,2,6,2,40,2
"260371000000",2,2,6,2,35,2
"260372000000",1,2,6,7,30,2
"260377000000",1,2,5,1,20,1
"260379000000",2,2,6,2,19,NA
"260379000000",2,2,5,99,30,3
"260380000000",1,2,11,2,22,2
"260380000000",1,2,10,2,23,2
"260380000000",1,2,6,2,26,2
"260386000000",2,2,6,2,30,2
"260391000000",2,2,7,99,37,2
"260391000000",1,2,6,2,45,2
"260393000000",1,2,6,2,29,2
"260394000000",1,2,5,7,30,2
"260394000000",2,2,10,2,18,2
"260394000000",1,2,6,2,21,2
"260394000000",2,2,5,2,23,2
"260395000000",2,2,5,99,35,2
"260397000000",2,2,5,1,28,2
"260398000000",2,2,6,1,25,2
"260501000000",1,2,6,1,26,1
"260506000000",2,2,9,2,31,2
"260506000000",1,2,10,99,30,2
"260507000000",2,2,10,2,40,2
"260507000000",1,2,7,7,17,2
"260508000000",2,2,6,2,17,2
"260509000000",2,2,10,7,30,2
"260514000000",1,2,6,2,19,2
"260514000000",2,2,7,2,17,2
"260514000000",2,2,7,2,17,2
"260521000000",1,2,10,1,NA,2
"260522000000",2,2,6,7,19,2
"260526000000",1,2,5,1,21,3
"260526000000",1,2,5,1,19,2
"260529000000",2,2,7,1,32,2
"260533000000",2,2,16,2,33,3
"260534000000",1,2,6,1,24,2
"260534000000",1,2,6,1,24,2
"260535000000",1,2,5,1,24,2
"260539000000",1,2,6,1,19,2
"260540000000",1,2,9,1,21,2
"260540000000",1,2,7,1,22,2
"260543000000",1,2,6,2,18,2
"260543000000",1,2,5,2,23,2
"260547000000",1,2,6,7,21,2
"260550000000",1,2,6,2,NA,2
"260554000000",2,2,5,7,24,2
"260559000000",1,2,5,2,19,2
"260562000000",1,2,7,99,25,2
"260563000000",1,2,5,2,23,3
"260565000000",2,2,8,1,23,2
"260565000000",2,2,5,99,29,2
"260566000000",1,2,5,99,22,2
"260569000000",1,2,6,2,19,2
"260570000000",1,2,6,2,20,2
"260571000000",2,2,5,1,21,2
"260580000000",2,2,5,1,18,2
"260580000000",2,2,5,1,37,2
"260582000000",1,2,6,99,20,2
"260583000000",1,2,6,2,NA,NA
"260585000000",2,2,6,2,15,2
"260590000000",1,2,6,1,38,2
"260590000000",2,2,5,1,27,2
"260596000000",2,2,5,1,23,1
"260598000000",2,2,9,1,32,1
"260598000000",1,2,8,1,33,1
"260598000000",2,2,5,1,35,1
"260599000000",2,2,5,99,31,3
"260601000000",1,2,6,99,28,2
"260603000000",2,2,5,2,16,2
"260604000000",1,2,5,7,24,2
"260604000000",2,2,5,2,28,2
"260609000000",2,2,6,2,17,2
"260610000000",1,2,9,2,17,2
"260610000000",1,2,7,2,19,2
"260611000000",1,2,7,2,18,2
"260615000000",2,2,9,99,23,2
"260615000000",1,2,6,7,20,2
"260615000000",1,2,5,1,26,1
"260615000000",1,2,5,2,20,2
"260618000000",2,2,18,2,23,2
"260618000000",1,2,7,99,20,3
"260618000000",1,2,5,7,39,2
"260620000000",1,2,5,99,23,2
"260622000000",1,2,4,1,25,2
"260624000000",2,2,5,2,15,2
"260624000000",2,2,5,1,17,2
"260628000000",2,2,5,2,17,NA
"260629000000",2,2,5,1,25,2
"260630000000",2,2,6,99,24,2
"260631000000",1,2,6,7,35,2
"260631000000",1,2,5,2,29,2
"260631000000",1,2,6,2,21,2
"260633000000",2,2,6,2,40,3
"260633000000",1,2,6,2,31,3
"260639000000",1,2,5,1,40,2
"260639000000",2,2,12,2,20,3
"260639000000",1,2,10,2,22,3
"260639000000",2,2,7,2,25,3
"260645000000",1,2,7,2,29,2
"260645000000",1,2,6,2,30,2
"260645000000",1,2,7,7,38,2
"260646000000",2,2,5,2,16,2
"260650000000",1,2,4,1,27,2
"260651000000",1,2,5,2,21,2
"260652000000",1,2,4,1,30,2
"260656000000",1,2,6,1,30,2
"260657000000",2,2,7,99,27,2
"260658000000",2,2,5,7,26,2
"260658000000",1,2,7,7,39,2
"260659000000",1,2,5,99,31,2
"260660000000",2,2,5,2,19,2
"260660000000",2,2,5,99,34,2
"260662000000",2,2,14,1,38,3
"260667000000",2,2,10,7,28,3
"260667000000",1,2,6,7,32,3
"260670000000",2,2,7,2,30,2
"260681000000",1,2,5,1,24,1
"260682000000",1,2,5,1,24,2
"260682000000",1,2,5,99,26,2
"260682000000",2,2,5,2,30,2
"260686000000",2,2,12,2,20,2
"260686000000",1,2,6,2,25,2
"260686000000",1,2,5,2,26,2
"260686000000",2,2,5,99,20,2
"260688000000",2,2,5,1,22,2
"260690000000",1,2,5,1,21,2
"260692000000",2,2,5,7,27,2
"260694000000",2,2,7,7,27,2
"260695000000",2,2,5,1,21,3
"260699000000",1,2,5,7,20,2
"260699000000",1,2,5,7,35,2
"260800000000",1,2,6,99,21,3
"260801000000",2,2,5,99,28,2
"260803000000",1,2,5,99,24,2
"260804000000",1,2,5,2,30,2
"260806000000",2,2,5,1,40,2
"260808000000",2,2,5,7,31,3
"260810000000",1,2,6,2,17,2
"260810000000",2,2,10,2,24,2
"260811000000",2,2,5,2,20,2
"260812000000",1,2,4,1,32,2
"260813000000",1,2,5,2,24,2
"260815000000",1,2,6,1,34,NA
"260815000000",2,2,5,1,29,2
"260825000000",2,2,5,2,24,2
"260826000000",1,2,5,1,27,2
"260829000000",1,2,10,1,19,2
"260829000000",2,2,9,1,21,2
"260829000000",1,2,6,1,23,2
"260830000000",2,2,5,99,16,2
"260830000000",1,2,4,2,21,2
"260832000000",1,2,5,1,35,2
"260835000000",2,2,5,1,23,2
"260836000000",1,2,5,7,30,1
"260838000000",1,2,10,2,29,2
"260838000000",1,2,7,2,42,1
"260839000000",2,2,5,1,27,2
"260840000000",1,2,5,7,30,2
"260840000000",1,2,5,2,28,3
"260843000000",2,2,5,1,29,2
"260844000000",1,2,5,2,22,2
"260845000000",1,2,13,7,24,2
"260845000000",1,2,11,7,26,2
"260845000000",1,2,9,7,28,2
"260845000000",1,2,5,7,32,2
"260846000000",2,2,4,1,29,2
"260847000000",2,2,9,2,29,2
"260849000000",2,2,11,2,40,2
"260851000000",1,2,5,2,16,2
"260851000000",2,2,4,2,24,2
"260855000000",1,2,5,7,23,3
"260859000000",1,2,8,99,18,2
"260859000000",2,2,5,99,21,2
"260859000000",1,2,5,7,28,2
"260862000000",1,2,5,2,18,2
"260863000000",1,2,5,2,25,2
"260864000000",1,2,10,7,34,3
"260864000000",1,2,18,7,26,3
"260869000000",1,2,5,99,16,2
"260871000000",1,2,4,1,20,2
"260872000000",1,2,5,1,20,2
"260873000000",1,2,4,1,26,2
"260873000000",2,2,6,2,23,3
"260876000000",2,2,5,2,43,2
"260876000000",2,2,4,1,26,2
"260880000000",2,2,4,1,18,2
"260882000000",2,2,5,2,24,2
"260884000000",2,2,5,99,19,2
"260886000000",1,2,5,2,22,2
"260886000000",1,2,5,2,22,2
"260887000000",1,2,5,99,43,2
"260889000000",1,2,8,2,16,2
"260889000000",1,2,4,2,39,2
"260892000000",2,2,4,1,25,1
"260892000000",1,2,5,99,34,2
"260893000000",1,2,6,7,32,3
"260893000000",2,2,7,7,30,3
"260894000000",2,2,4,7,34,3
"260896000000",2,2,6,7,21,2
"260896000000",1,2,6,7,20,2
"260903000000",1,2,4,2,20,3
"260905000000",2,2,7,2,19,2
"260905000000",1,2,9,2,19,2
"260905000000",1,2,4,1,28,1
"260908000000",2,2,4,2,25,2
"260915000000",2,2,5,7,24,2
"260916000000",2,2,4,2,32,2
"260916000000",2,2,4,2,24,2
"260920000000",2,2,6,2,23,2
"260920000000",1,2,5,2,24,2
"260922000000",2,2,5,2,28,2
"260922000000",1,2,4,99,29,3
"260926000000",2,2,5,2,19,2
"260926000000",2,2,5,7,17,2
"260927000000",2,2,15,2,20,2
"260928000000",2,2,5,1,31,3
"260934000000",2,2,4,2,20,2
"260937000000",2,2,5,7,24,2
"260940000000",1,2,5,7,30,2
"260940000000",1,2,4,1,18,2
"260944000000",1,2,4,2,27,2
"260947000000",2,2,4,1,26,2
"260950000000",1,2,9,1,25,1
"260951000000",2,2,4,2,27,2
"260954000000",1,2,5,2,33,2
"260955000000",1,2,5,99,22,3
"260955000000",2,2,4,1,24,2
"260955000000",2,2,4,2,24,2
"260956000000",2,2,4,1,22,2
"260956000000",2,2,14,2,38,3
"260958000000",1,2,4,7,21,2
"260958000000",1,2,5,2,28,2
"260959000000",2,2,9,2,32,2
"260959000000",2,2,11,2,29,2
"260959000000",1,2,13,2,27,2
"260960000000",2,2,5,4,39,2
"260961000000",1,2,4,99,22,2
"260962000000",1,2,4,2,36,2
"260964000000",2,2,4,1,24,2
"260968000000",2,2,4,2,30,2
"260968000000",1,2,5,2,25,3
"260969000000",1,2,16,99,25,2
"260970000000",2,2,7,2,21,2
"260970000000",1,2,3,1,19,2
"260971000000",1,2,4,99,18,2
"260973000000",1,2,6,7,18,3
"260973000000",2,2,7,7,17,2
"260974000000",1,2,4,7,NA,3
"260979000000",1,2,14,2,33,2
"260980000000",1,2,4,1,25,1
"260982000000",2,2,5,1,32,1
"260983000000",1,2,4,2,30,2
"260987000000",2,2,8,2,19,3
"260993000000",1,2,4,2,43,2
"260994000000",1,2,5,2,22,2
"260999000000",2,2,4,7,31,2
"261000000000",1,2,4,99,22,2
"261104000000",2,2,4,2,21,2
"261111000000",1,2,5,1,25,2
"261111000000",1,2,5,7,30,2
"261114000000",2,2,5,2,29,2
"261114000000",1,2,4,2,20,3
"261114000000",1,2,15,2,16,2
"261115000000",2,2,4,1,19,2
"261116000000",2,2,4,2,18,3
"261117000000",1,2,5,2,39,2
"261117000000",2,2,4,1,22,2
"261120000000",2,2,7,7,27,2
"261122000000",2,2,5,1,26,2
"261124000000",2,2,5,2,33,2
"261126000000",2,2,3,2,28,2
"261127000000",1,2,4,7,25,2
"261127000000",2,2,5,2,20,2
"261128000000",1,2,4,2,27,2
"261128000000",2,2,4,1,27,1
"261128000000",1,2,18,2,20,2
"261128000000",1,2,5,99,34,2
"261129000000",1,2,4,2,35,2
"261129000000",1,2,4,1,31,1
"261129000000",1,2,5,1,26,NA
"261131000000",2,2,4,1,29,2
"261131000000",1,2,4,1,29,2
"261132000000",1,2,5,1,28,1
"261137000000",1,2,4,7,37,3
"261142000000",2,2,7,7,21,NA
"261142000000",1,2,4,2,32,2
"261144000000",1,2,4,7,25,2
"261144000000",1,2,4,99,22,2
"261145000000",2,2,5,2,37,3
"261145000000",1,2,4,99,41,2
"261146000000",1,2,5,2,18,2
"261147000000",1,2,4,2,18,2
"261149000000",2,2,4,7,21,2
"261150000000",2,2,6,99,21,3
"261150000000",1,2,4,4,18,2
"261152000000",2,2,5,99,19,2
"261155000000",2,2,4,2,31,1
"261156000000",1,2,4,1,29,2
"261156000000",2,2,4,2,18,3
"261157000000",2,2,5,2,25,3
"261160000000",2,2,5,99,28,2
"261161000000",2,2,4,1,22,2
"261162000000",2,2,5,7,19,2
"261162000000",2,2,4,2,26,2
"261163000000",1,2,14,7,17,2
"261166000000",2,2,4,1,28,2
"261169000000",1,2,3,2,36,2
"261170000000",1,2,4,1,32,2
"261170000000",1,2,8,7,28,2
"261172000000",2,2,5,2,15,3
"261173000000",1,2,12,7,17,3
"261174000000",2,2,4,2,19,2
"261174000000",1,2,4,1,20,2
"261174000000",1,2,5,2,19,2
"261174000000",1,2,4,2,22,2
"261176000000",2,2,4,7,22,2
"261177000000",1,2,4,2,21,2
"261182000000",1,2,4,1,25,2
"261183000000",2,2,5,2,23,2
"261183000000",1,2,5,2,23,2
"261183000000",1,2,4,1,40,2
"261184000000",2,2,4,1,23,2
"261185000000",2,2,4,2,23,2
"261185000000",1,2,4,99,36,2
"261187000000",2,2,4,7,20,2
"261190000000",1,2,4,7,28,2
"261196000000",2,2,5,99,17,2
"261197000000",2,2,4,1,21,2
"261198000000",1,2,6,1,39,2
"261198000000",2,2,4,99,21,2
"261202000000",2,2,4,7,30,2
"261203000000",1,2,5,2,25,3
"261205000000",2,2,4,2,16,2
"261206000000",2,2,18,1,NA,3
"261209000000",1,2,4,1,28,2
"261211000000",1,2,3,1,25,3
"261213000000",1,2,4,2,27,2
"261213000000",1,2,5,2,23,2
"261214000000",2,2,4,7,24,2
"261215000000",2,2,4,2,25,2
"261215000000",1,2,4,2,25,2
"261215000000",2,2,4,2,24,2
"261216000000",2,2,4,2,29,2
"261218000000",2,2,11,2,38,2
"261220000000",2,2,4,1,31,1
"261220000000",1,2,4,2,19,2
"261223000000",2,2,4,2,20,2
"261223000000",1,2,4,2,20,2
"261225000000",1,2,5,99,19,2
"261226000000",1,2,4,99,29,2
"261229000000",1,2,4,2,23,2
"261229000000",2,2,5,2,35,2
"261230000000",2,2,4,2,30,2
"261232000000",1,2,13,2,21,2
"261232000000",2,2,11,2,23,2
"261233000000",1,2,3,1,20,2
"261238000000",2,2,9,1,26,2
"261239000000",2,2,4,2,28,2
"261241000000",1,2,4,2,28,2
"261241000000",1,2,8,7,20,2
"261242000000",2,2,8,2,19,3
"261242000000",1,2,6,2,21,3
"261242000000",2,2,5,2,23,3
"261242000000",2,2,4,2,16,2
"261242000000",1,2,4,99,22,2
"261242000000",1,2,4,1,31,1
"261242000000",2,2,4,1,25,2
"261245000000",2,2,4,2,22,2
"261248000000",2,2,3,2,20,2
"261250000000",1,2,5,1,24,2
"261253000000",1,2,4,2,42,2
"261256000000",1,2,8,7,21,2
"261256000000",2,2,4,7,25,2
"261257000000",2,2,4,2,19,2
"261259000000",1,2,4,1,24,2
"261259000000",1,2,4,99,24,2
"261259000000",1,2,4,1,31,2
"261259000000",1,2,4,2,31,2
"261262000000",1,2,3,1,24,2
"261264000000",2,2,4,1,24,2
"261267000000",2,2,4,1,31,2
"261268000000",2,2,7,2,19,2
"261270000000",1,2,4,7,42,2
"261272000000",2,2,4,7,23,2
"261273000000",2,2,4,2,24,2
"261273000000",2,2,3,2,29,2
"261274000000",2,2,6,7,19,2
"261275000000",1,2,7,7,23,2
"261275000000",2,2,4,2,27,2
"261278000000",2,2,5,2,19,NA
"261279000000",1,2,4,1,35,2
"261279000000",2,2,5,2,24,2
"261279000000",1,2,4,2,21,3
"261280000000",1,2,4,1,35,2
"261281000000",1,2,4,7,24,1
"261282000000",2,2,5,2,30,2
"261282000000",1,2,4,2,19,3
"261282000000",1,2,4,2,19,3
"261282000000",1,2,3,1,26,2
"261283000000",1,2,4,99,22,2
"261284000000",2,2,4,2,26,2
"261286000000",1,2,5,2,32,2
"261286000000",1,2,4,1,30,2
"261286000000",1,2,3,1,22,2
"261287000000",1,2,5,1,29,2
"261287000000",1,2,4,1,21,2
"261288000000",1,2,4,1,27,2
"261288000000",2,2,4,2,37,3
"261288000000",1,2,4,7,23,2
"261290000000",1,2,4,1,25,2
"261293000000",2,2,6,2,33,2
"261296000000",1,2,4,2,29,2
"261300000000",1,2,4,2,23,2
"261301000000",2,2,4,2,39,3
"261302000000",1,2,4,2,20,2
"261306000000",2,2,16,2,32,2
"261306000000",2,2,4,2,27,2
"261308000000",2,2,4,2,21,2
"261310000000",2,2,4,2,31,3
"261313000000",1,2,4,99,21,1
"261315000000",2,2,18,2,26,2
"261315000000",1,2,16,2,28,2
"261315000000",1,2,13,2,31,2
"261315000000",1,2,12,99,33,3
"261318000000",2,2,4,2,25,2
"261323000000",1,2,4,99,24,2
"261323000000",1,2,4,2,24,2
"261324000000",1,2,14,7,22,2
"261324000000",1,2,11,7,24,2
"261324000000",1,2,7,7,29,2
"261325000000",2,2,4,2,39,2
"261327000000",2,2,4,7,16,3
"261328000000",1,2,4,2,24,2
"261329000000",1,2,5,2,16,2
"261329000000",2,2,3,2,25,2
"261330000000",1,2,3,1,20,2
"261331000000",2,2,3,1,26,2
"261332000000",2,2,4,2,28,3
"261333000000",1,2,5,2,20,2
"261335000000",1,2,4,2,30,3
"261337000000",2,2,4,99,35,2
"261340000000",1,2,4,7,30,3
"261347000000",1,2,4,1,20,2
"261347000000",1,2,4,99,21,2
"261350000000",2,2,3,2,NA,2
"261350000000",1,2,3,1,21,2
"261350000000",1,2,3,1,21,2
"261351000000",2,2,4,2,25,3
"261352000000",1,2,4,1,35,1
"261352000000",1,2,4,1,34,1
"261355000000",1,2,3,7,37,3
"261356000000",1,2,3,99,22,2
"261360000000",1,2,3,99,23,3
"261360000000",1,2,3,1,26,2
"261364000000",1,2,3,2,21,2
"261367000000",1,2,6,99,35,2
"261367000000",2,2,4,2,31,1
"261372000000",1,2,4,99,23,2
"261372000000",1,2,4,2,20,2
"261373000000",2,2,4,2,35,2
"261374000000",2,2,15,1,21,2
"261376000000",2,2,11,2,41,2
"261377000000",1,2,4,2,35,2
"261379000000",2,2,4,1,35,2
"261382000000",2,2,4,2,22,2
"261384000000",1,2,4,2,20,2
"261385000000",1,2,3,2,31,2
"261386000000",2,2,3,99,29,2
"261388000000",2,2,4,1,39,3
"261388000000",2,2,8,1,35,3
"261391000000",2,2,3,1,24,1
"261391000000",2,2,4,2,28,2
"261393000000",2,2,4,2,23,2
"261401000000",2,2,4,7,41,2
"261403000000",1,2,3,2,31,2
"261404000000",2,2,3,2,23,2
"261406000000",1,2,5,99,26,2
"261406000000",2,2,5,2,18,2
"261407000000",1,2,4,99,20,3
"261414000000",1,2,3,2,22,2
"261415000000",2,2,4,2,28,3
"261416000000",1,2,3,2,30,2
"261418000000",2,2,3,2,25,3
"261418000000",2,2,3,2,17,2
"261418000000",2,2,3,2,25,2
"261419000000",1,2,4,7,33,2
"261420000000",2,2,4,1,32,2
"261421000000",2,2,3,2,26,2
"261424000000",1,2,3,1,40,1
"261427000000",1,2,3,99,36,1
"261430000000",2,2,4,2,20,2
"261431000000",2,2,4,2,26,2
"261432000000",1,2,4,2,31,2
"261435000000",2,2,4,2,24,2
"261438000000",2,2,4,99,18,2
"261443000000",1,2,4,2,41,2
"261445000000",1,2,3,1,17,2
"261446000000",1,2,3,7,25,2
"261448000000",2,2,3,1,25,3
"261448000000",2,2,4,2,19,2
"261448000000",2,2,5,2,20,2
"261449000000",2,2,4,1,24,3
"261449000000",1,2,3,1,30,2
"261450000000",1,2,3,1,19,1
"261450000000",1,2,4,99,19,2
"261451000000",1,2,3,2,35,2
"261452000000",1,2,4,4,20,2
"261452000000",2,2,4,2,23,2
"261452000000",1,2,4,2,20,2
"261453000000",2,2,3,2,42,NA
"261453000000",2,2,3,1,20,2
"261453000000",1,2,4,1,23,2
"261455000000",1,2,5,1,27,1
"261457000000",1,2,4,2,25,2
"261459000000",1,2,3,2,37,3
"261460000000",2,2,4,1,26,2
"261464000000",1,2,3,1,30,3
"261466000000",2,2,4,2,34,2
"261466000000",2,2,3,7,42,2
"261468000000",2,2,3,2,26,2
"261468000000",1,2,4,2,26,2
"261470000000",1,2,3,2,25,2
"261472000000",1,2,3,99,21,2
"261472000000",2,2,3,2,25,2
"261476000000",2,2,3,1,29,1
"261479000000",1,2,3,2,25,2
"261480000000",1,2,3,2,17,2
"261480000000",2,2,5,2,20,2
"261482000000",1,2,4,2,36,2
"261482000000",1,2,3,99,25,1
"261483000000",1,2,11,2,38,3
"261487000000",2,2,6,2,20,2
"261488000000",1,2,3,1,23,2
"261489000000",2,2,4,99,33,2
"261492000000",1,2,4,2,22,2
"261492000000",2,2,14,99,31,2
"261492000000",2,2,18,2,27,2
"261493000000",2,2,3,1,30,2
"261493000000",2,2,3,2,27,2
"261494000000",1,2,3,1,36,2
"261494000000",1,2,3,1,29,2
"261497000000",1,2,3,1,28,2
"261500000000",1,2,3,7,19,2
"261507000000",2,2,3,7,37,2
"261509000000",2,2,5,2,20,2
"261511000000",1,2,4,2,19,3
"261512000000",1,2,3,1,19,2
"261512000000",2,2,2,99,27,2
"261515000000",1,2,3,99,42,2
"261515000000",2,2,4,2,34,2
"261516000000",1,2,4,2,38,3
"261518000000",2,2,3,7,25,2
"261520000000",2,2,4,99,29,2
"261521000000",2,2,3,2,24,2
"261526000000",1,2,3,2,25,3
"261527000000",1,2,3,7,32,2
"261527000000",2,2,4,1,20,2
"261532000000",2,2,3,2,31,2
"261532000000",2,2,4,2,30,2
"261533000000",2,2,3,1,23,2
"261535000000",2,2,3,7,27,2
"261536000000",1,2,14,4,NA,3
"261540000000",2,2,4,99,20,2
"261541000000",1,2,3,1,30,1
"261543000000",2,2,6,1,33,2
"261544000000",2,2,2,1,20,2
"261545000000",1,2,3,99,23,2
"261545000000",1,2,6,7,17,2
"261545000000",2,2,3,7,19,2
"261546000000",1,2,3,2,22,2
"261549000000",1,2,5,2,35,2
"261550000000",1,2,3,1,33,2
"261553000000",2,2,3,2,42,2
"261554000000",1,2,4,2,17,2
"261555000000",2,2,3,2,35,2
"261556000000",1,2,2,1,27,1
"261560000000",1,2,4,2,40,2
"261563000000",2,2,3,2,18,2
"261563000000",1,2,3,99,18,2
"261563000000",1,2,3,6,18,2
"261568000000",1,2,3,7,NA,NA
"261568000000",2,2,3,1,33,2
"261569000000",2,2,3,2,23,2
"261571000000",2,2,3,2,22,2
"261573000000",2,2,3,2,27,2
"261574000000",2,2,3,2,28,2
"261576000000",1,2,3,1,28,2
"261577000000",2,2,3,7,25,2
"261578000000",2,2,4,99,17,2
"261580000000",1,2,3,2,36,2
"261580000000",1,2,4,2,20,2
"261581000000",2,2,3,99,21,2
"261582000000",1,2,8,99,NA,2
"261587000000",2,2,3,99,20,2
"261588000000",1,2,3,99,30,1
"261591000000",1,2,3,1,23,2
"261591000000",1,2,3,2,40,2
"261593000000",1,2,3,99,27,2
"261594000000",1,2,6,1,17,2
"261594000000",2,2,3,2,21,2
"261598000000",2,2,4,2,31,2
"261598000000",2,2,7,2,28,2
"261598000000",2,2,5,99,30,2
"261599000000",1,2,4,99,22,2
"261599000000",1,2,3,1,16,2
"261599000000",2,2,3,99,35,1
"261601000000",1,2,4,2,34,2
"261601000000",2,2,4,2,34,2
"261601000000",2,2,3,2,21,2
"261603000000",2,2,3,2,34,3
"261603000000",2,2,3,2,34,3
"261604000000",1,2,3,2,20,2
"261604000000",1,2,3,7,37,3
"261605000000",1,2,2,99,19,2
"261607000000",1,2,3,2,22,2
"261608000000",1,2,3,1,29,2
"261611000000",1,2,3,2,22,2
"261611000000",2,2,3,1,27,2
"261613000000",1,2,3,99,33,2
"261614000000",1,2,3,7,19,2
"261615000000",2,2,5,2,19,2
"261617000000",1,2,3,99,22,2
"261620000000",1,2,3,1,22,2
"261620000000",1,2,3,1,22,2
"261621000000",2,2,3,2,29,3
"261623000000",1,2,3,2,28,3
"261624000000",1,2,3,7,33,1
"261624000000",2,2,3,2,22,2
"261625000000",2,2,3,1,19,2
"261628000000",2,2,3,2,29,2
"261630000000",2,2,19,2,19,2
"261631000000",2,2,3,1,29,1
"261631000000",2,2,4,2,19,2
"261632000000",1,2,3,2,26,2
"261635000000",2,2,3,2,25,2
"261637000000",2,2,3,7,37,2
"261638000000",2,2,3,2,32,1
"261638000000",1,2,3,99,27,2
"261639000000",1,2,4,1,31,2
"261640000000",1,2,12,7,28,2
"261640000000",2,2,5,7,34,2
"261643000000",1,2,10,2,35,2
"261643000000",2,2,2,1,27,2
"261644000000",1,2,3,2,30,3
"261648000000",1,2,3,1,42,2
"261649000000",1,2,4,2,24,2
"261650000000",1,2,7,2,22,NA
"261653000000",2,2,3,1,21,2
"261658000000",2,2,3,1,27,2
"261658000000",1,2,3,2,27,2
"261659000000",1,2,3,2,24,2
"261663000000",2,2,3,1,26,2
"261664000000",2,2,3,2,22,2
"261665000000",1,2,3,2,15,2
"261670000000",2,2,3,7,30,2
"261670000000",2,2,8,7,26,2
"261671000000",1,2,4,2,21,3
"261672000000",1,2,2,1,27,2
"261679000000",2,2,3,1,30,2
"261681000000",2,2,3,7,22,2
"261682000000",1,2,2,1,34,2
"261682000000",2,2,3,2,26,2
"261687000000",2,2,3,1,24,2
"261688000000",2,2,3,2,18,2
"261688000000",2,2,3,2,25,2
"261691000000",1,2,3,2,33,3
"261692000000",1,2,2,7,33,2
"261694000000",1,2,2,2,30,2
"261694000000",1,2,3,2,35,2
"261695000000",1,2,3,2,34,2
"261695000000",2,2,3,2,22,2
"261697000000",2,2,3,2,27,3
"261700000000",2,2,3,2,39,3
"261700000000",1,2,3,1,23,1
"261704000000",2,2,3,1,28,1
"261707000000",1,2,2,99,29,3
"261707000000",1,2,3,2,20,2
"261708000000",1,2,2,2,36,NA
"261710000000",1,2,3,2,37,NA
"261711000000",2,2,3,99,23,2
"261712000000",1,2,3,1,32,2
"261715000000",2,2,2,2,31,2
"261716000000",2,2,3,1,28,2
"261718000000",2,2,2,2,30,2
"261718000000",1,2,3,2,18,2
"261719000000",2,2,2,1,31,2
"261720000000",1,2,3,2,32,2
"261721000000",1,2,14,2,20,2
"261724000000",1,2,2,2,27,3
"261729000000",1,2,3,99,20,2
"261729000000",2,2,2,2,28,3
"261729000000",2,2,3,1,22,2
"261731000000",2,2,2,1,27,2
"261732000000",2,2,3,1,34,2
"261732000000",1,2,2,99,37,2
"261735000000",1,2,3,2,37,2
"261736000000",2,2,3,2,40,2
"261736000000",1,2,4,7,28,2
"261737000000",2,2,2,1,26,2
"261739000000",2,2,3,1,28,2
"261739000000",2,2,2,99,35,2
"261744000000",1,2,2,7,18,2
"261748000000",1,2,2,99,20,2
"261749000000",2,2,3,2,30,2
"261750000000",2,2,5,1,20,2
"261750000000",1,2,4,1,21,2
"261755000000",1,2,2,2,33,2
"261757000000",2,2,3,1,29,2
"261758000000",1,2,4,1,36,2
"261759000000",1,2,3,2,22,2
"261759000000",1,2,3,2,27,2
"261762000000",1,2,3,2,27,2
"261762000000",1,2,3,2,24,2
"261767000000",2,2,3,99,22,2
"261769000000",1,2,3,2,23,2
"261772000000",2,2,3,2,34,2
"261773000000",2,2,2,1,21,2
"261775000000",1,2,2,7,38,2
"261775000000",2,2,2,1,34,2
"261781000000",1,2,3,1,31,1
"261783000000",2,2,3,2,21,2
"261784000000",1,2,3,99,23,3
"261785000000",1,2,3,2,35,2
"261786000000",2,2,2,99,17,2
"261786000000",2,2,3,99,26,2
"261788000000",1,2,3,7,33,2
"261789000000",1,2,2,1,27,2
"261792000000",1,2,2,1,17,2
"261793000000",1,2,2,1,24,NA
"261795000000",2,2,3,2,23,2
"261795000000",1,2,2,99,22,2
"261798000000",1,2,2,6,31,1
"261799000000",1,2,3,1,29,2
"261800000000",2,2,3,1,29,2
"261801000000",1,2,2,2,32,2
"261803000000",2,2,3,7,30,2
"261804000000",2,2,2,2,22,2
"261804000000",2,2,2,7,34,2
"261805000000",1,2,3,1,26,2
"261806000000",1,2,2,1,42,NA
"261806000000",2,2,2,2,22,2
"261807000000",2,2,2,1,19,2
"261808000000",2,2,2,2,32,2
"261810000000",2,2,2,2,27,2
"261810000000",2,2,3,2,26,2
"261810000000",2,2,2,99,26,2
"261811000000",1,2,2,7,41,3
"261811000000",2,2,2,99,20,2
"261812000000",2,2,2,1,21,2
"261813000000",2,2,3,99,34,2
"261814000000",2,2,2,2,26,2
"261814000000",1,2,3,2,25,2
"261814000000",2,2,3,2,33,2
"261814000000",2,2,2,2,21,2
"261815000000",2,2,2,1,21,2
"261816000000",2,2,3,1,18,2
"261818000000",2,2,2,1,25,2
"261818000000",2,2,5,2,22,2
"261819000000",1,2,2,1,21,2
"261819000000",2,2,2,1,33,1
"261820000000",2,2,3,2,23,2
"261821000000",2,2,2,1,24,1
"261822000000",2,2,2,2,41,2
"261825000000",2,2,2,1,27,2
"261825000000",1,2,2,1,33,2
"261826000000",1,2,2,99,21,2
"261827000000",1,2,3,2,29,2
"261830000000",2,2,2,99,22,2
"261836000000",1,2,3,2,29,2
"261836000000",2,2,2,2,26,2
"261836000000",1,2,2,2,26,2
"261837000000",1,2,11,2,20,2
"261840000000",1,2,2,1,23,2
"261842000000",1,2,3,1,33,2
"261845000000",1,2,3,2,29,3
"261845000000",2,2,6,2,21,2
"261847000000",2,2,2,2,32,2
"261848000000",2,2,2,1,23,1
"261848000000",1,2,2,2,25,2
"261851000000",1,2,2,1,17,2
"261855000000",2,2,2,2,21,3
"261856000000",2,2,3,7,16,2
"261856000000",1,2,2,7,30,1
"261857000000",2,2,2,2,32,2
"261861000000",2,2,2,2,32,2
"261864000000",2,2,6,2,NA,2
"261864000000",1,2,6,2,NA,2
"261866000000",1,2,2,1,37,1
"261866000000",1,2,2,3,21,2
"261868000000",2,2,2,7,32,2
"261871000000",2,2,2,1,42,NA
"261873000000",2,2,2,2,36,2
"261874000000",1,2,2,2,19,2
"261877000000",2,2,2,2,22,2
"261882000000",1,2,2,2,21,NA
"261882000000",2,2,2,2,23,2
"261883000000",1,2,2,99,35,2
"261883000000",2,2,3,2,20,2
"261884000000",2,2,2,2,21,3
"261885000000",1,2,2,7,26,2
"261885000000",2,2,3,2,19,2
"261887000000",2,2,4,1,34,2
"261887000000",2,2,13,1,25,2
"261889000000",2,2,2,99,20,2
"261889000000",2,2,2,99,20,2
"261889000000",1,2,2,1,23,3
"261889000000",2,2,2,1,20,1
"261893000000",1,2,2,1,34,2
"261893000000",1,2,11,2,31,2
"261894000000",2,2,3,1,18,2
"261894000000",1,2,2,1,26,2
"261894000000",2,2,3,1,32,2
"261894000000",1,2,9,99,26,2
"261895000000",2,2,2,99,21,2
"261899000000",1,2,2,2,31,2
"261899000000",1,2,1,1,31,1
"261899000000",1,2,7,2,31,2
"261900000000",2,2,2,7,25,2
"261900000000",2,2,2,2,24,3
"261901000000",2,2,3,2,25,2
"261902000000",1,2,14,2,24,2
"261906000000",2,2,2,2,36,2
"261913000000",2,2,2,1,34,3
"261918000000",1,2,2,1,27,2
"261919000000",1,2,3,2,25,2
"261921000000",1,2,2,2,30,2
"261922000000",1,2,2,2,17,2
"261923000000",2,2,2,2,33,2
"261924000000",1,2,2,1,31,2
"261925000000",2,2,2,4,28,2
"261928000000",1,2,2,99,21,2
"261930000000",1,2,1,99,20,2
"261933000000",1,2,2,2,26,2
"261934000000",2,2,2,1,25,2
"261934000000",1,2,2,1,30,2
"261936000000",2,2,2,1,21,1
"261937000000",1,2,2,1,26,2
"261942000000",2,2,2,2,37,2
"261944000000",2,2,2,1,24,2
"261944000000",1,2,2,2,35,2
"261945000000",2,2,2,2,37,2
"261946000000",2,2,2,99,18,2
"261952000000",2,2,2,7,34,2
"261953000000",2,2,3,99,18,2
"261954000000",2,2,2,99,35,2
"261955000000",1,2,1,1,21,2
"261955000000",1,2,2,7,28,2
"261955000000",2,2,2,2,23,2
"261956000000",1,2,2,1,25,2
"261956000000",1,2,2,1,20,2
"261959000000",1,2,3,1,20,1
"261960000000",1,2,3,1,21,2
"261960000000",1,2,2,99,25,2
"261960000000",2,2,2,2,35,2
"261961000000",1,2,2,1,27,2
"261961000000",1,2,2,1,27,2
"261961000000",2,2,2,99,28,2
"261962000000",1,2,2,7,34,2
"261963000000",2,2,2,2,29,2
"261965000000",2,2,2,1,28,2
"261966000000",1,2,1,1,24,2
"261975000000",1,2,2,1,31,3
"261976000000",1,2,2,2,27,2
"261978000000",1,2,2,7,29,2
"261979000000",1,2,2,1,33,2
"261980000000",1,2,2,1,36,2
"261981000000",2,2,2,99,36,2
"261981000000",2,2,3,99,27,2
"261982000000",2,2,2,2,36,2
"261983000000",2,2,2,99,26,2
"261985000000",2,2,2,1,22,1
"261985000000",2,2,2,1,22,1
"261986000000",2,2,2,2,32,2
"261987000000",2,2,2,2,41,2
"261989000000",2,2,2,1,23,2
"261990000000",1,2,2,2,24,2
"261993000000",2,2,2,2,23,2
"261995000000",1,2,2,7,32,2
"261999000000",1,2,2,7,38,2
"262002000000",1,2,2,2,31,3
"262007000000",1,2,2,1,22,2
"262009000000",2,2,2,2,29,2
"262011000000",1,2,2,7,24,2
"262011000000",2,2,2,1,24,2
"262012000000",1,2,2,1,21,1
"262014000000",2,2,2,1,27,NA
"262016000000",2,2,2,2,30,2
"262018000000",2,2,2,99,31,2
"262019000000",1,2,2,1,26,2
"262020000000",2,2,2,2,38,2
"262020000000",1,2,2,7,35,1
"262021000000",2,2,2,99,36,2
"262023000000",1,2,2,2,26,2
"262023000000",1,2,2,2,26,2
"262023000000",1,2,2,1,45,2
"262024000000",2,2,3,99,32,2
"262030000000",1,2,1,2,35,2
"262030000000",2,2,1,2,35,2
"262032000000",1,2,2,2,28,2
"262034000000",2,2,1,1,23,2
"262034000000",2,2,2,2,28,2
"262036000000",2,2,2,99,27,2
"262037000000",1,2,2,99,30,2
"262040000000",2,2,1,1,19,1
"262041000000",2,2,2,1,30,2
"262044000000",1,2,2,2,28,2
"262051000000",2,2,1,1,24,2
"262052000000",2,2,2,2,25,2
"262065000000",1,2,2,2,23,2
"262065000000",2,2,2,1,20,2
"262068000000",1,2,1,2,31,2
"262069000000",1,2,2,1,31,1
"262070000000",1,2,2,1,41,2
"262072000000",2,2,3,1,24,2
"262072000000",2,2,2,2,41,2
"262072000000",2,2,1,1,22,2
"262075000000",2,2,1,7,24,2
"262077000000",2,2,2,2,40,2
"262077000000",2,2,2,2,36,2
"262080000000",1,2,2,99,25,2
"262081000000",1,2,2,2,27,2
"262081000000",2,2,2,2,30,2
"262087000000",1,2,2,2,32,2
"262089000000",2,2,1,1,38,2
"262100000000",2,2,1,2,36,2
"262100000000",2,2,1,99,36,2
"262101000000",1,2,2,2,37,2
"262103000000",2,2,2,1,24,1
"262104000000",1,2,2,2,18,2
"262105000000",1,2,2,1,21,2
"262106000000",1,2,2,2,34,2
"262106000000",1,2,13,2,23,2
"262107000000",2,2,1,2,44,2
"262107000000",1,2,1,2,26,2
"262108000000",2,2,2,99,24,2
"262108000000",1,2,6,1,20,2
"262108000000",2,2,5,1,22,2
"262108000000",1,2,4,1,23,2
"262111000000",2,2,1,7,30,2
"262113000000",1,2,2,1,19,2
"262113000000",2,2,2,2,33,2
"262114000000",2,2,1,1,24,2
"262114000000",2,2,2,2,37,2
"262116000000",2,2,1,99,31,2
"262117000000",1,2,2,1,32,2
"262117000000",1,2,2,2,35,2
"262120000000",2,2,2,99,24,1
"262126000000",2,2,2,2,28,3
"262126000000",2,2,2,2,30,2
"262129000000",1,2,2,99,24,2
"262131000000",1,2,1,99,24,1
"262131000000",2,2,2,99,30,2
"262133000000",1,2,1,7,29,2
"262133000000",1,2,1,99,34,2
"262134000000",1,2,2,99,42,2
"262136000000",2,2,1,1,30,2
"262136000000",2,2,1,7,29,2
"262137000000",1,2,1,1,30,1
"262138000000",1,2,2,2,29,2
"262140000000",2,2,1,1,25,2
"262140000000",1,2,1,7,24,2
"262148000000",2,2,2,1,28,2
"262149000000",1,2,1,2,25,2
"262149000000",2,2,1,1,38,2
"262152000000",2,2,1,1,30,2
"262155000000",1,2,1,1,22,2
"262157000000",2,2,2,2,28,2
"262158000000",2,2,1,2,24,2
"262160000000",2,2,1,99,30,1
"262164000000",1,2,1,1,26,2
"262165000000",1,2,1,1,24,2
"262165000000",2,2,1,2,26,2
"262166000000",1,2,1,1,23,3
"262166000000",2,2,1,1,23,2
"262166000000",2,2,1,2,25,2
"262173000000",2,2,2,1,31,2
"262173000000",1,2,1,1,27,2
"262178000000",2,2,1,1,28,1
"262183000000",2,2,1,1,22,2
"262185000000",1,2,1,1,31,2
"262185000000",1,2,1,2,20,2
"262185000000",2,2,1,1,28,2
"262189000000",1,2,2,1,30,2
"262192000000",2,2,1,1,35,NA
"262195000000",1,2,1,1,32,2
"262201000000",1,2,8,99,33,2
"262202000000",2,2,8,1,24,3
"262202000000",1,2,9,2,17,2
"262213000000",1,2,8,1,21,2
"262214000000",2,2,8,2,17,2
"262215000000",1,2,8,1,18,2
"262218000000",2,2,8,1,18,3
"262222000000",2,2,8,1,22,2
"262222000000",2,2,11,7,17,2
"262232000000",1,2,8,1,22,2
"262237000000",1,2,8,4,19,2
"262244000000",2,2,10,2,36,3
"262245000000",1,2,10,7,22,3
"262245000000",1,2,14,7,18,3
"262245000000",2,2,12,7,20,3
"262245000000",1,2,11,7,21,3
"262246000000",1,2,8,1,36,NA
"262248000000",2,2,11,7,25,2
"262248000000",1,2,10,7,26,2
"262251000000",2,2,8,7,29,2
"262252000000",1,2,8,1,26,3
"262254000000",1,2,7,1,19,2
"262257000000",2,2,10,7,22,2
"262259000000",2,2,11,2,31,2
"262259000000",2,2,10,2,32,2
"262264000000",1,2,8,2,24,2
"262265000000",2,2,7,1,24,1
"262282000000",2,2,8,2,21,2
"262285000000",2,2,14,1,31,2
"262285000000",1,2,16,1,30,2
"262285000000",2,2,12,1,33,2
"262285000000",2,2,10,7,26,3
"262285000000",1,2,14,2,38,2
"262287000000",2,2,8,1,26,2
"262303000000",1,2,16,2,28,2
"262303000000",1,2,15,2,29,2
"262303000000",1,2,12,2,31,2
"262306000000",1,2,12,2,18,2
"262309000000",2,2,8,7,28,2
"262310000000",1,2,8,1,38,3
"262313000000",1,2,7,2,28,2
"262313000000",1,2,7,2,24,2
"262314000000",2,2,8,7,20,2
"262314000000",1,2,7,1,29,1
"262315000000",2,2,12,2,33,2
"262316000000",2,2,7,2,25,2
"262317000000",1,2,8,1,26,2
"262321000000",1,2,9,2,20,2
"262323000000",2,2,9,2,24,2
"262326000000",1,2,8,99,18,2
"262330000000",2,2,7,7,NA,3
"262336000000",2,2,7,1,25,2
"262342000000",1,2,7,1,23,NA
"262344000000",1,2,8,7,30,2
"262346000000",1,2,7,99,22,1
"262347000000",1,2,7,2,17,2
"262348000000",1,2,7,2,16,2
"262349000000",1,2,9,2,25,2
"262352000000",1,2,11,2,34,2
"262352000000",1,2,7,1,23,2
"262356000000",2,2,7,1,30,1
"262360000000",2,2,8,1,27,2
"262361000000",2,2,8,99,36,2
"262364000000",1,2,10,2,19,2
"262365000000",2,2,7,2,22,2
"262366000000",1,2,8,7,29,3
"262369000000",2,2,7,1,41,1
"262375000000",2,2,17,1,18,2
"262375000000",2,2,7,1,37,2
"262381000000",2,2,7,2,22,2
"262381000000",1,2,8,2,34,2
"262381000000",1,2,8,2,34,2
"262385000000",2,2,8,1,24,2
"262386000000",1,2,7,2,20,3
"262390000000",2,2,7,99,22,2
"262396000000",1,2,10,7,21,2
"262396000000",2,2,8,7,23,2
"262397000000",2,2,8,2,19,2
"262398000000",2,2,8,1,33,2
"262402000000",2,2,7,2,17,2
"262402000000",2,2,8,99,27,2
"262403000000",2,2,8,7,39,2
"262403000000",2,2,8,7,39,2
"262405000000",2,2,9,2,29,2
"262405000000",2,2,7,2,31,2
"262410000000",2,1,7,2,NA,2
"262411000000",1,2,7,7,30,1
"262412000000",1,2,7,2,20,2
"262412000000",1,2,7,6,22,2
"262414000000",2,2,7,7,19,2
"262417000000",2,2,6,7,24,1
"262418000000",1,2,7,2,37,3
"262419000000",2,2,7,99,24,2
"262419000000",2,2,8,1,33,2
"262420000000",1,2,7,2,15,2
"262422000000",2,2,9,2,24,2
"262425000000",2,2,7,7,19,2
"262425000000",1,2,8,2,19,2
"262429000000",1,2,10,2,20,2
"262431000000",2,2,7,1,20,2
"262431000000",1,2,7,1,33,2
"262435000000",1,2,8,2,29,2
"262437000000",2,2,7,2,19,NA
"262437000000",1,2,6,1,19,2
"262439000000",2,2,6,99,23,1
"262440000000",2,2,7,7,37,3
"262442000000",2,1,12,7,19,2
"262445000000",2,2,6,1,24,1
"262449000000",1,2,7,7,39,2
"262452000000",2,2,7,99,23,NA
"262452000000",2,2,7,99,23,NA
"262452000000",1,2,7,1,21,2
"262453000000",1,2,8,1,20,3
"262457000000",1,2,7,99,23,1
"262457000000",1,2,7,7,18,2
"262458000000",1,2,7,99,23,2
"262463000000",2,2,12,2,20,2
"262463000000",1,2,9,2,23,2
"262464000000",2,2,9,2,42,2
"262467000000",1,2,10,2,16,2
"262468000000",1,2,9,1,22,2
"262468000000",1,2,8,2,29,3
"262473000000",2,2,7,7,31,2
"262474000000",2,2,7,7,25,2
"262478000000",2,2,9,2,20,2
"262478000000",1,2,12,2,17,2
"262478000000",1,2,8,2,21,2
"262481000000",2,2,7,99,26,2
"262482000000",1,2,7,1,32,2
"262484000000",1,2,7,1,21,2
"262485000000",2,2,10,2,18,2
"262485000000",2,2,10,2,18,2
"262485000000",2,2,9,2,19,2
"262487000000",1,2,7,1,18,2
"262487000000",1,2,17,1,NA,NA
"262492000000",2,2,6,99,31,2
"262492000000",2,2,9,2,20,3
"262497000000",1,2,7,2,41,2
"262497000000",2,2,12,7,41,2
"262498000000",1,2,8,2,22,2
"262499000000",2,2,13,2,17,2
"262499000000",2,2,11,2,19,2
"262499000000",2,2,10,2,20,2
"262499000000",2,2,9,2,21,2
"262499000000",2,2,8,7,18,3
"262502000000",2,2,7,7,21,1
"262504000000",2,2,7,2,33,1
"262505000000",2,2,7,2,27,2
"262511000000",1,2,7,1,21,2
"262511000000",2,2,7,2,25,2
"262511000000",1,2,7,7,20,2
"262517000000",2,2,7,2,21,2
"262517000000",2,2,6,2,22,2
"262521000000",2,2,12,7,18,2
"262523000000",1,2,7,2,32,2
"262526000000",2,2,9,7,25,2
"262527000000",2,2,10,2,39,1
"262527000000",2,2,7,1,28,2
"262528000000",2,2,12,1,29,1
"262530000000",1,2,7,1,24,2
"262530000000",2,2,7,3,21,2
"262532000000",1,2,14,1,20,2
"262532000000",2,2,7,1,27,2
"262533000000",2,2,11,1,20,2
"262533000000",2,2,14,1,17,3
"262535000000",1,2,7,99,22,2
"262537000000",2,2,7,2,37,2
"262539000000",2,2,7,1,25,1
"262546000000",2,2,6,7,25,NA
"262547000000",1,2,10,2,21,3
"262547000000",2,2,7,2,24,3
"262550000000",2,2,7,7,19,2
"262552000000",1,2,8,2,22,2
"262553000000",2,2,12,1,30,3
"262553000000",1,2,6,7,24,3
"262555000000",2,2,12,7,30,2
"262555000000",1,2,9,7,33,3
"262555000000",2,2,7,7,35,2
"262555000000",2,2,7,1,18,2
"262557000000",1,2,7,2,29,3
"262565000000",2,2,7,2,17,2
"262565000000",2,2,6,7,36,2
"262568000000",2,2,14,1,32,2
"262568000000",2,2,12,1,33,2
"262568000000",2,2,7,1,26,NA
"262574000000",1,2,7,99,27,2
"262577000000",2,2,9,2,25,2
"262577000000",1,2,7,99,26,2
"262579000000",1,2,12,2,22,2
"262579000000",1,2,7,2,21,2
"262580000000",2,2,7,2,22,2
"262580000000",1,2,7,2,20,2
"262581000000",1,2,7,1,31,1
"262582000000",2,2,7,99,34,2
"262584000000",2,2,6,7,33,2
"262586000000",2,2,7,1,20,2
"262587000000",2,2,14,2,20,2
"262589000000",1,2,6,1,22,2
"262591000000",1,2,6,1,23,2
"262596000000",1,2,13,2,21,2
"262598000000",1,2,14,2,19,2
"262598000000",2,2,12,2,21,2
"262600000000",2,1,7,7,25,2
"262604000000",1,2,6,99,20,2
"262604000000",2,2,7,1,37,2
"262607000000",2,2,9,2,20,2
"262609000000",1,2,7,7,29,2
"262610000000",1,2,8,2,28,2
"262610000000",1,2,16,2,20,2
"262611000000",1,2,11,2,NA,2
"262613000000",1,2,7,1,24,NA
"262615000000",2,2,6,1,18,2
"262622000000",2,2,7,2,28,2
"262624000000",2,2,6,1,20,3
"262624000000",1,2,7,2,20,2
"262629000000",1,2,6,99,28,2
"262631000000",1,2,8,2,27,3
"262631000000",2,2,10,2,25,3
"262631000000",2,2,9,2,26,3
"262634000000",1,2,10,2,42,2
"262637000000",1,2,7,2,23,2
"262638000000",2,2,11,2,22,2
"262648000000",1,2,14,7,21,3
"262648000000",1,2,12,7,23,3
"262659000000",2,2,7,2,25,2
"262664000000",1,2,6,7,NA,2
"262666000000",1,2,6,1,31,1
"262668000000",1,2,6,7,18,3
"262669000000",1,2,7,2,23,2
"262674000000",2,2,8,2,17,3
"262674000000",2,2,7,2,18,3
"262675000000",2,2,6,1,23,2
"262679000000",1,2,13,1,19,2
"262679000000",1,2,11,1,21,2
"262680000000",1,2,7,2,16,2
"262683000000",2,2,6,99,20,2
"262686000000",1,2,7,2,19,2
"262691000000",2,2,6,2,26,2
"262691000000",1,2,6,2,21,2
"262695000000",1,2,7,2,39,2
"262696000000",2,2,7,2,40,2
"262696000000",2,2,8,99,39,2
"262699000000",2,2,7,7,37,2
"262699000000",1,2,7,7,38,2
