"RecNumbr","F1Age","F2Age","FOSFAMST","F1Race","F2Race","Transracial"
"240841000000",62,58,2,1,1,0
"241884000000",57,NA,3,2,NA,0
"241151000000",65,NA,NA,1,NA,0
"241165000000",27,30,1,1,1,0
"241625000000",49,NA,NA,2,NA,0
"251819000000",42,NA,NA,2,NA,0
"241660000000",54,51,1,1,7,1
"241694000000",56,NA,1,1,NA,0
"241903000000",52,NA,3,1,NA,0
"242135000000",39,NA,2,2,NA,0
"250115000000",47,51,NA,1,1,0
"250396000000",43,NA,1,2,NA,0
"260618000000",52,NA,3,2,NA,0
"260864000000",58,NA,NA,7,NA,0
"261128000000",56,NA,NA,2,NA,0
"261315000000",47,49,NA,2,2,0
"261492000000",55,NA,3,2,NA,0
"261630000000",39,NA,3,2,NA,0
"241706000000",39,38,1,1,1,0
"241734000000",46,47,3,4,1,1
"241800000000",39,NA,3,1,NA,0
"241824000000",41,38,1,1,1,0
"241832000000",58,57,NA,2,2,0
"241839000000",57,60,NA,1,1,0
"241848000000",63,65,NA,1,1,0
"241860000000",36,NA,2,1,NA,NA
"241864000000",59,62,NA,1,1,1
"241881000000",45,NA,NA,2,NA,0
"241894000000",NA,NA,NA,NA,NA,NA
"241895000000",61,62,1,2,2,0
"241918000000",43,NA,NA,1,NA,9
"241954000000",53,NA,3,2,NA,NA
"241959000000",38,NA,4,1,NA,0
"241963000000",49,49,NA,1,1,9
"241967000000",NA,NA,NA,NA,NA,NA
"241968000000",55,NA,NA,2,NA,0
"241968000000",NA,NA,NA,NA,NA,NA
"241970000000",NA,NA,NA,NA,NA,9
"241976000000",NA,NA,NA,NA,NA,NA
"241979000000",64,NA,NA,2,NA,NA
"241990000000",NA,NA,NA,NA,NA,NA
"241992000000",50,44,NA,1,2,0
"241997000000",NA,NA,NA,NA,NA,NA
"241998000000",NA,NA,NA,NA,NA,NA
"242005000000",NA,NA,NA,NA,NA,NA
"242049000000",NA,NA,NA,NA,NA,NA
"242070000000",55,NA,1,2,NA,0
"242125000000",51,NA,1,2,NA,0
"242135000000",NA,NA,NA,NA,NA,NA
"250268000000",65,NA,NA,2,NA,NA
"250328000000",43,NA,NA,2,NA,0
"250508000000",30,NA,NA,2,NA,0
"250902000000",43,NA,NA,1,NA,NA
"250956000000",39,40,3,7,7,0
"251694000000",NA,NA,NA,NA,NA,NA
"251694000000",43,45,1,7,7,2
"252025000000",NA,NA,NA,NA,NA,NA
"252184000000",57,NA,3,7,NA,0
"252185000000",53,NA,1,7,NA,9
"252200000000",45,NA,1,1,NA,NA
"252240000000",54,NA,3,2,NA,0
"252347000000",42,NA,1,3,NA,NA
"252380000000",NA,NA,NA,NA,NA,NA
"252526000000",NA,NA,NA,NA,NA,NA
"260170000000",32,NA,3,2,NA,0
"260307000000",NA,NA,NA,NA,NA,NA
"260505000000",NA,NA,NA,NA,NA,NA
"260873000000",NA,NA,NA,NA,NA,NA
"260969000000",59,NA,4,2,NA,9
"261206000000",48,50,1,4,4,2
"261424000000",49,NA,NA,7,NA,9
"261448000000",28,NA,1,7,NA,9
"261538000000",31,31,3,4,4,9
"261800000000",45,NA,3,2,NA,0
"262375000000",43,43,1,1,1,0
"262375000000",86,NA,NA,2,NA,NA
"262608000000",51,NA,NA,7,NA,NA
"241919000000",35,37,1,1,1,0
"241925000000",NA,NA,NA,NA,NA,NA
"241927000000",80,NA,3,2,NA,NA
"241941000000",NA,NA,NA,NA,NA,NA
"241946000000",NA,NA,NA,NA,NA,NA
"241952000000",NA,NA,NA,NA,NA,NA
"241959000000",52,52,1,1,1,0
"241960000000",NA,NA,NA,NA,NA,NA
"241972000000",NA,NA,NA,NA,NA,NA
"241977000000",NA,NA,NA,NA,NA,NA
"241978000000",NA,NA,NA,NA,NA,NA
"241980000000",NA,NA,NA,NA,NA,NA
"242007000000",35,37,NA,1,1,0
"242035000000",NA,NA,NA,NA,NA,NA
"242035000000",55,NA,3,2,NA,0
"242040000000",58,NA,3,1,NA,0
"242048000000",53,NA,3,2,NA,0
"242051000000",NA,NA,NA,NA,NA,NA
"242052000000",56,NA,3,1,NA,0
"242058000000",NA,NA,NA,NA,NA,NA
"242059000000",46,47,3,4,1,1
"242061000000",NA,NA,NA,NA,NA,NA
"242070000000",76,NA,3,2,NA,9
"242075000000",NA,NA,NA,NA,NA,NA
"242077000000",50,47,NA,1,1,0
"242078000000",46,45,1,1,1,1
"242080000000",39,NA,3,2,NA,0
"242083000000",NA,NA,NA,NA,NA,NA
"242084000000",NA,NA,NA,NA,NA,NA
"242086000000",57,59,1,1,1,0
"242089000000",34,NA,3,1,NA,0
"242097000000",37,NA,NA,1,NA,NA
"242103000000",32,38,1,1,1,0
"242104000000",58,NA,3,2,NA,0
"242109000000",67,NA,2,1,NA,0
"242110000000",NA,NA,NA,NA,NA,NA
"242114000000",49,50,1,2,2,3
"242115000000",NA,NA,NA,NA,NA,NA
"242122000000",NA,NA,NA,NA,NA,NA
"242124000000",NA,NA,NA,NA,NA,NA
"242124000000",NA,NA,NA,NA,NA,9
"242132000000",NA,NA,NA,NA,NA,NA
"242133000000",54,54,1,1,1,0
"242139000000",53,55,1,1,1,0
"242147000000",64,NA,3,2,NA,0
"242156000000",NA,NA,NA,NA,NA,NA
"242158000000",70,NA,3,2,NA,NA
"242173000000",43,NA,3,1,NA,0
"242185000000",NA,NA,NA,NA,NA,NA
"242188000000",52,NA,4,1,NA,0
"242193000000",NA,NA,NA,NA,NA,NA
"242194000000",NA,NA,NA,NA,NA,NA
"250143000000",51,NA,NA,2,NA,0
"250143000000",56,NA,NA,2,NA,0
"250146000000",48,NA,3,2,NA,0
"250234000000",NA,NA,NA,NA,NA,NA
"250256000000",40,42,1,2,7,0
"250388000000",50,NA,3,2,NA,0
"250395000000",57,70,3,2,2,0
"250500000000",NA,NA,NA,NA,NA,NA
"250527000000",NA,NA,NA,NA,NA,NA
"250535000000",NA,NA,NA,NA,NA,NA
"250547000000",49,NA,NA,2,NA,0
"250606000000",53,54,2,2,2,0
"250661000000",46,36,3,7,7,3
"250698000000",67,NA,NA,2,NA,9
"250828000000",NA,NA,NA,NA,NA,NA
"250828000000",45,NA,4,7,NA,NA
"250839000000",NA,NA,NA,NA,NA,NA
"251108000000",30,NA,3,2,NA,NA
"251138000000",NA,NA,NA,NA,NA,NA
"251244000000",34,36,1,1,1,1
"251282000000",33,NA,3,7,NA,NA
"251391000000",45,NA,1,1,NA,NA
"251469000000",NA,NA,NA,NA,NA,NA
"251488000000",58,57,NA,2,2,0
"251497000000",43,NA,3,1,NA,0
"251510000000",71,NA,3,2,NA,0
"251554000000",45,33,3,2,2,0
"251579000000",59,NA,3,7,NA,NA
"251649000000",67,NA,NA,2,NA,0
"251811000000",37,41,NA,2,2,0
"251820000000",47,NA,3,2,NA,0
"251834000000",57,NA,2,2,NA,0
"251955000000",31,47,1,1,1,0
"252004000000",NA,NA,NA,NA,NA,NA
"252041000000",55,NA,NA,2,NA,NA
"252053000000",NA,NA,NA,NA,NA,NA
"252090000000",NA,NA,NA,NA,NA,NA
"252161000000",NA,NA,NA,NA,NA,NA
"252209000000",49,50,1,1,1,0
"252212000000",37,37,1,1,1,9
"252220000000",NA,NA,NA,NA,NA,NA
"252221000000",NA,NA,NA,NA,NA,NA
"252222000000",52,NA,2,2,NA,0
"252222000000",NA,NA,NA,NA,NA,9
"252224000000",39,41,1,1,1,0
"252231000000",53,NA,NA,1,NA,0
"252234000000",NA,NA,NA,NA,NA,9
"252237000000",29,NA,3,1,NA,NA
"252251000000",64,NA,NA,7,NA,0
"252258000000",72,NA,3,7,NA,NA
"252258000000",NA,NA,NA,NA,NA,NA
"252259000000",53,NA,1,2,NA,0
"252260000000",39,51,1,2,2,0
"252271000000",72,NA,3,2,NA,0
"252278000000",45,46,NA,1,1,1
"252300000000",NA,NA,1,NA,NA,NA
"252308000000",NA,NA,NA,NA,NA,NA
"252327000000",45,45,2,7,2,0
"252344000000",38,42,2,1,1,0
"252347000000",64,62,1,2,2,0
"252347000000",64,62,1,2,2,0
"252350000000",58,NA,NA,2,NA,0
"252389000000",57,NA,4,2,NA,0
"252411000000",56,NA,NA,2,NA,0
"252412000000",35,NA,NA,2,NA,NA
"252421000000",NA,NA,NA,NA,NA,NA
"252429000000",51,NA,3,2,NA,0
"252444000000",NA,NA,NA,NA,NA,NA
"252452000000",59,NA,NA,2,NA,0
"252455000000",52,NA,1,7,NA,NA
"252492000000",44,NA,3,2,NA,NA
"252496000000",NA,NA,NA,NA,NA,NA
"252497000000",59,66,1,7,7,0
"252527000000",49,NA,2,2,NA,0
"252567000000",39,41,1,2,2,0
"252574000000",NA,NA,NA,NA,NA,NA
"252607000000",NA,NA,3,NA,NA,NA
"252620000000",44,56,NA,2,2,0
"252676000000",NA,NA,NA,NA,NA,NA
"252680000000",NA,NA,NA,NA,NA,NA
"260134000000",51,NA,NA,2,NA,NA
"260137000000",67,NA,1,7,NA,0
"260143000000",43,43,1,1,1,0
"260184000000",56,NA,NA,2,NA,0
"260232000000",38,38,1,2,2,0
"260238000000",NA,NA,NA,NA,NA,NA
"260238000000",55,NA,NA,2,NA,9
"260243000000",NA,NA,NA,NA,NA,NA
"260268000000",55,NA,NA,2,NA,0
"260282000000",73,NA,NA,2,NA,0
"260339000000",NA,NA,NA,NA,NA,NA
"260645000000",NA,NA,NA,NA,NA,NA
"260839000000",49,NA,NA,2,NA,0
"260930000000",56,NA,3,7,NA,NA
"260975000000",31,NA,NA,2,NA,9
"261121000000",35,NA,NA,2,NA,0
"261306000000",32,NA,3,2,NA,0
"261312000000",45,NA,NA,2,NA,0
"261315000000",47,49,NA,2,2,0
"261372000000",NA,NA,NA,NA,NA,9
"261530000000",55,NA,3,7,NA,NA
"261551000000",62,55,1,2,1,9
"261687000000",39,NA,NA,2,NA,0
"261691000000",41,NA,NA,2,NA,0
"261716000000",NA,NA,NA,NA,NA,NA
"261858000000",49,NA,3,2,NA,0
"261953000000",30,35,2,7,7,9
"261996000000",60,NA,3,2,NA,0
"262215000000",35,40,3,7,1,1
"262221000000",38,NA,2,7,NA,0
"262244000000",36,NA,NA,2,NA,0
"262251000000",55,NA,NA,7,NA,NA
"262366000000",57,NA,NA,7,NA,0
"262487000000",56,NA,NA,1,NA,0
"262501000000",72,NA,NA,7,NA,0
"262523000000",44,NA,NA,2,NA,0
"262610000000",55,53,3,2,2,0
"262639000000",49,NA,3,2,NA,0
"262668000000",71,74,3,2,2,0
"262672000000",38,NA,NA,2,NA,0
"262677000000",NA,NA,NA,NA,NA,NA
"262682000000",NA,NA,NA,NA,NA,NA
"262696000000",54,NA,3,2,NA,9
"10239993150",46,50,NA,1,1,0
"12337770030",55,NA,NA,2,NA,0
"242105000000",NA,NA,NA,NA,NA,NA
"242146000000",43,38,1,1,1,0
"242162000000",52,NA,4,1,NA,0
"242162000000",54,NA,NA,1,NA,0
"242162000000",NA,NA,NA,NA,NA,NA
"242165000000",NA,NA,NA,NA,NA,NA
"242178000000",NA,NA,NA,NA,NA,NA
"242185000000",NA,NA,NA,NA,NA,NA
"242194000000",64,66,NA,1,1,0
"242198000000",61,64,1,1,1,0
"250103000000",51,NA,3,2,NA,0
"250115000000",34,37,NA,1,1,0
"250118000000",34,31,NA,7,1,1
"250122000000",41,36,1,1,1,0
"250122000000",33,NA,NA,2,NA,NA
"250128000000",42,41,NA,7,7,0
"250133000000",NA,NA,NA,NA,NA,NA
"250139000000",NA,NA,NA,NA,NA,NA
"250139000000",45,NA,NA,2,NA,0
"250143000000",50,NA,NA,2,NA,0
"250151000000",46,NA,1,1,NA,0
"250179000000",NA,NA,NA,NA,NA,NA
"250201000000",40,NA,1,7,NA,NA
"250232000000",48,61,1,1,1,0
"250239000000",56,52,NA,2,2,0
"250270000000",NA,NA,NA,NA,NA,NA
"250273000000",47,43,NA,2,2,0
"250279000000",NA,NA,NA,NA,NA,NA
"250284000000",56,NA,3,7,NA,9
"250289000000",54,57,2,1,1,1
"250328000000",NA,NA,NA,NA,NA,NA
"250348000000",52,56,1,7,7,2
"250357000000",NA,NA,NA,NA,NA,NA
"250364000000",53,NA,3,2,NA,0
"250369000000",40,NA,NA,2,NA,0
"250394000000",44,NA,NA,2,NA,0
"250531000000",NA,NA,NA,NA,NA,NA
"250572000000",52,70,NA,1,1,1
"250577000000",45,NA,3,2,NA,0
"250596000000",NA,NA,NA,NA,NA,NA
"250606000000",41,NA,3,2,NA,0
"250666000000",52,NA,3,2,NA,0
"250820000000",38,NA,NA,2,NA,NA
"250820000000",54,NA,3,7,NA,0
"250842000000",50,47,NA,2,2,0
"250872000000",51,NA,3,2,NA,0
"250902000000",49,NA,3,2,NA,NA
"250918000000",47,NA,NA,7,NA,0
"250919000000",46,NA,3,2,NA,0
"250940000000",49,64,1,7,7,3
"250966000000",52,50,1,2,2,3
"250996000000",NA,NA,NA,NA,NA,NA
"251178000000",NA,NA,1,NA,NA,NA
"251199000000",66,NA,NA,7,NA,0
"251225000000",NA,NA,NA,NA,NA,NA
"251253000000",77,NA,3,7,NA,0
"251264000000",NA,NA,NA,NA,NA,NA
"251282000000",32,NA,3,7,NA,NA
"251283000000",48,NA,3,2,NA,0
"251288000000",NA,NA,NA,NA,NA,NA
"251379000000",43,33,4,2,2,3
"251436000000",NA,NA,NA,NA,NA,NA
"251477000000",58,62,NA,7,7,3
"251494000000",55,NA,NA,2,NA,0
"251511000000",NA,NA,NA,NA,NA,NA
"251531000000",33,37,NA,2,2,3
"251532000000",31,NA,3,7,NA,0
"251537000000",53,52,1,1,1,0
"251621000000",45,62,NA,7,7,0
"251638000000",NA,NA,NA,NA,NA,9
"251671000000",NA,NA,NA,NA,NA,NA
"251746000000",NA,NA,NA,NA,NA,NA
"251776000000",56,67,1,2,2,2
"251835000000",41,NA,NA,1,NA,NA
"251870000000",NA,NA,NA,NA,NA,9
"251878000000",NA,NA,NA,NA,NA,NA
"251969000000",48,NA,3,2,NA,0
"251995000000",NA,NA,NA,NA,NA,9
"252039000000",28,NA,4,7,NA,NA
"252067000000",46,NA,NA,1,NA,9
"252067000000",52,NA,3,2,NA,0
"252068000000",39,NA,3,7,NA,0
"252132000000",34,NA,NA,2,NA,0
"252146000000",47,NA,NA,2,NA,0
"252165000000",44,NA,3,7,NA,0
"252197000000",48,NA,NA,7,NA,NA
"252210000000",NA,NA,NA,NA,NA,NA
"252212000000",53,NA,NA,1,NA,0
"252216000000",NA,NA,NA,NA,NA,NA
"252242000000",47,NA,1,1,NA,0
"252244000000",50,NA,3,2,NA,0
"252247000000",67,NA,NA,2,NA,NA
"252250000000",NA,NA,NA,NA,NA,NA
"252253000000",50,52,1,1,1,0
"252255000000",57,NA,3,2,NA,0
"252256000000",70,NA,3,7,NA,NA
"252258000000",NA,NA,NA,NA,NA,NA
"252258000000",80,NA,3,2,NA,NA
"252263000000",NA,NA,NA,NA,NA,NA
"252264000000",NA,NA,NA,NA,NA,NA
"252266000000",NA,NA,NA,NA,NA,NA
"252266000000",NA,NA,NA,NA,NA,NA
"252273000000",57,NA,NA,2,NA,NA
"252275000000",NA,NA,NA,NA,NA,NA
"252276000000",NA,NA,NA,NA,NA,NA
"252287000000",46,44,1,1,1,0
"252287000000",53,60,1,1,1,0
"252292000000",42,NA,3,2,NA,0
"252293000000",NA,NA,NA,NA,NA,NA
"252297000000",NA,NA,NA,NA,NA,9
"252305000000",NA,NA,NA,NA,NA,NA
"252306000000",NA,NA,NA,NA,NA,NA
"252308000000",36,32,1,1,1,0
"252309000000",46,41,1,1,1,0
"252311000000",NA,NA,NA,NA,NA,NA
"252313000000",57,NA,NA,2,NA,0
"252316000000",47,45,1,1,1,0
"252319000000",37,55,1,1,1,0
"252322000000",51,56,1,1,1,0
"252322000000",NA,NA,NA,NA,NA,NA
"252323000000",NA,NA,NA,NA,NA,NA
"252324000000",45,46,NA,1,1,0
"252325000000",NA,NA,NA,NA,NA,NA
"252335000000",55,57,1,1,1,0
"252335000000",47,NA,NA,2,NA,9
"252337000000",68,67,NA,2,2,0
"252339000000",NA,NA,NA,NA,NA,NA
"252339000000",35,NA,4,2,NA,0
"252339000000",68,66,NA,1,1,0
"252347000000",NA,NA,NA,NA,NA,NA
"252347000000",59,NA,3,2,NA,9
"252352000000",66,NA,NA,2,NA,0
"252356000000",40,NA,1,1,NA,0
"252356000000",62,NA,3,2,NA,NA
"252358000000",NA,NA,NA,NA,NA,NA
"252361000000",59,NA,NA,1,NA,0
"252361000000",55,NA,3,2,NA,0
"252362000000",NA,NA,NA,NA,NA,NA
"252366000000",42,NA,1,2,NA,0
"252367000000",42,54,NA,2,2,9
"252369000000",NA,NA,NA,NA,NA,NA
"252370000000",NA,NA,NA,NA,NA,NA
"252372000000",40,45,1,1,2,9
"252372000000",40,45,1,1,2,9
"252376000000",43,37,1,1,1,0
"252380000000",NA,NA,NA,NA,NA,NA
"252382000000",43,41,1,1,1,0
"252384000000",NA,NA,NA,NA,NA,NA
"252392000000",NA,NA,NA,NA,NA,NA
"252393000000",59,63,1,1,1,0
"252399000000",48,51,1,1,1,0
"252401000000",50,51,1,2,2,0
"252401000000",46,47,3,4,1,1
"252404000000",45,NA,NA,2,NA,0
"252404000000",42,23,1,1,1,0
"252410000000",45,42,2,1,1,1
"252417000000",NA,NA,NA,NA,NA,NA
"252418000000",NA,NA,NA,NA,NA,NA
"252423000000",54,NA,NA,7,NA,NA
"252423000000",NA,NA,NA,NA,NA,9
"252424000000",NA,NA,NA,NA,NA,NA
"252426000000",NA,NA,NA,NA,NA,NA
"252427000000",42,43,1,7,7,9
"252427000000",NA,NA,NA,NA,NA,NA
"252429000000",NA,NA,NA,NA,NA,NA
"252433000000",78,49,1,2,2,0
"252439000000",51,50,1,1,1,0
"252440000000",NA,NA,NA,NA,NA,NA
"252444000000",39,NA,3,2,NA,9
"252445000000",59,62,NA,1,1,1
"252447000000",NA,NA,NA,NA,NA,NA
"252448000000",NA,NA,NA,NA,NA,NA
"252452000000",NA,NA,NA,NA,NA,NA
"252455000000",54,NA,3,2,NA,0
"252455000000",51,NA,1,7,NA,NA
"252461000000",NA,NA,NA,NA,NA,9
"252462000000",NA,NA,NA,NA,NA,NA
"252466000000",NA,NA,NA,NA,NA,NA
"252467000000",NA,NA,NA,NA,NA,NA
"252468000000",NA,NA,NA,NA,NA,NA
"252469000000",59,NA,3,2,NA,9
"252472000000",34,NA,3,2,NA,0
"252477000000",48,NA,3,2,NA,NA
"252478000000",NA,NA,NA,NA,NA,NA
"252482000000",NA,NA,NA,NA,NA,NA
"252491000000",48,48,1,2,2,0
"252497000000",54,NA,3,2,NA,NA
"252505000000",55,NA,NA,2,NA,NA
"252509000000",NA,NA,NA,NA,NA,NA
"252514000000",NA,NA,NA,NA,NA,NA
"252521000000",41,NA,NA,2,NA,0
"252566000000",52,NA,NA,2,NA,0
"252567000000",NA,NA,NA,NA,NA,NA
"252571000000",51,NA,3,2,NA,0
"252602000000",46,NA,3,2,NA,0
"252606000000",39,NA,3,2,NA,0
"252608000000",34,NA,NA,7,NA,NA
"252631000000",57,NA,NA,7,NA,NA
"252664000000",53,54,2,2,2,0
"260139000000",NA,NA,3,NA,NA,NA
"260153000000",63,NA,NA,7,NA,9
"260160000000",NA,NA,NA,NA,NA,NA
"260183000000",60,NA,3,2,NA,0
"260302000000",NA,NA,NA,NA,NA,NA
"260330000000",NA,NA,NA,NA,NA,NA
"260348000000",29,NA,3,2,NA,9
"260524000000",NA,NA,NA,NA,NA,NA
"260533000000",43,NA,3,2,NA,0
"260543000000",NA,NA,3,NA,NA,NA
"260544000000",34,NA,3,2,NA,NA
"260588000000",45,NA,3,2,NA,0
"260628000000",45,NA,3,2,NA,0
"260641000000",NA,NA,NA,NA,NA,NA
"260927000000",37,NA,NA,2,NA,0
"260930000000",NA,NA,NA,NA,NA,NA
"260998000000",NA,NA,NA,NA,NA,NA
"261126000000",84,84,NA,2,2,3
"261168000000",NA,NA,NA,NA,NA,9
"261188000000",NA,NA,NA,NA,NA,NA
"261198000000",NA,NA,NA,NA,NA,NA
"261214000000",NA,NA,NA,NA,NA,NA
"261371000000",49,NA,NA,2,NA,NA
"261374000000",55,54,1,7,7,2
"261597000000",55,NA,NA,2,NA,0
"261616000000",65,NA,NA,2,NA,0
"261720000000",NA,NA,NA,NA,NA,NA
"261749000000",53,45,1,7,7,3
"261853000000",37,NA,NA,7,NA,0
"261868000000",NA,NA,NA,NA,NA,NA
"261887000000",30,35,NA,1,7,0
"261913000000",44,NA,NA,2,NA,0
"261953000000",30,35,3,7,7,9
"262055000000",NA,NA,NA,NA,NA,NA
"262095000000",54,NA,3,2,NA,9
"262206000000",48,NA,3,2,NA,NA
"262231000000",56,54,1,1,1,0
"262244000000",35,NA,NA,2,NA,0
"262274000000",42,NA,NA,2,NA,0
"262285000000",52,NA,1,2,NA,NA
"262303000000",37,NA,NA,2,NA,0
"262315000000",62,NA,3,2,NA,NA
"262325000000",55,52,1,1,1,0
"262343000000",56,54,NA,2,2,0
"262380000000",NA,NA,NA,NA,NA,NA
"262401000000",65,NA,1,2,NA,0
"262458000000",45,43,NA,2,2,0
"262490000000",NA,NA,NA,NA,NA,NA
"262490000000",NA,NA,NA,NA,NA,NA
"262497000000",37,37,3,2,1,0
"262558000000",NA,NA,NA,NA,NA,NA
"262565000000",NA,NA,NA,NA,NA,NA
"262572000000",NA,NA,NA,NA,NA,NA
"262587000000",54,NA,1,2,NA,0
"262613000000",45,NA,4,2,NA,0
"12205659120",49,47,1,1,1,0
"12329082060",34,NA,3,2,NA,NA
"242109000000",NA,NA,NA,NA,NA,9
"250101000000",NA,NA,NA,NA,NA,NA
"250102000000",NA,NA,NA,NA,NA,9
"250102000000",NA,NA,NA,NA,NA,NA
"250105000000",NA,NA,NA,NA,NA,NA
"250111000000",82,NA,NA,2,NA,0
"250116000000",NA,NA,NA,NA,NA,NA
"250118000000",62,63,NA,2,2,3
"250120000000",NA,NA,NA,NA,NA,NA
"250125000000",NA,NA,NA,NA,NA,9
"250128000000",NA,NA,NA,NA,NA,NA
"250131000000",NA,NA,NA,NA,NA,NA
"250132000000",45,NA,3,2,NA,0
"250132000000",NA,NA,NA,NA,NA,NA
"250133000000",NA,NA,NA,NA,NA,NA
"250134000000",NA,NA,NA,NA,NA,NA
"250139000000",45,NA,NA,2,NA,0
"250146000000",NA,NA,NA,NA,NA,NA
"250146000000",48,NA,3,2,NA,0
"250150000000",NA,NA,NA,NA,NA,NA
"250151000000",68,NA,NA,7,NA,NA
"250154000000",48,50,3,1,1,0
"250157000000",46,42,NA,7,7,3
"250162000000",NA,NA,NA,NA,NA,NA
"250168000000",42,30,1,1,1,0
"250178000000",55,56,1,1,1,0
"250179000000",NA,NA,NA,NA,NA,NA
"250187000000",NA,NA,NA,NA,NA,9
"250195000000",36,NA,NA,2,NA,0
"250198000000",39,NA,NA,7,NA,0
"250199000000",55,56,2,2,2,0
"250228000000",NA,NA,NA,NA,NA,NA
"250239000000",39,38,3,2,2,0
"250247000000",NA,NA,NA,NA,NA,NA
"250256000000",NA,NA,3,NA,NA,NA
"250268000000",66,NA,NA,2,NA,NA
"250268000000",66,NA,NA,2,NA,NA
"250272000000",59,NA,NA,2,NA,0
"250289000000",59,NA,NA,7,NA,NA
"250300000000",NA,NA,NA,NA,NA,NA
"250302000000",33,NA,3,2,NA,0
"250308000000",NA,NA,NA,NA,NA,NA
"250313000000",50,40,1,2,1,1
"250327000000",46,NA,3,2,NA,0
"250362000000",58,NA,3,7,NA,NA
"250378000000",NA,NA,NA,NA,NA,NA
"250384000000",55,NA,2,2,NA,NA
"250386000000",NA,NA,NA,NA,NA,NA
"250388000000",37,37,NA,2,1,1
"250400000000",NA,NA,NA,NA,NA,NA
"250531000000",NA,NA,NA,NA,NA,NA
"250549000000",NA,NA,NA,NA,NA,NA
"250596000000",54,51,NA,1,1,0
"250616000000",NA,NA,NA,NA,NA,NA
"250647000000",54,50,NA,7,7,0
"250658000000",NA,NA,NA,NA,NA,NA
"250671000000",NA,NA,NA,NA,NA,NA
"250806000000",NA,NA,3,NA,NA,NA
"250807000000",51,NA,NA,7,NA,0
"250831000000",65,NA,3,2,NA,9
"250838000000",52,NA,3,2,NA,0
"250871000000",NA,NA,NA,NA,NA,NA
"250877000000",NA,NA,NA,NA,NA,NA
"250919000000",45,NA,3,2,NA,0
"250938000000",51,50,1,2,2,9
"250966000000",NA,NA,NA,NA,NA,NA
"250986000000",NA,NA,NA,NA,NA,9
"250996000000",NA,NA,NA,NA,NA,NA
"251163000000",58,NA,NA,2,NA,NA
"251193000000",44,49,1,1,1,0
"251203000000",NA,NA,NA,NA,NA,NA
"251204000000",NA,NA,2,NA,NA,NA
"251322000000",47,NA,NA,2,NA,0
"251327000000",61,63,NA,1,1,1
"251369000000",NA,NA,NA,NA,NA,NA
"251400000000",NA,NA,NA,NA,NA,NA
"251412000000",NA,NA,3,NA,NA,NA
"251452000000",NA,NA,NA,NA,NA,NA
"251497000000",44,NA,3,1,NA,0
"251529000000",55,NA,NA,7,NA,NA
"251531000000",56,55,1,7,7,2
"251574000000",NA,NA,3,NA,NA,NA
"251579000000",59,NA,3,7,NA,NA
"251582000000",NA,NA,NA,NA,NA,NA
"251649000000",NA,NA,2,NA,NA,NA
"251652000000",NA,NA,NA,NA,NA,NA
"251664000000",NA,NA,NA,NA,NA,NA
"251770000000",53,NA,2,2,NA,0
"251773000000",NA,NA,NA,NA,NA,NA
"251797000000",70,59,3,2,2,0
"251798000000",47,57,NA,7,2,0
"251835000000",40,NA,NA,1,NA,NA
"251841000000",57,NA,NA,7,NA,NA
"251849000000",58,NA,3,7,NA,NA
"251863000000",43,NA,NA,2,NA,9
"251871000000",60,NA,3,2,NA,0
"251877000000",NA,NA,NA,NA,NA,NA
"251883000000",NA,NA,NA,NA,NA,NA
"251888000000",50,NA,3,7,NA,0
"251951000000",49,53,1,2,2,0
"252138000000",50,60,NA,2,2,0
"252141000000",49,43,2,7,7,2
"252178000000",58,NA,3,7,NA,0
"252185000000",46,NA,NA,7,NA,NA
"252348000000",NA,NA,NA,NA,NA,NA
"252353000000",NA,NA,NA,NA,NA,NA
"252382000000",56,63,1,1,1,9
"252395000000",62,NA,3,1,NA,0
"252397000000",35,39,1,1,1,0
"252398000000",56,NA,3,1,NA,0
"252422000000",48,46,2,2,1,0
"252441000000",NA,NA,NA,NA,NA,NA
"252445000000",NA,NA,NA,NA,NA,NA
"252448000000",NA,NA,NA,NA,NA,NA
"252450000000",NA,NA,NA,NA,NA,NA
"252453000000",48,NA,NA,2,NA,NA
"252455000000",NA,NA,NA,NA,NA,NA
"252458000000",44,NA,1,1,NA,9
"252470000000",41,55,1,1,1,0
"252475000000",NA,NA,NA,NA,NA,NA
"252476000000",57,NA,3,1,NA,0
"252480000000",65,58,1,1,1,0
"252481000000",64,65,1,2,2,0
"252486000000",57,NA,1,1,NA,0
"252487000000",NA,NA,NA,NA,NA,NA
"252489000000",57,NA,3,2,NA,NA
"252490000000",NA,NA,NA,NA,NA,NA
"252491000000",47,NA,3,2,NA,0
"252494000000",NA,NA,3,NA,NA,NA
"252494000000",44,36,NA,1,1,0
"252494000000",35,37,NA,1,1,1
"252494000000",NA,NA,NA,NA,NA,NA
"252503000000",64,61,NA,1,1,9
"252503000000",NA,NA,NA,NA,NA,NA
"252513000000",55,52,NA,2,2,0
"252517000000",58,NA,3,2,NA,NA
"252518000000",NA,NA,NA,NA,NA,NA
"252518000000",60,NA,NA,2,NA,0
"252519000000",44,48,1,2,2,2
"252521000000",43,45,4,1,1,0
"252523000000",69,NA,3,1,NA,0
"252524000000",63,63,1,1,1,0
"252528000000",38,36,NA,3,4,2
"252533000000",NA,NA,NA,NA,NA,9
"252535000000",39,38,1,1,1,0
"252537000000",44,45,2,2,2,0
"252541000000",NA,NA,1,NA,NA,NA
"252541000000",77,NA,NA,2,NA,0
"252554000000",53,NA,3,1,NA,0
"252555000000",NA,NA,NA,NA,NA,NA
"252556000000",NA,NA,NA,NA,NA,NA
"252558000000",NA,NA,NA,NA,NA,9
"252564000000",45,47,NA,1,1,0
"252565000000",57,NA,1,1,NA,0
"252566000000",NA,NA,NA,NA,NA,NA
"252567000000",50,NA,1,2,NA,0
"252576000000",NA,NA,NA,NA,NA,NA
"252578000000",44,41,1,1,1,1
"252579000000",55,54,1,1,1,0
"252579000000",NA,NA,NA,NA,NA,NA
"252591000000",NA,NA,NA,NA,NA,NA
"252594000000",NA,NA,NA,NA,NA,NA
"252602000000",52,57,NA,1,1,1
"252605000000",NA,NA,NA,NA,NA,NA
"252605000000",57,NA,3,2,NA,NA
"252605000000",55,NA,3,2,NA,0
"252607000000",NA,NA,NA,NA,NA,9
"252611000000",NA,NA,NA,NA,NA,9
"252611000000",64,65,1,1,1,0
"252613000000",NA,NA,NA,NA,NA,NA
"252615000000",77,NA,NA,2,NA,0
"252621000000",59,53,NA,1,1,0
"252622000000",58,NA,1,1,NA,NA
"252626000000",44,NA,1,2,NA,9
"252626000000",NA,NA,NA,NA,NA,NA
"252630000000",50,54,1,2,2,0
"252631000000",50,44,1,1,2,0
"252631000000",50,NA,3,2,NA,0
"252632000000",53,NA,3,2,NA,0
"252634000000",44,NA,3,2,NA,NA
"252636000000",52,54,1,7,1,0
"252638000000",42,37,1,1,1,0
"252639000000",46,NA,3,7,NA,9
"252639000000",NA,NA,NA,NA,NA,NA
"252641000000",NA,NA,NA,NA,NA,NA
"252642000000",41,38,1,1,1,0
"252644000000",NA,NA,3,NA,NA,NA
"252648000000",44,NA,1,2,NA,0
"252655000000",NA,NA,NA,NA,NA,NA
"252657000000",NA,NA,NA,NA,NA,NA
"252660000000",NA,NA,NA,NA,NA,NA
"252660000000",NA,NA,NA,NA,NA,NA
"252670000000",65,64,1,2,2,2
"252678000000",NA,NA,NA,NA,NA,NA
"252678000000",38,NA,1,2,NA,0
"252682000000",47,45,1,1,1,0
"252686000000",52,NA,NA,7,NA,0
"252686000000",NA,NA,NA,NA,NA,NA
"252687000000",NA,NA,NA,NA,NA,NA
"252697000000",59,66,1,7,7,0
"252699000000",NA,NA,NA,NA,NA,NA
"260137000000",68,NA,1,7,NA,0
"260142000000",55,69,NA,2,2,3
"260159000000",36,39,1,1,1,9
"260182000000",52,67,1,2,2,2
"260223000000",43,48,1,2,2,0
"260236000000",34,NA,NA,2,NA,0
"260238000000",38,47,3,7,2,2
"260256000000",39,NA,3,2,NA,0
"260293000000",41,NA,3,2,NA,NA
"260318000000",53,NA,1,7,NA,0
"260352000000",NA,NA,NA,NA,NA,NA
"260509000000",NA,NA,NA,NA,NA,NA
"260515000000",NA,NA,NA,NA,NA,NA
"260534000000",41,NA,NA,7,NA,0
"260584000000",39,NA,3,7,NA,0
"260607000000",NA,NA,3,NA,NA,NA
"260612000000",63,59,NA,2,2,2
"260628000000",45,NA,3,2,NA,0
"260638000000",45,NA,NA,2,NA,0
"260839000000",49,NA,NA,2,NA,0
"260931000000",NA,NA,1,NA,NA,NA
"260976000000",61,NA,1,2,NA,0
"260979000000",66,66,NA,2,2,0
"261114000000",37,NA,3,2,NA,0
"261163000000",67,NA,NA,2,NA,NA
"261168000000",NA,NA,NA,NA,NA,NA
"261198000000",37,NA,NA,2,NA,NA
"261216000000",37,NA,NA,7,NA,NA
"261225000000",44,41,NA,2,2,0
"261312000000",45,NA,NA,2,NA,0
"261312000000",45,NA,NA,2,NA,0
"261375000000",NA,NA,NA,NA,NA,NA
"261379000000",54,NA,3,2,NA,0
"261489000000",69,NA,3,2,NA,0
"261492000000",55,NA,3,2,NA,9
"261496000000",52,49,1,1,1,0
"261536000000",58,57,NA,4,4,0
"261551000000",62,55,1,2,1,9
"261571000000",70,NA,NA,2,NA,0
"261629000000",NA,NA,NA,NA,NA,NA
"261662000000",66,NA,NA,7,NA,NA
"261704000000",34,NA,4,2,NA,0
"261710000000",43,NA,NA,7,NA,9
"261721000000",58,NA,3,1,NA,NA
"261776000000",47,43,NA,2,2,0
"261814000000",40,47,NA,7,7,3
"261902000000",33,NA,NA,2,NA,0
"261932000000",NA,NA,NA,NA,NA,9
"262044000000",34,NA,3,2,NA,0
"262113000000",NA,NA,NA,NA,NA,NA
"262180000000",27,NA,3,2,NA,9
"262216000000",51,NA,1,7,NA,NA
"262245000000",41,42,2,2,2,3
"262250000000",NA,NA,3,NA,NA,NA
"262269000000",41,NA,NA,7,NA,NA
"262285000000",51,NA,3,2,NA,NA
"262285000000",50,NA,NA,2,NA,0
"262303000000",37,NA,3,2,NA,0
"262312000000",43,NA,NA,2,NA,0
"262324000000",55,53,2,1,1,0
"262343000000",65,NA,NA,2,NA,0
"262460000000",63,NA,3,7,NA,NA
"262474000000",68,NA,NA,7,NA,NA
"262490000000",53,NA,3,2,NA,0
"262501000000",72,NA,NA,7,NA,0
"262511000000",18,67,1,2,2,0
"262533000000",48,45,1,1,1,0
"262566000000",76,NA,NA,2,NA,0
"262590000000",72,72,1,2,2,0
"262598000000",51,NA,NA,2,NA,0
"262672000000",38,NA,NA,2,NA,0
"262697000000",NA,NA,NA,NA,NA,NA
"10244506090",46,56,NA,7,7,3
"12218650190",47,47,1,1,1,0
"241907000000",38,56,NA,1,1,0
"250100000000",65,NA,1,1,NA,0
"250102000000",NA,NA,NA,NA,NA,NA
"250106000000",58,68,NA,1,1,0
"250117000000",NA,NA,NA,NA,NA,NA
"250125000000",NA,NA,NA,NA,NA,NA
"250126000000",NA,NA,NA,NA,NA,NA
"250128000000",NA,NA,NA,NA,NA,NA
"250129000000",45,NA,1,2,NA,0
"250131000000",49,47,1,1,1,0
"250131000000",NA,NA,NA,NA,NA,NA
"250131000000",NA,NA,NA,NA,NA,NA
"250134000000",49,42,1,1,1,0
"250135000000",41,60,NA,2,2,3
"250136000000",NA,NA,NA,NA,NA,NA
"250136000000",43,51,1,2,2,0
"250138000000",NA,NA,NA,NA,NA,NA
"250141000000",58,57,3,7,2,2
"250144000000",50,54,1,2,2,0
"250145000000",NA,NA,NA,NA,NA,NA
"250151000000",61,62,1,2,2,0
"250157000000",56,NA,3,2,NA,0
"250162000000",43,NA,3,2,NA,0
"250163000000",NA,NA,NA,NA,NA,NA
"250164000000",63,66,1,1,1,9
"250171000000",60,NA,3,2,NA,0
"250179000000",44,48,1,1,1,0
"250179000000",39,NA,3,1,NA,0
"250179000000",55,NA,3,2,NA,0
"250182000000",NA,NA,NA,NA,NA,NA
"250186000000",63,63,1,1,1,0
"250200000000",44,NA,1,1,NA,9
"250202000000",NA,NA,NA,NA,NA,NA
"250205000000",63,NA,NA,7,NA,0
"250206000000",38,NA,3,2,NA,0
"250208000000",55,52,1,1,7,1
"250209000000",NA,NA,NA,NA,NA,NA
"250209000000",40,NA,3,1,NA,0
"250212000000",68,NA,3,1,NA,0
"250218000000",61,NA,NA,1,NA,0
"250224000000",NA,NA,NA,NA,NA,9
"250226000000",62,NA,NA,7,NA,NA
"250230000000",NA,NA,NA,NA,NA,NA
"250233000000",63,64,NA,1,1,0
"250236000000",48,50,NA,1,1,0
"250239000000",60,NA,4,2,NA,NA
"250239000000",55,NA,3,1,NA,0
"250240000000",56,56,1,1,1,0
"250242000000",59,62,NA,1,1,1
"250244000000",42,NA,NA,2,NA,0
"250246000000",NA,NA,1,NA,NA,NA
"250246000000",NA,NA,NA,NA,NA,NA
"250247000000",NA,NA,NA,NA,NA,NA
"250248000000",NA,NA,NA,NA,NA,NA
"250248000000",38,39,2,1,1,9
"250252000000",NA,NA,NA,NA,NA,NA
"250257000000",68,66,4,1,1,0
"250260000000",43,45,1,1,1,0
"250261000000",72,NA,3,1,NA,0
"250261000000",NA,NA,NA,NA,NA,NA
"250262000000",52,NA,1,2,NA,0
"250265000000",61,NA,3,1,NA,0
"250266000000",57,NA,3,2,NA,9
"250269000000",NA,NA,NA,NA,NA,9
"250270000000",49,48,1,1,1,0
"250273000000",NA,NA,NA,NA,NA,NA
"250274000000",NA,NA,NA,NA,NA,NA
"250277000000",56,57,1,2,2,2
"250279000000",67,71,NA,2,2,0
"250282000000",68,NA,NA,7,NA,NA
"250285000000",31,NA,NA,7,NA,NA
"250285000000",NA,NA,3,NA,NA,NA
"250285000000",NA,NA,NA,NA,NA,NA
"250285000000",64,57,1,3,2,0
"250286000000",49,54,NA,2,2,3
"250287000000",45,47,1,1,1,0
"250287000000",70,72,NA,7,7,0
"250291000000",NA,NA,NA,NA,NA,NA
"250293000000",NA,NA,NA,NA,NA,NA
"250294000000",57,59,1,1,1,0
"250294000000",64,NA,3,1,NA,NA
"250295000000",61,62,1,2,2,0
"250301000000",37,31,1,1,1,0
"250307000000",35,39,1,1,1,9
"250307000000",NA,NA,NA,NA,NA,NA
"250307000000",51,53,1,1,1,1
"250309000000",NA,NA,NA,NA,NA,NA
"250309000000",64,70,NA,2,2,0
"250322000000",50,51,NA,2,2,3
"250323000000",NA,NA,NA,NA,NA,NA
"250332000000",NA,NA,NA,NA,NA,NA
"250332000000",45,48,1,1,1,0
"250339000000",46,NA,3,2,NA,0
"250344000000",67,NA,3,7,NA,NA
"250345000000",59,NA,NA,7,NA,9
"250348000000",52,56,1,7,7,2
"250349000000",48,51,NA,2,2,0
"250350000000",61,NA,3,7,NA,NA
"250354000000",NA,NA,NA,NA,NA,NA
"250355000000",44,NA,3,2,NA,0
"250356000000",42,NA,NA,2,NA,0
"250362000000",38,NA,3,7,NA,NA
"250362000000",NA,NA,NA,NA,NA,NA
"250363000000",66,NA,NA,2,NA,0
"250366000000",49,NA,3,2,NA,0
"250368000000",62,NA,3,2,NA,0
"250368000000",54,NA,NA,2,NA,0
"250370000000",NA,NA,NA,NA,NA,NA
"250370000000",NA,NA,3,NA,NA,NA
"250374000000",62,NA,3,2,NA,9
"250377000000",52,NA,3,2,NA,0
"250386000000",39,NA,NA,2,NA,0
"250393000000",45,46,NA,7,7,2
"250395000000",54,NA,NA,7,NA,NA
"250397000000",58,NA,NA,2,NA,0
"250502000000",NA,NA,NA,NA,NA,NA
"250508000000",44,41,1,1,1,1
"250509000000",NA,NA,NA,NA,NA,NA
"250509000000",77,48,1,2,2,0
"250509000000",NA,NA,NA,NA,NA,NA
"250514000000",48,NA,3,2,NA,0
"250526000000",37,NA,4,7,NA,9
"250544000000",NA,NA,NA,NA,NA,NA
"250547000000",36,NA,3,2,NA,0
"250547000000",56,NA,3,2,NA,0
"250561000000",51,59,4,7,7,2
"250563000000",60,NA,3,2,NA,NA
"250567000000",49,NA,NA,7,NA,0
"250569000000",NA,NA,NA,NA,NA,9
"250572000000",52,70,NA,1,1,1
"250598000000",NA,NA,NA,NA,NA,NA
"250603000000",38,36,NA,3,4,2
"250606000000",NA,NA,3,NA,NA,NA
"250607000000",48,NA,NA,2,NA,NA
"250622000000",66,66,NA,2,2,0
"250626000000",NA,NA,NA,NA,NA,NA
"250650000000",60,NA,3,2,NA,NA
"250659000000",51,NA,NA,7,NA,NA
"250692000000",NA,NA,NA,NA,NA,NA
"250693000000",58,60,1,2,2,3
"250695000000",45,NA,NA,7,NA,NA
"250809000000",58,NA,2,2,NA,0
"250820000000",53,64,3,7,7,0
"250860000000",64,NA,NA,2,NA,NA
"250860000000",NA,NA,NA,NA,NA,NA
"250862000000",68,67,3,2,2,0
"250894000000",NA,NA,NA,NA,NA,NA
"250912000000",45,NA,NA,2,NA,9
"250915000000",56,NA,3,2,NA,NA
"250924000000",NA,NA,NA,NA,NA,NA
"250959000000",61,NA,3,2,NA,0
"250966000000",NA,NA,NA,NA,NA,NA
"250975000000",51,50,1,1,1,0
"250990000000",NA,NA,NA,NA,NA,NA
"251101000000",64,NA,NA,7,NA,0
"251204000000",NA,NA,NA,NA,NA,NA
"251260000000",49,NA,NA,2,NA,0
"251265000000",56,57,1,2,2,0
"251282000000",32,NA,3,7,NA,NA
"251291000000",67,NA,3,2,NA,0
"251303000000",55,NA,3,2,NA,0
"251303000000",55,NA,3,2,NA,0
"251308000000",50,52,1,1,1,0
"251321000000",NA,NA,NA,NA,NA,NA
"251322000000",NA,NA,3,NA,NA,NA
"251352000000",30,33,1,2,2,0
"251354000000",39,41,NA,2,2,9
"251385000000",NA,NA,NA,NA,NA,NA
"251388000000",NA,NA,NA,NA,NA,NA
"251409000000",48,NA,3,2,NA,0
"251425000000",59,NA,1,2,NA,0
"251452000000",78,NA,NA,2,NA,0
"251494000000",75,NA,NA,2,NA,0
"251524000000",50,NA,3,2,NA,0
"251528000000",37,NA,NA,7,NA,0
"251540000000",54,NA,4,2,NA,0
"251540000000",48,41,3,2,2,0
"251540000000",48,41,3,2,2,0
"251550000000",48,44,1,2,7,0
"251591000000",31,NA,NA,2,NA,0
"251593000000",59,54,3,2,2,0
"251596000000",48,NA,3,2,NA,9
"251596000000",62,NA,NA,2,NA,0
"251608000000",66,NA,NA,2,NA,NA
"251664000000",41,41,1,2,2,9
"251670000000",53,NA,1,2,NA,0
"251687000000",40,NA,4,2,NA,NA
"251720000000",39,NA,NA,7,NA,NA
"251726000000",NA,NA,NA,NA,NA,NA
"251740000000",61,58,NA,2,2,0
"251741000000",55,NA,3,7,NA,NA
"251758000000",62,NA,3,7,NA,0
"251770000000",52,NA,2,2,NA,0
"251836000000",37,37,1,1,1,9
"251838000000",NA,NA,NA,NA,NA,NA
"251857000000",33,NA,3,2,NA,NA
"251866000000",51,NA,NA,2,NA,0
"251899000000",NA,NA,NA,NA,NA,NA
"251905000000",23,NA,NA,7,NA,NA
"251939000000",NA,NA,NA,NA,NA,NA
"251969000000",NA,NA,NA,NA,NA,NA
"251973000000",47,NA,NA,2,NA,NA
"251981000000",72,NA,NA,2,NA,0
"251994000000",NA,NA,NA,NA,NA,NA
"252017000000",48,49,1,7,7,0
"252032000000",48,NA,1,2,NA,NA
"252055000000",60,NA,3,7,NA,NA
"252115000000",69,NA,3,2,NA,0
"252121000000",NA,NA,NA,NA,NA,NA
"252150000000",NA,NA,NA,NA,NA,NA
"252199000000",61,NA,3,7,NA,0
"252631000000",47,45,1,1,1,0
"252631000000",NA,NA,NA,NA,NA,NA
"252632000000",41,36,1,1,1,0
"252634000000",NA,NA,NA,NA,NA,NA
"252636000000",53,NA,1,1,NA,0
"252645000000",53,NA,1,1,NA,0
"252646000000",56,63,1,1,1,9
"252662000000",NA,NA,NA,NA,NA,NA
"252677000000",52,55,2,1,1,0
"252680000000",45,43,1,1,1,0
"252689000000",57,NA,NA,2,NA,0
"252690000000",NA,NA,NA,NA,NA,NA
"252694000000",55,61,1,1,1,0
"252695000000",55,NA,NA,1,NA,0
"260111000000",38,NA,3,2,NA,0
"260160000000",43,NA,NA,2,NA,0
"260199000000",NA,NA,NA,NA,NA,NA
"260201000000",60,56,NA,7,7,0
"260223000000",43,48,1,2,2,9
"260249000000",NA,NA,NA,NA,NA,NA
"260337000000",NA,NA,NA,NA,NA,NA
"260350000000",53,49,NA,7,7,0
"260371000000",NA,NA,NA,NA,NA,NA
"260377000000",NA,NA,NA,NA,NA,NA
"260383000000",49,NA,1,2,NA,0
"260515000000",NA,NA,NA,NA,NA,NA
"260524000000",46,NA,NA,2,NA,NA
"260534000000",NA,NA,NA,NA,NA,NA
"260586000000",48,NA,NA,2,NA,0
"260645000000",NA,NA,NA,NA,NA,NA
"260662000000",64,NA,3,2,NA,NA
"260688000000",73,NA,1,2,NA,0
"260845000000",64,68,NA,7,7,0
"260893000000",37,NA,4,7,NA,NA
"260956000000",53,NA,NA,2,NA,0
"260959000000",65,NA,3,2,NA,0
"261112000000",78,NA,4,2,NA,0
"261191000000",63,NA,3,2,NA,0
"261315000000",47,49,NA,2,2,0
"261315000000",56,48,1,7,7,2
"261324000000",69,NA,NA,7,NA,0
"261337000000",51,NA,3,2,NA,9
"261364000000",44,47,NA,2,2,2
"261424000000",49,NA,NA,7,NA,NA
"261502000000",30,31,1,1,1,1
"261578000000",55,50,1,2,2,0
"261581000000",NA,NA,NA,NA,NA,NA
"261593000000",45,NA,NA,2,NA,0
"261651000000",44,NA,3,1,NA,0
"261656000000",56,49,NA,7,7,2
"261677000000",NA,NA,3,NA,NA,NA
"261699000000",NA,NA,NA,NA,NA,NA
"261735000000",52,NA,3,7,NA,NA
"261800000000",56,NA,NA,7,NA,NA
"261862000000",NA,NA,NA,NA,NA,NA
"261887000000",30,35,NA,1,7,0
"262032000000",56,NA,NA,2,NA,0
"262106000000",44,NA,3,2,NA,0
"262146000000",80,NA,3,2,NA,0
"262214000000",NA,NA,NA,NA,NA,NA
"262232000000",NA,NA,NA,NA,NA,NA
"262239000000",67,62,1,2,2,9
"262239000000",67,62,1,2,2,9
"262258000000",NA,NA,NA,NA,NA,NA
"262300000000",60,65,1,2,2,0
"262305000000",67,68,NA,2,2,0
"262315000000",59,NA,3,2,NA,NA
"262315000000",48,NA,NA,7,NA,NA
"262322000000",59,NA,1,7,NA,NA
"262358000000",41,NA,NA,7,NA,0
"262373000000",38,38,3,2,2,3
"262427000000",59,NA,NA,7,NA,NA
"262442000000",51,NA,NA,2,NA,NA
"262468000000",51,53,NA,1,1,0
"262482000000",NA,NA,NA,NA,NA,NA
"262499000000",80,NA,NA,2,NA,0
"262521000000",NA,NA,NA,NA,NA,NA
"262532000000",65,NA,NA,2,NA,NA
"262537000000",50,NA,NA,2,NA,0
"262568000000",62,51,NA,1,1,0
"262603000000",NA,NA,NA,NA,NA,NA
"262634000000",55,NA,1,7,NA,9
"262648000000",61,NA,3,1,NA,NA
"262649000000",54,NA,2,2,NA,0
"262679000000",46,NA,NA,7,NA,NA
"262690000000",48,54,1,2,2,0
"10239994130",46,50,NA,1,1,0
"12342206180",NA,NA,1,NA,NA,NA
"12538288200",NA,NA,NA,NA,NA,NA
"250253000000",52,NA,2,1,NA,9
"250297000000",NA,NA,NA,NA,NA,NA
"250309000000",NA,NA,NA,NA,NA,NA
"250310000000",63,NA,1,1,NA,0
"250315000000",55,NA,3,1,NA,0
"250318000000",81,81,NA,2,2,3
"250320000000",45,NA,4,2,NA,9
"250327000000",44,48,1,2,2,2
"250350000000",NA,NA,NA,NA,NA,9
"250351000000",NA,NA,NA,NA,NA,NA
"250365000000",43,56,1,7,7,3
"250376000000",61,68,1,1,1,0
"250380000000",46,42,1,1,1,0
"250384000000",NA,NA,NA,NA,NA,NA
"250387000000",NA,NA,NA,NA,NA,NA
"250397000000",NA,NA,NA,NA,NA,NA
"250505000000",56,63,1,1,1,9
"250513000000",44,42,1,1,1,0
"250520000000",65,64,1,2,2,2
"250524000000",47,48,4,2,2,0
"250527000000",52,NA,3,2,NA,NA
"250528000000",NA,NA,NA,NA,NA,NA
"250529000000",NA,NA,NA,NA,NA,NA
"250536000000",48,49,1,1,1,9
"250541000000",64,NA,NA,1,NA,0
"250545000000",47,NA,NA,2,NA,0
"250549000000",52,NA,1,1,NA,0
"250550000000",58,NA,3,7,NA,0
"250550000000",NA,NA,NA,NA,NA,NA
"250554000000",55,59,1,1,1,0
"250556000000",67,NA,3,1,NA,0
"250562000000",NA,NA,NA,NA,NA,NA
"250565000000",70,64,NA,7,7,2
"250572000000",57,55,NA,1,1,0
"250575000000",NA,NA,NA,NA,NA,NA
"250575000000",NA,NA,NA,NA,NA,NA
"250578000000",NA,NA,NA,NA,NA,NA
"250579000000",NA,NA,NA,NA,NA,NA
"250579000000",33,NA,3,7,NA,NA
"250581000000",44,NA,NA,2,NA,9
"250582000000",48,48,1,1,1,1
"250587000000",NA,NA,NA,NA,NA,NA
"250591000000",63,NA,3,1,NA,NA
"250592000000",63,NA,NA,7,NA,0
"250594000000",61,NA,3,2,NA,0
"250595000000",NA,NA,NA,NA,NA,NA
"250596000000",NA,NA,NA,NA,NA,NA
"250596000000",NA,NA,NA,NA,NA,NA
"250598000000",59,57,1,1,1,0
"250598000000",49,NA,3,1,NA,0
"250599000000",NA,NA,NA,NA,NA,NA
"250599000000",55,52,1,1,7,1
"250602000000",57,63,1,1,1,0
"250606000000",53,54,2,2,2,0
"250612000000",53,NA,NA,2,NA,0
"250613000000",52,45,1,1,1,0
"250620000000",41,46,3,1,1,0
"250620000000",61,NA,NA,7,NA,NA
"250625000000",61,NA,3,2,NA,0
"250626000000",NA,NA,NA,NA,NA,NA
"250627000000",60,NA,3,1,NA,0
"250629000000",NA,NA,NA,NA,NA,NA
"250634000000",37,NA,3,1,NA,0
"250635000000",53,55,1,1,1,0
"250637000000",NA,NA,NA,NA,NA,NA
"250637000000",68,69,1,1,1,0
"250641000000",53,50,1,1,1,0
"250643000000",53,NA,3,2,NA,0
"250647000000",52,NA,3,2,NA,0
"250648000000",30,NA,3,2,NA,0
"250650000000",59,NA,NA,2,NA,0
"250652000000",NA,NA,3,NA,NA,NA
"250661000000",NA,NA,NA,NA,NA,NA
"250664000000",52,NA,NA,1,NA,0
"250664000000",NA,NA,NA,NA,NA,NA
"250665000000",31,NA,3,7,NA,9
"250670000000",59,57,1,1,1,0
"250670000000",38,32,1,1,1,0
"250679000000",31,31,NA,1,7,9
"250679000000",52,47,1,1,1,0
"250681000000",NA,NA,NA,NA,NA,NA
"250688000000",NA,NA,NA,NA,NA,NA
"250691000000",51,50,3,1,1,0
"250694000000",46,47,NA,1,1,1
"250694000000",47,48,1,1,1,0
"250695000000",NA,NA,NA,NA,NA,NA
"250700000000",NA,NA,NA,NA,NA,NA
"250800000000",NA,NA,NA,NA,NA,NA
"250800000000",70,72,NA,7,7,0
"250802000000",NA,NA,NA,NA,NA,NA
"250810000000",47,48,1,1,1,1
"250810000000",NA,NA,NA,NA,NA,NA
"250811000000",53,NA,3,7,NA,0
"250816000000",57,62,NA,1,1,0
"250819000000",NA,NA,1,NA,NA,NA
"250820000000",60,NA,NA,2,NA,NA
"250823000000",49,NA,NA,7,NA,0
"250824000000",42,NA,3,2,NA,0
"250828000000",NA,NA,NA,NA,NA,NA
"250829000000",46,NA,3,7,NA,NA
"250834000000",43,43,1,1,1,0
"250836000000",64,NA,3,2,NA,0
"250836000000",45,NA,3,2,NA,0
"250847000000",NA,NA,NA,NA,NA,NA
"250849000000",61,62,3,2,2,0
"250853000000",53,NA,NA,7,NA,0
"250854000000",51,57,1,1,1,0
"250855000000",46,45,3,2,2,0
"250859000000",53,50,1,1,1,0
"250862000000",NA,NA,NA,NA,NA,NA
"250863000000",44,NA,3,2,NA,NA
"250864000000",48,NA,3,7,NA,0
"250866000000",32,NA,3,7,NA,0
"250869000000",65,NA,3,7,NA,NA
"250869000000",65,NA,3,7,NA,NA
"250871000000",68,69,1,1,1,0
"250873000000",56,NA,NA,2,NA,0
"250876000000",NA,NA,NA,NA,NA,NA
"250876000000",44,48,1,1,1,1
"250876000000",45,45,NA,1,1,0
"250877000000",63,NA,NA,2,NA,0
"250878000000",41,NA,3,2,NA,NA
"250883000000",28,NA,NA,2,NA,0
"250886000000",NA,NA,NA,NA,NA,NA
"250889000000",NA,NA,NA,NA,NA,NA
"250894000000",66,63,NA,2,2,0
"250899000000",62,60,NA,2,2,3
"250901000000",45,35,3,2,2,0
"250911000000",31,30,2,2,2,0
"250918000000",NA,NA,NA,NA,NA,9
"250918000000",30,NA,NA,2,NA,0
"250918000000",30,NA,NA,2,NA,0
"250952000000",56,55,NA,2,2,3
"250955000000",51,NA,3,2,NA,0
"250956000000",40,41,3,7,7,0
"250971000000",52,NA,NA,2,NA,0
"250989000000",57,61,1,1,1,0
"251101000000",64,NA,NA,7,NA,0
"251103000000",39,30,3,7,1,0
"251104000000",NA,NA,NA,NA,NA,NA
"251112000000",38,NA,3,2,NA,0
"251121000000",77,NA,3,7,NA,NA
"251138000000",27,NA,NA,2,NA,0
"251151000000",51,NA,3,2,NA,0
"251178000000",78,NA,3,7,NA,NA
"251187000000",73,NA,3,2,NA,0
"251200000000",44,NA,1,2,NA,0
"251210000000",57,NA,2,2,NA,0
"251236000000",53,NA,3,2,NA,0
"251265000000",55,56,1,2,2,0
"251299000000",53,NA,2,2,NA,NA
"251366000000",54,NA,1,2,NA,0
"251383000000",NA,NA,NA,NA,NA,NA
"251394000000",NA,NA,NA,NA,NA,9
"251470000000",50,56,NA,2,7,0
"251494000000",75,NA,NA,2,NA,0
"251494000000",62,68,3,2,2,0
"251497000000",44,NA,3,1,NA,0
"251510000000",71,NA,3,2,NA,0
"251524000000",60,NA,3,2,NA,0
"251526000000",NA,NA,NA,NA,NA,NA
"251528000000",48,NA,3,2,NA,0
"251538000000",66,NA,1,2,NA,0
"251561000000",NA,NA,NA,NA,NA,NA
"251563000000",60,60,NA,7,7,3
"251591000000",38,NA,NA,2,NA,0
"251593000000",47,NA,NA,2,NA,0
"251596000000",48,NA,3,2,NA,9
"251644000000",52,NA,1,2,NA,0
"251645000000",NA,NA,NA,NA,NA,NA
"251670000000",52,NA,1,2,NA,0
"251695000000",59,NA,NA,7,NA,0
"251720000000",39,NA,NA,7,NA,NA
"251733000000",NA,NA,NA,NA,NA,NA
"251735000000",NA,NA,NA,NA,NA,NA
"251741000000",54,NA,3,7,NA,NA
"251752000000",36,37,NA,7,7,0
"251770000000",52,NA,3,2,NA,0
"251773000000",NA,NA,3,NA,NA,NA
"251790000000",49,44,1,1,1,0
"251797000000",40,NA,3,2,NA,0
"251817000000",45,48,NA,2,2,0
"251820000000",47,42,1,2,2,3
"251835000000",66,60,1,2,2,0
"251840000000",58,62,3,2,2,0
"251866000000",51,NA,NA,2,NA,0
"251878000000",48,52,3,7,7,0
"251884000000",NA,NA,NA,NA,NA,NA
"251969000000",72,NA,1,2,NA,0
"251981000000",72,NA,NA,2,NA,0
"252077000000",NA,NA,NA,NA,NA,NA
"252103000000",56,NA,NA,7,NA,0
"252120000000",52,NA,3,2,NA,0
"252122000000",49,NA,NA,7,NA,NA
"252132000000",52,55,1,2,2,0
"252140000000",60,66,1,2,2,0
"252156000000",56,68,NA,1,1,1
"252168000000",NA,NA,NA,NA,NA,NA
"260125000000",62,NA,3,1,NA,0
"260139000000",NA,NA,3,NA,NA,NA
"260153000000",66,NA,NA,7,NA,9
"260182000000",52,67,1,2,2,3
"260191000000",54,NA,NA,2,NA,0
"260201000000",59,55,NA,7,7,0
"260224000000",52,NA,3,2,NA,0
"260238000000",38,47,3,7,2,2
"260243000000",NA,NA,NA,NA,NA,NA
"260264000000",70,NA,3,7,NA,NA
"260277000000",NA,NA,NA,NA,NA,NA
"260285000000",44,41,1,1,1,0
"260309000000",NA,NA,NA,NA,NA,NA
"260343000000",NA,NA,NA,NA,NA,NA
"260363000000",58,NA,1,2,NA,0
"260375000000",NA,NA,NA,NA,NA,NA
"260383000000",31,NA,3,2,NA,0
"260395000000",61,NA,NA,2,NA,0
"260515000000",45,NA,NA,2,NA,0
"260524000000",45,NA,NA,2,NA,NA
"260534000000",41,NA,NA,7,NA,0
"260584000000",39,NA,3,7,NA,0
"260628000000",44,NA,3,2,NA,0
"260639000000",46,49,1,7,7,3
"260645000000",50,NA,3,2,NA,0
"260664000000",49,NA,3,2,NA,0
"260824000000",52,55,NA,7,7,0
"260827000000",NA,NA,NA,NA,NA,NA
"260868000000",72,NA,3,7,NA,NA
"261112000000",NA,NA,3,NA,NA,NA
"261134000000",NA,NA,NA,NA,NA,NA
"261162000000",48,NA,NA,2,NA,NA
"261170000000",43,NA,NA,7,NA,0
"261173000000",46,59,2,2,2,3
"261188000000",NA,NA,NA,NA,NA,9
"261225000000",44,41,NA,2,2,0
"261232000000",60,NA,3,2,NA,0
"261272000000",45,NA,NA,2,NA,NA
"261315000000",55,47,1,7,7,9
"261316000000",70,NA,NA,2,NA,0
"261379000000",54,NA,3,2,NA,0
"261396000000",31,33,NA,7,7,3
"261453000000",71,NA,3,2,NA,0
"261532000000",55,64,2,1,1,1
"261551000000",62,55,1,2,1,0
"261596000000",67,70,NA,2,2,2
"261608000000",56,NA,NA,2,NA,0
"261645000000",62,60,3,7,7,9
"261653000000",NA,NA,NA,NA,NA,NA
"261740000000",56,NA,NA,2,NA,NA
"261858000000",49,NA,3,2,NA,0
"261887000000",70,71,1,2,2,2
"261932000000",45,40,1,1,1,9
"261952000000",69,69,1,2,2,0
"261996000000",66,NA,3,7,NA,9
"261999000000",63,60,NA,7,7,2
"262040000000",52,NA,3,7,NA,NA
"262090000000",NA,NA,NA,NA,NA,NA
"262155000000",NA,NA,NA,NA,NA,NA
"262184000000",62,57,NA,2,2,0
"262229000000",37,NA,NA,2,NA,0
"262245000000",41,42,2,2,2,3
"262247000000",55,NA,2,2,NA,0
"262285000000",51,NA,1,2,NA,NA
"262288000000",68,64,1,1,1,0
"262300000000",60,65,NA,2,2,0
"262303000000",36,NA,3,2,NA,0
"262306000000",57,NA,NA,2,NA,0
"262343000000",39,51,NA,2,2,0
"262345000000",62,50,NA,2,2,0
"262362000000",38,NA,3,7,NA,0
"262369000000",56,56,1,1,1,0
"262401000000",65,NA,1,2,NA,0
"262458000000",45,43,NA,2,2,0
"262462000000",50,NA,3,2,NA,0
"262463000000",54,NA,3,2,NA,0
"262478000000",51,NA,3,2,NA,0
"262495000000",NA,NA,NA,NA,NA,NA
"262497000000",59,NA,3,2,NA,NA
"262521000000",40,NA,NA,2,NA,NA
"262524000000",49,NA,NA,2,NA,0
"262528000000",48,42,1,7,7,2
"262542000000",52,51,NA,2,2,0
"262547000000",47,NA,3,2,NA,0
"262547000000",47,NA,3,2,NA,0
"262552000000",36,NA,NA,2,NA,0
"262555000000",64,57,NA,7,7,0
"262568000000",61,50,NA,1,1,0
"262596000000",56,NA,1,2,NA,0
"262598000000",51,NA,NA,2,NA,0
"262638000000",NA,NA,NA,NA,NA,NA
"10244507060",47,57,NA,7,7,3
"12251010210",32,NA,3,2,NA,9
"12296631060",56,NA,3,7,NA,9
"12442348180",62,NA,3,7,NA,0
"250652000000",61,58,1,2,2,0
"250653000000",NA,NA,NA,NA,NA,NA
"250661000000",51,NA,3,1,NA,0
"250696000000",34,NA,3,2,NA,0
"250802000000",36,45,1,1,1,0
"250803000000",NA,NA,NA,NA,NA,NA
"250820000000",NA,NA,NA,NA,NA,NA
"250823000000",47,48,1,1,7,0
"250843000000",54,51,NA,1,1,0
"250844000000",44,48,1,2,2,2
"250850000000",38,NA,NA,2,NA,9
"250856000000",54,45,1,1,1,0
"250872000000",47,NA,2,1,NA,0
"250877000000",52,NA,NA,2,NA,9
"250886000000",51,45,1,1,2,0
"250903000000",NA,NA,NA,NA,NA,NA
"250909000000",40,44,1,1,1,0
"250916000000",43,NA,3,1,NA,9
"250925000000",57,NA,4,1,NA,NA
"250934000000",62,NA,3,1,NA,0
"250936000000",39,NA,3,2,NA,0
"250936000000",67,57,1,1,1,0
"250936000000",63,56,1,2,2,9
"250939000000",51,NA,3,2,NA,NA
"250945000000",29,34,1,1,1,0
"250948000000",48,49,1,1,1,0
"250948000000",NA,NA,NA,NA,NA,9
"250951000000",43,52,1,7,7,2
"250955000000",44,36,1,1,1,9
"250959000000",40,NA,3,1,NA,0
"250960000000",46,51,1,1,1,0
"250963000000",55,52,1,1,7,1
"250965000000",63,NA,3,1,NA,0
"250968000000",NA,NA,NA,NA,NA,NA
"250974000000",44,NA,1,2,NA,9
"250981000000",NA,NA,NA,NA,NA,NA
"250981000000",50,NA,NA,2,NA,0
"250981000000",35,41,1,1,1,0
"250982000000",62,64,2,1,1,9
"250984000000",44,NA,3,2,NA,0
"250985000000",55,66,1,2,2,0
"250986000000",42,NA,3,2,NA,9
"250987000000",44,48,NA,1,1,0
"250987000000",54,NA,NA,7,NA,NA
"250990000000",52,NA,1,1,NA,0
"250995000000",59,59,1,1,1,0
"250996000000",64,64,NA,1,1,0
"250996000000",58,60,1,2,2,3
"251101000000",65,NA,1,1,NA,NA
"251106000000",36,NA,4,2,NA,0
"251108000000",33,NA,3,1,NA,0
"251113000000",NA,NA,NA,NA,NA,9
"251118000000",54,NA,3,2,NA,0
"251119000000",48,46,NA,2,1,0
"251122000000",44,45,2,2,2,0
"251124000000",NA,NA,3,NA,NA,9
"251132000000",NA,NA,NA,NA,NA,NA
"251133000000",NA,NA,NA,NA,NA,NA
"251137000000",34,37,1,1,1,0
"251139000000",NA,NA,1,NA,NA,NA
"251140000000",54,NA,3,2,NA,NA
"251141000000",45,45,1,1,1,1
"251142000000",64,NA,NA,1,NA,0
"251146000000",NA,NA,NA,NA,NA,9
"251146000000",NA,NA,NA,NA,NA,9
"251147000000",41,NA,3,2,NA,0
"251149000000",50,NA,NA,7,NA,NA
"251151000000",51,NA,3,2,NA,0
"251151000000",NA,NA,NA,NA,NA,NA
"251158000000",70,NA,3,2,NA,0
"251158000000",51,62,3,7,7,2
"251159000000",44,61,NA,2,2,2
"251160000000",NA,NA,NA,NA,NA,NA
"251163000000",NA,NA,NA,NA,NA,NA
"251165000000",68,77,NA,7,7,2
"251166000000",46,48,NA,7,7,0
"251173000000",31,NA,NA,1,NA,0
"251183000000",53,58,1,1,1,1
"251186000000",57,NA,1,1,NA,0
"251191000000",31,NA,3,7,NA,9
"251191000000",56,57,1,2,2,0
"251192000000",59,NA,3,7,NA,NA
"251196000000",56,NA,NA,2,NA,NA
"251199000000",44,41,1,1,7,9
"251203000000",56,NA,NA,7,NA,0
"251204000000",33,NA,3,1,NA,0
"251208000000",53,NA,3,2,NA,NA
"251212000000",50,62,NA,1,1,1
"251217000000",NA,NA,NA,NA,NA,NA
"251218000000",53,NA,3,2,NA,9
"251218000000",31,NA,3,7,NA,9
"251220000000",NA,NA,NA,NA,NA,NA
"251223000000",67,NA,NA,2,NA,NA
"251223000000",49,48,1,1,1,0
"251225000000",46,NA,3,2,NA,0
"251226000000",NA,NA,NA,NA,NA,NA
"251231000000",48,46,1,1,1,0
"251232000000",36,NA,NA,2,NA,0
"251233000000",43,44,1,1,1,0
"251234000000",63,NA,NA,2,NA,0
"251236000000",NA,NA,NA,NA,NA,NA
"251237000000",41,46,3,1,1,0
"251237000000",40,NA,3,2,NA,9
"251240000000",NA,NA,NA,NA,NA,NA
"251242000000",69,72,1,1,1,0
"251246000000",NA,NA,NA,NA,NA,NA
"251247000000",NA,NA,NA,NA,NA,9
"251249000000",57,NA,3,2,NA,0
"251250000000",NA,NA,NA,NA,NA,9
"251251000000",43,NA,3,2,NA,0
"251251000000",NA,NA,NA,NA,NA,NA
"251260000000",NA,NA,3,NA,NA,9
"251261000000",59,NA,NA,2,NA,9
"251264000000",67,65,NA,1,1,1
"251266000000",NA,NA,1,NA,NA,NA
"251270000000",32,NA,3,1,NA,0
"251270000000",30,NA,3,2,NA,0
"251272000000",NA,NA,1,NA,NA,NA
"251272000000",80,80,NA,2,2,3
"251276000000",37,40,NA,7,7,2
"251278000000",NA,NA,NA,NA,NA,NA
"251281000000",52,58,NA,1,1,0
"251284000000",75,NA,3,2,NA,0
"251296000000",NA,NA,NA,NA,NA,NA
"251302000000",NA,NA,NA,NA,NA,NA
"251306000000",NA,NA,NA,NA,NA,NA
"251308000000",NA,NA,NA,NA,NA,NA
"251311000000",NA,NA,NA,NA,NA,NA
"251313000000",41,NA,NA,2,NA,0
"251315000000",49,NA,NA,2,NA,0
"251316000000",45,NA,3,7,NA,NA
"251316000000",NA,NA,NA,NA,NA,NA
"251317000000",NA,NA,NA,NA,NA,NA
"251330000000",40,37,1,1,1,0
"251336000000",64,NA,3,7,NA,0
"251342000000",60,55,1,1,1,0
"251352000000",44,45,1,2,2,0
"251352000000",38,NA,3,2,NA,0
"251360000000",NA,NA,NA,NA,NA,NA
"251380000000",47,46,1,1,1,0
"251381000000",41,34,3,2,2,0
"251413000000",47,50,1,1,1,0
"251424000000",47,NA,NA,2,NA,0
"251426000000",42,42,1,1,1,0
"251436000000",43,NA,NA,2,NA,NA
"251437000000",73,60,3,2,2,0
"251439000000",32,NA,3,2,NA,0
"251452000000",54,NA,3,2,NA,0
"251462000000",NA,NA,NA,NA,NA,NA
"251493000000",41,NA,3,1,NA,NA
"251499000000",NA,NA,NA,NA,NA,NA
"251528000000",38,NA,NA,7,NA,0
"251528000000",78,NA,3,2,NA,0
"251531000000",48,47,1,1,1,0
"251533000000",38,NA,3,2,NA,0
"251537000000",53,52,1,1,1,0
"251541000000",NA,NA,NA,NA,NA,9
"251555000000",NA,NA,NA,NA,NA,NA
"251564000000",75,NA,3,1,NA,9
"251567000000",41,NA,NA,7,NA,0
"251568000000",53,48,1,1,1,0
"251579000000",63,NA,3,7,NA,NA
"251585000000",56,NA,NA,2,NA,9
"251593000000",59,54,3,2,2,0
"251595000000",70,NA,NA,7,NA,NA
"251596000000",61,NA,NA,2,NA,0
"251638000000",NA,NA,NA,NA,NA,NA
"251652000000",NA,NA,NA,NA,NA,NA
"251681000000",56,NA,NA,2,NA,9
"251702000000",57,NA,3,1,NA,0
"251720000000",39,NA,NA,7,NA,NA
"251740000000",54,56,NA,2,2,0
"251782000000",34,NA,NA,2,NA,NA
"251788000000",32,NA,3,2,NA,0
"251793000000",59,NA,NA,7,NA,NA
"251798000000",56,58,3,1,1,0
"251817000000",NA,NA,NA,NA,NA,NA
"251820000000",68,NA,3,7,NA,0
"251864000000",58,62,3,2,2,0
"251866000000",59,62,1,2,2,0
"251871000000",46,NA,3,2,NA,0
"251878000000",48,52,3,7,7,0
"251883000000",57,NA,NA,2,NA,0
"251883000000",NA,NA,NA,NA,NA,NA
"251889000000",45,46,1,2,2,0
"251921000000",52,47,1,1,1,0
"251934000000",62,59,1,2,2,0
"251941000000",NA,NA,NA,NA,NA,NA
"251950000000",65,NA,NA,2,NA,0
"251960000000",43,48,1,1,1,0
"251960000000",64,70,NA,2,2,9
"251973000000",45,NA,NA,2,NA,0
"251981000000",72,NA,NA,2,NA,0
"252017000000",49,NA,3,7,NA,NA
"252022000000",49,NA,NA,7,NA,9
"252025000000",45,NA,3,2,NA,0
"252039000000",34,NA,NA,2,NA,0
"252052000000",50,62,1,7,7,3
"252075000000",53,NA,NA,2,NA,NA
"252082000000",59,NA,3,7,NA,NA
"252084000000",49,55,1,2,2,0
"252113000000",66,NA,NA,7,NA,NA
"252121000000",36,NA,3,2,NA,0
"252133000000",49,43,1,2,2,9
"252135000000",79,NA,3,2,NA,0
"252138000000",35,27,3,2,7,0
"252147000000",NA,NA,NA,NA,NA,NA
"252175000000",43,NA,3,7,NA,NA
"252176000000",NA,NA,NA,NA,NA,NA
"252184000000",54,NA,3,7,NA,0
"260107000000",30,NA,NA,2,NA,0
"260107000000",56,NA,NA,2,NA,0
"260111000000",38,NA,3,2,NA,0
"260137000000",68,NA,1,7,NA,0
"260144000000",63,78,3,7,7,3
"260159000000",49,NA,NA,2,NA,9
"260182000000",53,NA,3,7,NA,NA
"260186000000",48,NA,3,2,NA,0
"260187000000",35,NA,3,7,NA,NA
"260209000000",NA,NA,NA,NA,NA,NA
"260224000000",31,NA,NA,1,NA,NA
"260231000000",53,61,NA,2,2,2
"260259000000",43,52,1,2,2,3
"260287000000",66,NA,1,2,NA,0
"260317000000",49,39,3,7,7,3
"260354000000",49,NA,3,7,NA,0
"260377000000",NA,NA,1,NA,NA,NA
"260380000000",44,NA,NA,2,NA,0
"260515000000",NA,NA,NA,NA,NA,NA
"260559000000",NA,NA,NA,NA,NA,NA
"260565000000",52,50,NA,7,7,3
"260588000000",NA,NA,3,NA,NA,NA
"260645000000",NA,NA,NA,NA,NA,NA
"260657000000",56,NA,3,2,NA,0
"260686000000",59,65,1,2,2,0
"260688000000",72,NA,NA,2,NA,0
"260690000000",38,60,NA,2,2,0
"260845000000",64,68,NA,7,7,0
"260893000000",NA,NA,NA,NA,NA,NA
"260951000000",45,NA,2,2,NA,0
"260959000000",65,NA,2,2,NA,0
"261104000000",67,59,NA,4,4,2
"261132000000",NA,NA,NA,NA,NA,NA
"261150000000",53,58,1,1,1,0
"261155000000",55,NA,3,2,NA,0
"261201000000",47,NA,NA,2,NA,0
"261208000000",50,NA,3,2,NA,0
"261218000000",NA,NA,2,NA,NA,NA
"261222000000",48,49,1,1,2,0
"261324000000",68,NA,NA,7,NA,0
"261334000000",NA,NA,NA,NA,NA,NA
"261367000000",54,NA,NA,2,NA,NA
"261374000000",NA,NA,NA,NA,NA,NA
"261377000000",65,NA,3,7,NA,9
"261430000000",48,NA,3,2,NA,0
"261462000000",55,NA,3,7,NA,NA
"261592000000",56,NA,4,2,NA,0
"261596000000",41,NA,3,7,NA,NA
"261616000000",27,NA,3,7,NA,NA
"261628000000",38,NA,3,2,NA,9
"261640000000",55,58,1,2,7,0
"261656000000",NA,NA,NA,NA,NA,NA
"261755000000",42,NA,1,2,NA,0
"261757000000",41,NA,2,2,NA,0
"261824000000",50,NA,NA,7,NA,0
"261837000000",45,47,1,2,2,0
"261848000000",NA,NA,NA,NA,NA,NA
"261893000000",59,NA,3,2,NA,0
"261997000000",38,37,NA,2,2,0
"262092000000",35,NA,1,1,NA,0
"262222000000",49,NA,3,7,NA,0
"262245000000",45,51,NA,2,7,0
"262245000000",41,42,2,2,2,3
"262248000000",59,NA,1,7,NA,0
"262265000000",NA,NA,NA,NA,NA,NA
"262276000000",NA,NA,NA,NA,NA,NA
"262306000000",NA,NA,NA,NA,NA,NA
"262315000000",78,NA,NA,2,NA,0
"262343000000",64,NA,NA,2,NA,0
"262345000000",NA,NA,NA,NA,NA,NA
"262351000000",32,NA,3,2,NA,0
"262352000000",57,NA,3,2,NA,0
"262367000000",50,NA,3,2,NA,0
"262373000000",55,NA,3,7,NA,0
"262397000000",29,31,1,2,2,0
"262406000000",58,NA,3,2,NA,0
"262417000000",NA,NA,NA,NA,NA,NA
"262445000000",NA,NA,NA,NA,NA,NA
"262454000000",NA,NA,NA,NA,NA,NA
"262458000000",44,42,NA,2,2,0
"262463000000",75,NA,1,2,NA,NA
"262474000000",42,NA,2,2,NA,NA
"262490000000",54,NA,3,2,NA,0
"262497000000",58,NA,3,2,NA,NA
"262497000000",52,NA,3,2,NA,0
"262499000000",80,NA,NA,2,NA,0
"262533000000",48,45,NA,1,1,0
"262542000000",52,51,NA,2,2,0
"262545000000",43,NA,3,4,NA,NA
"262553000000",47,48,NA,1,1,0
"262577000000",NA,NA,NA,NA,NA,NA
"262579000000",57,NA,NA,2,NA,0
"262611000000",55,NA,NA,7,NA,NA
"262632000000",NA,NA,NA,NA,NA,NA
"262638000000",45,NA,3,2,NA,0
"262648000000",61,NA,3,1,NA,NA
"262654000000",62,NA,1,7,NA,NA
"262668000000",43,NA,3,2,NA,0
"262679000000",44,49,NA,1,7,0
"251170000000",NA,NA,NA,NA,NA,NA
"251187000000",NA,NA,NA,NA,NA,NA
"251225000000",44,NA,1,1,NA,0
"251241000000",NA,NA,NA,NA,NA,NA
"251275000000",43,NA,NA,2,NA,0
"251283000000",69,NA,3,2,NA,0
"251285000000",NA,NA,1,NA,NA,NA
"251291000000",53,NA,NA,2,NA,0
"251293000000",48,48,1,1,1,0
"251294000000",54,NA,3,2,NA,0
"251298000000",58,NA,NA,2,NA,NA
"251301000000",40,39,1,1,1,9
"251319000000",54,NA,3,2,NA,0
"251321000000",50,50,1,1,1,1
"251321000000",54,NA,3,2,NA,0
"251327000000",57,NA,NA,2,NA,0
"251333000000",NA,NA,NA,NA,NA,NA
"251334000000",58,60,1,1,1,0
"251334000000",43,56,1,7,7,9
"251338000000",52,55,1,2,2,0
"251338000000",46,52,1,2,2,0
"251343000000",29,29,1,1,2,9
"251349000000",67,NA,3,1,NA,0
"251351000000",NA,NA,NA,NA,NA,NA
"251361000000",59,NA,3,2,NA,0
"251364000000",47,48,1,1,1,1
"251364000000",NA,NA,NA,NA,NA,9
"251366000000",51,57,1,1,1,0
"251368000000",45,NA,1,2,NA,0
"251371000000",52,62,1,7,1,0
"251376000000",45,NA,4,2,NA,0
"251377000000",47,54,1,2,2,0
"251383000000",44,NA,3,1,NA,0
"251383000000",NA,NA,NA,NA,NA,NA
"251384000000",37,40,1,1,1,0
"251385000000",NA,NA,3,NA,NA,NA
"251388000000",56,NA,3,2,NA,NA
"251390000000",NA,NA,NA,NA,NA,9
"251391000000",59,NA,3,1,NA,9
"251393000000",54,57,1,1,1,0
"251394000000",56,NA,NA,2,NA,9
"251394000000",NA,NA,NA,NA,NA,NA
"251397000000",NA,NA,NA,NA,NA,NA
"251401000000",NA,NA,NA,NA,NA,NA
"251402000000",33,34,1,1,1,1
"251408000000",48,48,1,1,1,0
"251417000000",40,56,1,1,1,0
"251421000000",42,NA,3,1,NA,0
"251424000000",54,57,NA,1,1,0
"251430000000",50,NA,NA,1,NA,0
"251441000000",61,68,1,1,1,0
"251443000000",52,NA,3,2,NA,NA
"251443000000",52,NA,2,1,NA,9
"251446000000",NA,NA,NA,NA,NA,NA
"251449000000",48,NA,3,2,NA,0
"251449000000",56,NA,3,2,NA,9
"251460000000",49,52,1,1,1,0
"251462000000",NA,NA,NA,NA,NA,NA
"251462000000",50,NA,3,2,NA,0
"251462000000",NA,NA,NA,NA,NA,9
"251463000000",53,NA,NA,7,NA,9
"251464000000",44,29,4,2,2,0
"251468000000",49,50,1,1,1,0
"251469000000",45,47,1,1,1,0
"251470000000",50,56,NA,2,7,0
"251472000000",38,50,1,1,1,0
"251472000000",NA,NA,NA,NA,NA,NA
"251474000000",57,NA,3,2,NA,0
"251474000000",69,NA,3,2,NA,0
"251476000000",NA,NA,NA,NA,NA,NA
"251477000000",29,34,1,1,1,0
"251480000000",NA,NA,NA,NA,NA,NA
"251483000000",61,NA,3,2,NA,0
"251487000000",52,NA,3,1,NA,0
"251487000000",NA,NA,NA,NA,NA,NA
"251490000000",34,NA,3,7,NA,NA
"251491000000",NA,NA,NA,NA,NA,9
"251493000000",53,NA,3,2,NA,0
"251498000000",65,64,1,2,2,9
"251498000000",44,NA,3,1,NA,0
"251515000000",50,NA,NA,2,NA,0
"251517000000",NA,NA,NA,NA,NA,NA
"251523000000",61,NA,3,2,NA,0
"251525000000",52,59,1,1,1,0
"251532000000",52,NA,4,1,NA,0
"251534000000",51,NA,NA,1,NA,0
"251536000000",55,59,1,1,1,0
"251538000000",69,NA,1,7,NA,NA
"251542000000",59,NA,1,7,NA,NA
"251542000000",60,NA,2,2,NA,0
"251547000000",41,43,1,1,1,0
"251550000000",48,30,1,7,1,1
"251552000000",57,NA,NA,2,NA,0
"251552000000",45,46,1,7,7,2
"251554000000",68,NA,3,2,NA,0
"251555000000",45,NA,NA,7,NA,NA
"251556000000",51,52,1,1,1,0
"251557000000",49,49,3,1,1,9
"251557000000",55,50,1,2,2,0
"251563000000",61,NA,3,2,NA,9
"251563000000",57,NA,NA,2,NA,0
"251566000000",64,NA,4,2,NA,0
"251567000000",64,63,NA,7,7,0
"251568000000",50,NA,3,2,NA,0
"251568000000",NA,NA,NA,NA,NA,NA
"251572000000",53,NA,3,2,NA,0
"251573000000",NA,NA,NA,NA,NA,NA
"251575000000",59,NA,3,1,NA,0
"251576000000",47,55,1,1,1,0
"251576000000",NA,NA,NA,NA,NA,NA
"251579000000",41,NA,3,1,NA,NA
"251580000000",48,NA,NA,2,NA,9
"251592000000",26,26,1,1,1,1
"251593000000",59,54,3,2,2,0
"251596000000",NA,NA,NA,NA,NA,NA
"251599000000",64,NA,1,2,NA,0
"251603000000",63,78,NA,7,7,9
"251603000000",39,45,1,7,7,2
"251604000000",29,29,NA,2,2,0
"251612000000",38,NA,4,2,NA,0
"251613000000",49,50,1,2,2,3
"251618000000",55,NA,NA,2,NA,0
"251624000000",49,53,1,2,2,9
"251625000000",31,NA,3,7,NA,0
"251628000000",57,58,1,1,2,0
"251633000000",NA,NA,NA,NA,NA,NA
"251635000000",39,NA,3,2,NA,0
"251635000000",51,61,1,1,1,0
"251643000000",38,NA,NA,7,NA,0
"251650000000",51,NA,3,2,NA,0
"251652000000",64,NA,NA,2,NA,0
"251656000000",52,NA,1,1,NA,0
"251664000000",54,NA,3,1,NA,0
"251666000000",50,NA,NA,7,NA,NA
"251673000000",64,NA,3,2,NA,0
"251673000000",53,62,1,7,7,9
"251675000000",54,47,NA,7,7,0
"251677000000",NA,NA,NA,NA,NA,NA
"251680000000",NA,NA,NA,NA,NA,NA
"251682000000",NA,NA,1,NA,NA,NA
"251699000000",34,NA,NA,2,NA,0
"251702000000",57,NA,3,1,NA,0
"251710000000",NA,NA,NA,NA,NA,NA
"251713000000",50,56,3,2,2,2
"251713000000",47,NA,3,2,NA,0
"251728000000",47,48,1,1,1,0
"251735000000",NA,NA,NA,NA,NA,NA
"251735000000",NA,NA,NA,NA,NA,NA
"251736000000",55,NA,NA,2,NA,0
"251737000000",62,60,NA,2,2,3
"251740000000",50,NA,NA,2,NA,0
"251743000000",50,56,NA,1,1,0
"251747000000",49,NA,NA,2,NA,0
"251748000000",60,60,NA,7,7,2
"251749000000",NA,NA,NA,NA,NA,NA
"251752000000",NA,NA,NA,NA,NA,NA
"251753000000",48,NA,NA,2,NA,0
"251760000000",54,NA,3,7,NA,NA
"251781000000",37,45,1,2,2,3
"251788000000",64,NA,3,2,NA,0
"251790000000",57,NA,3,1,NA,0
"251797000000",65,NA,3,2,NA,0
"251798000000",58,NA,1,2,NA,NA
"251798000000",56,NA,3,2,NA,0
"251811000000",44,NA,NA,2,NA,0
"251811000000",44,NA,NA,2,NA,0
"251820000000",68,NA,3,7,NA,0
"251823000000",48,NA,3,2,NA,0
"251835000000",61,NA,NA,2,NA,0
"251861000000",47,52,1,2,2,0
"251863000000",42,NA,3,2,NA,0
"251877000000",55,NA,3,2,NA,0
"251911000000",60,NA,3,2,NA,0
"251914000000",50,54,1,2,2,0
"251931000000",52,36,3,7,7,3
"251934000000",61,58,1,2,2,0
"251960000000",43,48,1,1,1,0
"251964000000",69,NA,3,2,NA,9
"251969000000",53,NA,1,7,NA,NA
"251969000000",48,NA,NA,2,NA,0
"252001000000",53,63,NA,1,1,0
"252007000000",43,44,1,1,1,0
"252015000000",39,34,3,2,7,0
"252022000000",NA,NA,3,NA,NA,NA
"252023000000",39,38,3,2,2,0
"252028000000",NA,NA,1,NA,NA,NA
"252029000000",53,NA,3,7,NA,0
"252039000000",66,60,1,2,2,0
"252039000000",66,60,NA,2,2,0
"252099000000",73,72,1,1,1,0
"252132000000",NA,NA,NA,NA,NA,NA
"252136000000",58,NA,3,7,NA,0
"252138000000",45,NA,3,2,NA,0
"252138000000",58,NA,NA,7,NA,0
"252142000000",48,NA,1,2,NA,0
"252145000000",44,52,NA,7,7,0
"252150000000",47,NA,3,7,NA,0
"252163000000",NA,NA,NA,NA,NA,NA
"252166000000",53,NA,3,2,NA,9
"252166000000",53,NA,3,2,NA,9
"252173000000",52,55,NA,7,7,3
"252177000000",49,NA,3,2,NA,0
"252182000000",63,56,1,2,2,9
"252194000000",48,51,1,7,7,0
"252197000000",37,42,1,7,7,2
"252214000000",49,50,1,1,1,9
"260129000000",46,59,2,2,2,3
"260134000000",36,36,2,7,7,0
"260141000000",44,48,1,1,1,1
"260157000000",40,NA,3,2,NA,0
"260159000000",49,NA,NA,2,NA,9
"260165000000",56,57,NA,7,7,2
"260183000000",45,NA,NA,2,NA,0
"260206000000",48,NA,NA,2,NA,NA
"260208000000",58,47,1,7,7,9
"260209000000",NA,NA,NA,NA,NA,NA
"260238000000",NA,NA,NA,NA,NA,NA
"260249000000",NA,NA,NA,NA,NA,NA
"260287000000",NA,NA,NA,NA,NA,NA
"260346000000",47,46,1,1,1,0
"260350000000",54,50,1,7,7,0
"260351000000",NA,NA,NA,NA,NA,NA
"260380000000",44,NA,NA,2,NA,0
"260394000000",39,NA,NA,2,NA,0
"260505000000",NA,NA,4,NA,NA,NA
"260507000000",NA,NA,3,NA,NA,NA
"260509000000",55,NA,3,7,NA,0
"260515000000",44,NA,NA,2,NA,0
"260521000000",NA,NA,NA,NA,NA,NA
"260521000000",40,35,NA,1,1,0
"260523000000",43,54,1,7,1,0
"260524000000",41,NA,NA,7,NA,NA
"260547000000",NA,NA,NA,NA,NA,NA
"260565000000",51,49,NA,7,7,9
"260639000000",46,49,1,7,7,3
"260645000000",NA,NA,NA,NA,NA,NA
"260645000000",NA,NA,NA,NA,NA,NA
"260667000000",37,NA,NA,7,NA,0
"260696000000",NA,NA,NA,NA,NA,NA
"260698000000",44,NA,NA,2,NA,0
"260698000000",44,NA,NA,2,NA,0
"260804000000",49,NA,3,2,NA,9
"260819000000",66,NA,3,7,NA,0
"260826000000",74,NA,3,7,NA,0
"260829000000",62,62,1,2,2,2
"260849000000",55,NA,NA,2,NA,0
"260864000000",58,NA,1,7,NA,0
"260872000000",39,45,1,1,1,0
"260957000000",24,NA,NA,2,NA,0
"260965000000",39,NA,3,7,NA,0
"260968000000",46,NA,1,2,NA,0
"260970000000",56,57,1,2,2,0
"261104000000",67,59,NA,4,4,3
"261112000000",NA,NA,4,NA,NA,NA
"261148000000",55,NA,1,7,NA,0
"261156000000",51,NA,3,2,NA,0
"261182000000",NA,NA,NA,NA,NA,NA
"261191000000",62,NA,3,2,NA,0
"261232000000",60,NA,3,2,NA,0
"261272000000",45,NA,NA,2,NA,9
"261318000000",64,NA,1,2,NA,0
"261335000000",63,NA,3,7,NA,0
"261376000000",52,51,2,2,2,0
"261483000000",31,NA,3,2,NA,0
"261517000000",55,NA,NA,7,NA,9
"261581000000",47,45,NA,1,1,0
"261587000000",58,NA,NA,2,NA,0
"261656000000",NA,NA,NA,NA,NA,NA
"261693000000",NA,NA,NA,NA,NA,9
"261724000000",39,NA,1,1,NA,0
"261755000000",41,NA,1,2,NA,0
"261755000000",41,NA,1,2,NA,0
"261811000000",29,39,1,2,2,0
"261852000000",38,NA,NA,2,NA,0
"262015000000",NA,NA,NA,NA,NA,NA
"262018000000",52,53,NA,7,7,3
"262146000000",80,NA,3,2,NA,0
"262204000000",56,NA,NA,2,NA,0
"262211000000",46,NA,NA,7,NA,NA
"262220000000",NA,NA,NA,NA,NA,NA
"262244000000",46,NA,1,7,NA,NA
"262245000000",41,42,2,2,2,3
"262248000000",59,NA,1,7,NA,0
"262257000000",50,NA,3,7,NA,0
"262257000000",NA,NA,NA,NA,NA,NA
"262259000000",53,NA,3,2,NA,0
"262284000000",NA,NA,NA,NA,NA,NA
"262285000000",49,55,2,2,2,3
"262290000000",52,NA,NA,7,NA,NA
"262300000000",60,65,NA,2,2,0
"262300000000",60,65,NA,2,2,0
"262321000000",55,NA,NA,2,NA,0
"262322000000",NA,NA,NA,NA,NA,NA
"262345000000",37,NA,3,2,NA,0
"262364000000",63,NA,NA,2,NA,0
"262380000000",NA,NA,NA,NA,NA,NA
"262396000000",58,61,NA,7,7,0
"262405000000",38,NA,3,2,NA,NA
"262406000000",56,NA,NA,2,NA,0
"262422000000",64,NA,NA,2,NA,0
"262444000000",48,NA,3,2,NA,0
"262463000000",75,NA,1,2,NA,NA
"262482000000",61,62,1,2,2,0
"262485000000",50,NA,NA,2,NA,0
"262485000000",50,NA,NA,2,NA,0
"262490000000",NA,NA,NA,NA,NA,NA
"262499000000",53,NA,NA,2,NA,0
"262547000000",38,NA,NA,2,NA,0
"262559000000",45,NA,3,2,NA,NA
"262577000000",70,64,NA,2,2,0
"262583000000",56,72,1,2,2,0
"262616000000",46,56,NA,4,4,9
"262631000000",45,NA,NA,2,NA,0
"262632000000",33,NA,3,7,NA,NA
"262634000000",54,NA,NA,7,NA,NA
"262634000000",38,NA,3,2,NA,0
"262636000000",52,NA,NA,2,NA,NA
"262640000000",72,NA,NA,7,NA,NA
"262656000000",38,38,1,2,1,0
"262676000000",68,47,1,7,7,0
"10152535180",48,48,NA,7,1,1
"12231594020",55,60,3,1,1,0
"250681000000",38,NA,3,2,NA,9
"251475000000",37,NA,3,2,NA,0
"251506000000",NA,NA,NA,NA,NA,NA
"251564000000",61,NA,3,1,NA,0
"251568000000",NA,NA,NA,NA,NA,NA
"251578000000",NA,NA,NA,NA,NA,9
"251578000000",57,NA,3,2,NA,0
"251579000000",64,67,1,1,1,9
"251584000000",47,NA,NA,2,NA,0
"251584000000",49,50,1,2,2,0
"251587000000",34,NA,3,1,NA,0
"251593000000",57,NA,1,1,NA,0
"251614000000",41,45,1,1,1,0
"251620000000",36,39,1,1,1,0
"251625000000",62,NA,3,1,NA,0
"251636000000",55,52,1,2,2,9
"251639000000",54,49,1,1,1,1
"251642000000",NA,NA,NA,NA,NA,NA
"251645000000",60,NA,3,7,NA,NA
"251647000000",NA,NA,NA,NA,NA,NA
"251658000000",48,NA,2,1,NA,0
"251659000000",NA,NA,NA,NA,NA,NA
"251661000000",44,42,1,1,1,0
"251664000000",45,42,1,1,7,9
"251675000000",34,36,NA,1,1,0
"251681000000",50,39,1,1,1,0
"251681000000",28,29,1,1,1,0
"251681000000",56,NA,NA,2,NA,9
"251682000000",NA,NA,NA,NA,NA,NA
"251684000000",50,41,1,1,1,0
"251689000000",40,40,NA,2,7,0
"251689000000",33,34,1,1,1,1
"251689000000",44,NA,3,1,NA,NA
"251689000000",NA,NA,NA,NA,NA,9
"251698000000",40,NA,4,2,NA,NA
"251702000000",57,NA,3,1,NA,NA
"251703000000",45,47,1,1,1,0
"251704000000",61,70,NA,2,1,1
"251706000000",NA,NA,NA,NA,NA,NA
"251714000000",58,63,NA,1,1,0
"251714000000",43,44,1,1,1,0
"251715000000",41,40,NA,1,1,1
"251720000000",40,NA,NA,7,NA,NA
"251720000000",68,54,1,1,1,0
"251725000000",69,NA,NA,2,NA,0
"251725000000",64,NA,NA,7,NA,NA
"251737000000",68,NA,NA,2,NA,0
"251739000000",40,31,3,7,1,0
"251739000000",33,NA,3,1,NA,0
"251740000000",60,67,1,1,1,0
"251741000000",51,50,1,2,2,0
"251747000000",46,46,1,1,1,0
"251748000000",45,49,NA,7,7,2
"251750000000",NA,NA,NA,NA,NA,9
"251753000000",48,49,1,1,1,0
"251758000000",58,NA,3,1,NA,9
"251758000000",39,43,1,1,1,0
"251760000000",45,NA,3,1,NA,9
"251761000000",35,NA,NA,7,NA,NA
"251762000000",58,NA,3,2,NA,0
"251762000000",50,NA,NA,2,NA,0
"251764000000",76,NA,3,2,NA,9
"251767000000",45,40,1,1,1,1
"251767000000",45,40,1,1,1,1
"251768000000",35,NA,2,2,NA,0
"251771000000",33,NA,1,2,NA,0
"251772000000",60,NA,NA,7,NA,NA
"251776000000",44,48,1,2,2,9
"251781000000",NA,NA,NA,NA,NA,NA
"251783000000",NA,NA,NA,NA,NA,NA
"251783000000",34,30,NA,1,1,0
"251786000000",52,NA,NA,7,NA,NA
"251789000000",NA,NA,NA,NA,NA,9
"251789000000",53,55,1,2,2,0
"251793000000",56,57,1,1,1,0
"251797000000",51,55,3,1,1,0
"251797000000",29,NA,3,1,NA,0
"251798000000",38,NA,NA,2,NA,NA
"251799000000",45,NA,3,2,NA,0
"251800000000",49,49,1,1,1,1
"251802000000",50,48,1,2,2,0
"251808000000",41,68,NA,1,1,0
"251810000000",54,NA,3,2,NA,0
"251815000000",36,NA,3,2,NA,0
"251816000000",56,NA,NA,2,NA,0
"251818000000",57,NA,3,2,NA,0
"251820000000",76,NA,NA,2,NA,0
"251820000000",66,NA,NA,2,NA,9
"251821000000",58,60,1,1,1,0
"251821000000",51,52,1,1,1,0
"251823000000",53,NA,4,1,NA,0
"251824000000",NA,NA,NA,NA,NA,NA
"251827000000",51,NA,3,2,NA,NA
"251828000000",47,35,NA,7,7,0
"251831000000",51,51,3,1,1,0
"251833000000",61,NA,3,2,NA,0
"251834000000",NA,NA,NA,NA,NA,NA
"251835000000",NA,NA,NA,NA,NA,9
"251840000000",70,70,NA,7,7,2
"251841000000",47,48,1,1,1,0
"251844000000",53,NA,3,2,NA,0
"251850000000",33,37,NA,2,2,3
"251852000000",76,NA,1,7,NA,NA
"251853000000",31,NA,NA,7,NA,NA
"251854000000",NA,NA,NA,NA,NA,NA
"251854000000",51,NA,4,1,NA,0
"251855000000",63,NA,3,1,NA,NA
"251859000000",60,69,1,2,1,1
"251860000000",58,NA,NA,2,NA,0
"251860000000",58,NA,NA,2,NA,9
"251862000000",29,43,NA,7,7,0
"251863000000",57,67,3,2,2,0
"251864000000",49,49,1,1,1,0
"251865000000",NA,NA,NA,NA,NA,NA
"251866000000",59,61,NA,7,1,9
"251869000000",68,66,4,1,1,1
"251870000000",65,NA,NA,2,NA,0
"251870000000",30,NA,1,2,NA,NA
"251871000000",59,NA,3,2,NA,0
"251874000000",60,NA,2,2,NA,0
"251876000000",NA,NA,3,NA,NA,9
"251877000000",55,NA,1,7,NA,NA
"251878000000",48,52,3,7,7,0
"251880000000",55,NA,4,2,NA,NA
"251883000000",46,NA,1,3,NA,0
"251884000000",58,NA,2,2,NA,0
"251884000000",NA,NA,NA,NA,NA,NA
"251885000000",55,56,1,2,2,9
"251886000000",54,50,1,2,7,0
"251888000000",67,NA,3,1,NA,0
"251889000000",45,46,1,2,2,0
"251889000000",50,NA,NA,1,NA,0
"251890000000",49,NA,3,2,NA,0
"251890000000",42,NA,4,7,NA,9
"251891000000",56,NA,3,2,NA,NA
"251893000000",55,47,1,1,1,0
"251893000000",56,NA,NA,2,NA,0
"251898000000",47,NA,NA,2,NA,0
"251899000000",52,NA,1,1,NA,0
"251901000000",24,NA,NA,7,NA,NA
"251901000000",64,NA,3,7,NA,9
"251905000000",NA,NA,NA,NA,NA,NA
"251910000000",65,68,1,2,2,0
"251917000000",42,NA,3,2,NA,0
"251923000000",55,NA,NA,2,NA,0
"251925000000",53,50,3,2,2,0
"251927000000",39,NA,3,7,NA,0
"251932000000",57,NA,NA,2,NA,NA
"251932000000",53,53,1,1,1,0
"251932000000",53,NA,3,2,NA,0
"251933000000",61,NA,3,2,NA,0
"251934000000",37,NA,3,2,NA,0
"251934000000",37,NA,3,2,NA,0
"251937000000",51,NA,NA,2,NA,0
"251938000000",78,NA,NA,2,NA,NA
"251941000000",51,69,NA,1,1,1
"251943000000",NA,NA,NA,NA,NA,NA
"251947000000",47,50,1,1,1,0
"251948000000",37,NA,4,2,NA,0
"251949000000",47,49,1,7,7,3
"251950000000",45,48,NA,2,2,0
"251950000000",NA,NA,1,NA,NA,NA
"251955000000",42,NA,3,2,NA,NA
"251961000000",NA,NA,NA,NA,NA,NA
"251961000000",60,NA,NA,2,NA,0
"251962000000",NA,NA,NA,NA,NA,9
"251964000000",41,NA,3,2,NA,9
"251967000000",53,NA,1,2,NA,0
"251968000000",56,49,1,2,2,0
"251974000000",62,NA,NA,2,NA,NA
"251976000000",41,NA,NA,7,NA,NA
"251978000000",57,NA,3,2,NA,0
"251980000000",NA,NA,NA,NA,NA,NA
"251983000000",61,NA,3,2,NA,0
"251983000000",61,NA,3,2,NA,0
"251984000000",61,NA,NA,2,NA,0
"251989000000",69,NA,NA,2,NA,NA
"251994000000",53,NA,1,2,NA,0
"251994000000",40,NA,3,7,NA,NA
"251995000000",NA,NA,NA,NA,NA,NA
"251996000000",78,NA,3,2,NA,0
"252000000000",40,NA,NA,7,NA,0
"252001000000",50,NA,3,1,NA,NA
"252001000000",51,NA,NA,2,NA,0
"252002000000",41,NA,4,1,NA,0
"252005000000",42,NA,3,2,NA,0
"252017000000",67,NA,NA,2,NA,0
"252028000000",59,NA,3,1,NA,NA
"252036000000",NA,NA,NA,NA,NA,NA
"252036000000",57,NA,NA,2,NA,0
"252039000000",35,NA,NA,2,NA,0
"252044000000",64,58,NA,7,7,2
"252044000000",64,58,NA,7,7,2
"252055000000",44,34,3,2,2,9
"252060000000",48,47,1,2,2,0
"252071000000",NA,NA,3,NA,NA,NA
"252075000000",68,NA,3,2,NA,0
"252075000000",53,NA,NA,2,NA,NA
"252076000000",77,NA,3,2,NA,0
"252079000000",47,43,NA,2,2,0
"252081000000",NA,NA,NA,NA,NA,NA
"252090000000",35,NA,3,2,NA,0
"252091000000",67,NA,3,2,NA,0
"252092000000",64,NA,NA,2,NA,0
"252094000000",50,56,NA,2,7,0
"252105000000",41,NA,3,2,NA,0
"252113000000",67,NA,NA,7,NA,NA
"252120000000",52,NA,3,2,NA,0
"252124000000",57,NA,NA,2,NA,0
"252150000000",61,NA,3,7,NA,0
"252150000000",52,NA,3,7,NA,NA
"252152000000",57,NA,3,2,NA,0
"252162000000",56,NA,NA,7,NA,NA
"252169000000",54,52,1,1,1,0
"252176000000",58,NA,3,7,NA,0
"252177000000",39,41,3,7,7,3
"252178000000",NA,NA,NA,NA,NA,NA
"252180000000",NA,NA,NA,NA,NA,NA
"252182000000",62,55,1,2,2,9
"252184000000",55,NA,3,7,NA,0
"252186000000",52,53,1,7,7,0
"252186000000",57,NA,NA,2,NA,0
"252187000000",51,NA,1,2,NA,0
"252194000000",48,51,1,7,7,0
"260108000000",59,NA,3,7,NA,9
"260111000000",58,52,1,2,2,0
"260117000000",44,50,1,1,1,9
"260137000000",67,NA,1,7,NA,0
"260144000000",63,78,3,7,7,3
"260159000000",49,NA,3,2,NA,9
"260165000000",55,56,NA,7,7,2
"260165000000",43,NA,3,2,NA,0
"260170000000",NA,NA,NA,NA,NA,NA
"260175000000",46,50,1,1,1,0
"260177000000",48,NA,3,2,NA,0
"260182000000",53,NA,3,7,NA,NA
"260185000000",63,62,1,2,2,0
"260197000000",NA,NA,NA,NA,NA,NA
"260200000000",36,36,NA,1,1,1
"260209000000",NA,NA,NA,NA,NA,NA
"260213000000",66,NA,NA,7,NA,0
"260231000000",31,28,1,7,7,0
"260231000000",31,28,1,7,7,0
"260247000000",49,NA,1,7,NA,NA
"260250000000",43,46,1,1,1,0
"260256000000",38,NA,3,2,NA,0
"260260000000",61,NA,NA,1,NA,0
"260264000000",70,NA,3,7,NA,NA
"260277000000",NA,NA,NA,NA,NA,NA
"260282000000",41,NA,3,2,NA,0
"260288000000",51,45,2,1,1,1
"260293000000",42,45,1,7,7,0
"260317000000",49,39,NA,7,7,3
"260506000000",NA,NA,NA,NA,NA,9
"260506000000",53,NA,3,2,NA,9
"260543000000",NA,NA,NA,NA,NA,NA
"260548000000",49,51,3,1,1,0
"260553000000",NA,NA,3,NA,NA,NA
"260565000000",74,NA,NA,1,NA,0
"260598000000",43,NA,3,1,NA,0
"260602000000",40,NA,3,2,NA,0
"260612000000",63,59,NA,2,2,2
"260645000000",NA,NA,NA,NA,NA,NA
"260659000000",42,44,1,2,2,0
"260698000000",44,NA,NA,2,NA,0
"260804000000",37,NA,3,2,NA,NA
"260810000000",50,NA,NA,2,NA,0
"260826000000",74,NA,3,7,NA,0
"260838000000",62,NA,3,2,NA,0
"260845000000",64,68,NA,7,7,0
"260862000000",57,NA,4,2,NA,0
"260862000000",45,NA,3,2,NA,0
"260876000000",42,NA,3,7,NA,NA
"260897000000",36,NA,NA,2,NA,0
"260905000000",52,NA,NA,7,NA,NA
"260931000000",NA,NA,NA,NA,NA,NA
"260950000000",69,NA,3,1,NA,0
"260954000000",44,NA,3,2,NA,NA
"260965000000",39,NA,3,7,NA,0
"261133000000",50,50,1,1,1,9
"261136000000",53,NA,3,7,NA,NA
"261166000000",34,NA,4,1,NA,0
"261184000000",49,48,1,1,7,0
"261188000000",NA,NA,NA,NA,NA,9
"261191000000",47,NA,NA,7,NA,NA
"261231000000",40,41,1,7,7,3
"261234000000",57,NA,NA,2,NA,0
"261255000000",NA,NA,NA,NA,NA,NA
"261260000000",46,NA,1,2,NA,NA
"261288000000",NA,NA,NA,NA,NA,NA
"261314000000",56,NA,NA,2,NA,0
"261383000000",43,57,NA,2,2,0
"261401000000",73,70,1,2,2,0
"261418000000",49,NA,1,7,NA,NA
"261437000000",46,NA,3,2,NA,0
"261469000000",60,65,1,7,7,3
"261477000000",65,NA,NA,7,NA,9
"261569000000",62,NA,NA,2,NA,0
"261596000000",41,NA,3,7,NA,NA
"261616000000",NA,NA,3,NA,NA,NA
"261617000000",48,NA,NA,7,NA,NA
"261643000000",53,NA,3,7,NA,NA
"261661000000",NA,NA,NA,NA,NA,NA
"261699000000",52,NA,1,2,NA,9
"261738000000",59,72,NA,2,2,0
"261773000000",57,NA,NA,2,NA,0
"261790000000",52,NA,NA,7,NA,NA
"261804000000",50,56,1,2,2,0
"261850000000",46,NA,3,2,NA,0
"261850000000",65,NA,3,1,NA,9
"261999000000",62,59,NA,7,7,2
"262004000000",55,NA,3,7,NA,NA
"262018000000",52,NA,NA,2,NA,9
"262047000000",61,NA,NA,1,NA,0
"262202000000",60,NA,NA,2,NA,0
"262204000000",56,NA,NA,2,NA,0
"262204000000",61,62,2,2,2,0
"262204000000",61,62,NA,2,2,0
"262222000000",51,NA,3,7,NA,0
"262244000000",53,NA,3,7,NA,0
"262249000000",44,NA,3,2,NA,0
"262259000000",52,NA,3,2,NA,0
"262265000000",NA,NA,NA,NA,NA,NA
"262269000000",52,NA,3,2,NA,0
"262296000000",72,NA,NA,7,NA,NA
"262301000000",NA,NA,NA,NA,NA,NA
"262307000000",58,NA,NA,2,NA,0
"262312000000",57,NA,NA,2,NA,NA
"262312000000",59,58,1,7,1,0
"262322000000",42,49,3,7,7,3
"262327000000",45,NA,NA,7,NA,9
"262343000000",38,50,NA,2,2,0
"262345000000",NA,NA,NA,NA,NA,NA
"262349000000",57,NA,2,2,NA,0
"262356000000",56,NA,NA,2,NA,0
"262362000000",39,NA,3,7,NA,0
"262367000000",50,NA,3,2,NA,0
"262367000000",50,NA,3,2,NA,0
"262405000000",74,78,NA,2,2,0
"262418000000",45,NA,3,2,NA,0
"262429000000",64,NA,3,2,NA,0
"262432000000",47,NA,NA,2,NA,0
"262458000000",45,43,NA,2,2,0
"262463000000",54,NA,NA,2,NA,0
"262464000000",48,NA,NA,2,NA,0
"262467000000",59,NA,3,2,NA,0
"262468000000",50,56,NA,1,1,0
"262478000000",51,NA,3,2,NA,0
"262485000000",50,NA,3,2,NA,0
"262499000000",80,NA,NA,2,NA,0
"262526000000",69,NA,3,2,NA,NA
"262527000000",54,NA,1,2,NA,0
"262537000000",51,NA,NA,2,NA,0
"262542000000",52,51,NA,2,2,0
"262549000000",34,39,1,1,1,1
"262555000000",64,57,NA,7,7,0
"262604000000",45,53,3,2,2,0
"262623000000",66,NA,NA,2,NA,0
"262624000000",46,NA,NA,7,NA,9
"262631000000",45,NA,NA,2,NA,0
"262639000000",44,NA,3,7,NA,NA
"262647000000",48,49,NA,7,7,3
"262654000000",61,NA,1,7,NA,NA
"262659000000",60,NA,3,7,NA,0
"262677000000",53,NA,3,2,NA,0
"262677000000",44,NA,3,2,NA,0
"262680000000",59,51,3,2,2,0
"262681000000",45,47,1,2,2,0
